group,author,book,chunk_id,word_count,n_words,n_sentences,yules_k,simpsons_d,ttr,mattr_100,mean_word_length,mean_sentence_length,std_sentence_length,function_word_ratio,stopword_ratio,mean_dependency_distance,mean_tree_depth,mean_branching_factor
baseline,chico_xavier,pinga_fogo_tv_tupi_1971,baseline_chico_xavier_pinga_fogo_000,1000,984,28,94.87160420384691,0.009496811651738084,0.4603658536585366,0.7167796610169492,5.04979674796748,35.142857142857146,30.92122974559052,0.5,0.5650406504065041,3.614420062695925,5.857142857142857,1.0660569105691058
baseline,chico_xavier,pinga_fogo_tv_tupi_1971,baseline_chico_xavier_pinga_fogo_001,1000,982,46,89.22312417818078,0.008931407537510044,0.4775967413441955,0.7336013590033975,4.893075356415479,21.347826086956523,15.447269902737347,0.48676171079429736,0.5692464358452138,2.8685897435897436,4.5,1.0743380855397149
baseline,chico_xavier,pinga_fogo_tv_tupi_1971,baseline_chico_xavier_pinga_fogo_002,1000,993,41,89.46817044589062,0.008955836013384011,0.4390735146022155,0.7147986577181208,5.0110775427995975,24.21951219512195,18.862160074839668,0.486404833836858,0.5770392749244713,2.880377754459601,5.073170731707317,1.0866062437059416
baseline,chico_xavier,pinga_fogo_tv_tupi_1971,baseline_chico_xavier_pinga_fogo_003,1000,995,29,92.60372212822908,0.009269688482654722,0.44120603015075377,0.7016517857142858,5.016080402010051,34.310344827586206,29.398690386355955,0.5125628140703518,0.5738693467336683,3.269151138716356,6.068965517241379,1.0693467336683418
baseline,chico_xavier,pinga_fogo_tv_tupi_1971,baseline_chico_xavier_pinga_fogo_004,1000,994,40,95.78598350667384,0.009588244471866446,0.4305835010060362,0.7087039106145251,4.569416498993964,24.85,24.39625995926425,0.5050301810865191,0.5895372233400402,2.851153039832285,5.0,1.067404426559356
baseline,chico_xavier,pinga_fogo_tv_tupi_1971,baseline_chico_xavier_pinga_fogo_005,1000,1000,41,81.12,0.00812012012012012,0.427,0.720377358490566,5.115,24.390243902439025,18.09443796602606,0.494,0.57,2.9770594369134513,4.682926829268292,1.079
baseline,chico_xavier,pinga_fogo_tv_tupi_1971,baseline_chico_xavier_pinga_fogo_006,1000,986,42,78.87298445992371,0.007895305855582211,0.4918864097363083,0.7500676437429539,5.0628803245436105,23.476190476190474,27.32628082236524,0.4726166328600406,0.5557809330628803,3.3582718651211803,4.5476190476190474,1.0588235294117647
baseline,chico_xavier,pinga_fogo_tv_tupi_1971,baseline_chico_xavier_pinga_fogo_007,1000,992,32,88.89665712799167,0.008898636112105725,0.45463709677419356,0.7434154535274355,5.168346774193548,31.0,28.126944377233727,0.4889112903225806,0.5473790322580645,3.30625,5.4375,1.0383064516129032
baseline,chico_xavier,pinga_fogo_tv_tupi_1971,baseline_chico_xavier_pinga_fogo_008,1000,996,43,89.8977435847809,0.008998809307582087,0.46987951807228917,0.7095763656633222,5.097389558232932,23.162790697674417,17.098796683566942,0.48694779116465864,0.5461847389558233,3.1836306400839454,4.837209302325581,1.0632530120481927
baseline,chico_xavier,pinga_fogo_tv_tupi_1971,baseline_chico_xavier_pinga_fogo_009,1000,989,33,89.35499800126978,0.008944543828264758,0.4236602628918099,0.7018089887640448,5.1850353892821035,29.96969696969697,20.675684516146084,0.5015166835187057,0.5480283114256825,3.1799163179916317,5.424242424242424,1.0677451971688574
baseline,chico_xavier,pinga_fogo_tv_tupi_1971,baseline_chico_xavier_pinga_fogo_010,1000,996,44,91.7928743084789,0.009188512845351254,0.4387550200803213,0.7056744704570792,4.868473895582329,22.636363636363637,20.90573095533518,0.5291164658634538,0.5833333333333334,3.1418067226890756,4.4772727272727275,1.0602409638554218
baseline,chico_xavier,pinga_fogo_tv_tupi_1971,baseline_chico_xavier_pinga_fogo_011,1000,991,40,81.35785133812792,0.008144003098594421,0.46215943491422806,0.7338789237668161,5.1685166498486375,24.775,21.507542281720614,0.4651866801210898,0.5509586276488395,2.7710084033613445,5.125,1.0635721493440968
baseline,chico_xavier,pinga_fogo_tv_tupi_1971,baseline_chico_xavier_pinga_fogo_012,1000,996,27,101.06691827551168,0.010116849306774839,0.46686746987951805,0.7305128205128205,5.06425702811245,36.888888888888886,27.3676388152319,0.48895582329317266,0.5471887550200804,3.168041237113402,5.703703703703703,1.0572289156626506
baseline,chico_xavier,pinga_fogo_tv_tupi_1971,baseline_chico_xavier_pinga_fogo_013,1000,988,46,80.33650772836795,0.00804179023663906,0.4665991902834008,0.7335433070866142,4.722672064777328,21.47826086956522,16.700350335344808,0.4888663967611336,0.590080971659919,2.725053078556263,4.913043478260869,1.062753036437247
baseline,chico_xavier,pinga_fogo_tv_tupi_1971,baseline_chico_xavier_pinga_fogo_014,1000,990,37,89.99081726354454,0.009008180898979685,0.4484848484848485,0.711257014590348,5.061616161616161,26.756756756756758,20.148644116953466,0.48787878787878786,0.5545454545454546,2.930890052356021,5.8108108108108105,1.0535353535353535
baseline,chico_xavier,pinga_fogo_tv_tupi_1971,baseline_chico_xavier_pinga_fogo_015,1000,989,53,82.9345244606751,0.008301846628705232,0.46309403437815977,0.7376067415730337,4.734074823053589,18.660377358490567,18.563448968159165,0.4924165824064712,0.5722952477249748,2.8986125933831377,4.132075471698113,1.0717896865520729
baseline,chico_xavier,pinga_fogo_tv_tupi_1971,baseline_chico_xavier_pinga_fogo_016,1000,992,34,87.88046305931321,0.008796914162950425,0.45060483870967744,0.7463605823068309,4.944556451612903,29.176470588235293,20.11799105313055,0.501008064516129,0.5907258064516129,3.1011470281543274,5.382352941176471,1.0766129032258065
baseline,chico_xavier,pinga_fogo_tv_tupi_1971,baseline_chico_xavier_pinga_fogo_017,865,862,52,101.85130355672074,0.010196959775365073,0.49071925754060325,0.7299082568807339,4.758700696055684,16.576923076923077,21.538289834480427,0.4709976798143852,0.537122969837587,3.0516605166051662,3.6923076923076925,1.0185614849187936
baseline,chico_xavier,no_mundo_de_chico_xavier_entrevistas__1968,baseline_chico_xavier_no_mundo_de_chico_xavier_entrevistas__1968_000,1000,985,56,74.33327320982247,0.007440881515414139,0.48223350253807107,0.7681151241534988,4.801015228426396,17.589285714285715,13.727939167096794,0.48223350253807107,0.5401015228426396,2.5700534759358287,4.321428571428571,1.099492385786802
baseline,chico_xavier,no_mundo_de_chico_xavier_entrevistas__1968,baseline_chico_xavier_no_mundo_de_chico_xavier_entrevistas__1968_001,1000,951,48,96.32895142751943,0.009643035032375893,0.48370136698212407,0.7340962441314555,4.839116719242902,19.8125,12.997846376098876,0.4647739221871714,0.519453207150368,3.148026315789474,4.3125,1.092534174553102
baseline,chico_xavier,no_mundo_de_chico_xavier_entrevistas__1968,baseline_chico_xavier_no_mundo_de_chico_xavier_entrevistas__1968_002,1000,955,53,115.54507825991612,0.011566619469415083,0.45654450261780105,0.7198948598130841,4.7476439790575915,18.0188679245283,13.803869523171564,0.4848167539267016,0.581151832460733,2.6228070175438596,4.452830188679245,1.0534031413612566
baseline,chico_xavier,no_mundo_de_chico_xavier_entrevistas__1968,baseline_chico_xavier_no_mundo_de_chico_xavier_entrevistas__1968_003,1000,959,51,97.8382721835071,0.00979403998162665,0.4921793534932221,0.7526627906976744,4.748696558915537,18.80392156862745,17.474933989993577,0.4848800834202294,0.5672575599582899,3.054525627044711,4.313725490196078,1.0844629822732013
baseline,chico_xavier,no_mundo_de_chico_xavier_entrevistas__1968,baseline_chico_xavier_no_mundo_de_chico_xavier_entrevistas__1968_004,1000,962,55,96.66711329912994,0.009676770342743288,0.4812889812889813,0.7607647740440324,4.797297297297297,17.490909090909092,13.238885873575377,0.4688149688149688,0.5384615384615384,2.7214363438520133,4.454545454545454,1.0748440748440748
baseline,chico_xavier,no_mundo_de_chico_xavier_entrevistas__1968,baseline_chico_xavier_no_mundo_de_chico_xavier_entrevistas__1968_005,1000,955,54,88.13354897069708,0.008822593214571878,0.4952879581151832,0.7769042056074766,5.016753926701571,17.685185185185187,15.558520440550884,0.4701570680628272,0.5382198952879581,2.647188533627343,4.203703703703703,1.0827225130890052
baseline,chico_xavier,no_mundo_de_chico_xavier_entrevistas__1968,baseline_chico_xavier_no_mundo_de_chico_xavier_entrevistas__1968_006,1000,965,66,75.79263872855647,0.007587126179777697,0.5357512953367876,0.7947344110854504,4.791709844559586,14.621212121212121,10.367146756176238,0.43005181347150256,0.5170984455958549,2.564835164835165,3.803030303030303,1.0735751295336788
baseline,chico_xavier,no_mundo_de_chico_xavier_entrevistas__1968,baseline_chico_xavier_no_mundo_de_chico_xavier_entrevistas__1968_007,1000,957,38,89.81829974155129,0.008991225193793365,0.5203761755485894,0.7680536130536131,5.104493207941484,25.18421052631579,22.53401553109606,0.47335423197492166,0.5256008359456635,3.187566988210075,4.947368421052632,1.0804597701149425
baseline,chico_xavier,no_mundo_de_chico_xavier_entrevistas__1968,baseline_chico_xavier_no_mundo_de_chico_xavier_entrevistas__1968_008,1000,968,37,97.28672904856225,0.00973873358004222,0.493801652892562,0.7526006904487917,4.924586776859504,26.16216216216216,26.661555999191567,0.45867768595041325,0.5278925619834711,3.2198505869797227,4.54054054054054,1.1208677685950412
baseline,chico_xavier,no_mundo_de_chico_xavier_entrevistas__1968,baseline_chico_xavier_no_mundo_de_chico_xavier_entrevistas__1968_009,1000,956,58,87.18334763046866,0.008727463909395605,0.49686192468619245,0.759416569428238,5.126569037656904,16.482758620689655,18.921107880472924,0.4372384937238494,0.5083682008368201,3.0398230088495577,3.6206896551724137,1.1035564853556485
baseline,chico_xavier,no_mundo_de_chico_xavier_entrevistas__1968,baseline_chico_xavier_no_mundo_de_chico_xavier_entrevistas__1968_010,1000,970,33,89.16994367095334,0.00892619663166406,0.47835051546391755,0.7546153846153846,5.137113402061856,29.393939393939394,29.307088183825236,0.46494845360824744,0.5309278350515464,3.1656050955414012,4.848484848484849,1.1
baseline,chico_xavier,no_mundo_de_chico_xavier_entrevistas__1968,baseline_chico_xavier_no_mundo_de_chico_xavier_entrevistas__1968_011,1000,940,43,105.74920778632865,0.010586182675095734,0.5085106382978724,0.7450059453032104,5.029787234042553,21.86046511627907,20.8667771944146,0.44574468085106383,0.5212765957446809,3.1370165745856355,4.093023255813954,1.0861702127659574
baseline,chico_xavier,no_mundo_de_chico_xavier_entrevistas__1968,baseline_chico_xavier_no_mundo_de_chico_xavier_entrevistas__1968_012,1000,950,57,102.11634349030471,0.010222394764572125,0.49473684210526314,0.7394124559341949,5.013684210526316,16.666666666666668,18.920269770464014,0.4473684210526316,0.5010526315789474,2.8922222222222222,3.8771929824561404,1.0842105263157895
baseline,chico_xavier,no_mundo_de_chico_xavier_entrevistas__1968,baseline_chico_xavier_no_mundo_de_chico_xavier_entrevistas__1968_013,1000,969,33,79.66252059457209,0.007974481658692184,0.49226006191950467,0.7840689655172415,5.226006191950464,29.363636363636363,28.327969027113504,0.4520123839009288,0.5159958720330238,3.352187833511206,4.696969696969697,1.1021671826625388
baseline,chico_xavier,no_mundo_de_chico_xavier_entrevistas__1968,baseline_chico_xavier_no_mundo_de_chico_xavier_entrevistas__1968_014,1000,949,45,82.478256186702,0.008256525856664577,0.49420442571127504,0.7570705882352942,5.073761854583773,21.08888888888889,15.934340584929872,0.45100105374077976,0.5005268703898841,2.7434210526315788,4.822222222222222,1.0463645943098
baseline,chico_xavier,no_mundo_de_chico_xavier_entrevistas__1968,baseline_chico_xavier_no_mundo_de_chico_xavier_entrevistas__1968_015,1000,959,32,92.90177789907588,0.009299875261504569,0.5119916579770595,0.7646627906976744,5.151199165797706,29.96875,27.649010351864312,0.4629822732012513,0.5182481751824818,3.5781584582441113,5.0,1.1261730969760166
baseline,chico_xavier,no_mundo_de_chico_xavier_entrevistas__1968,baseline_chico_xavier_no_mundo_de_chico_xavier_entrevistas__1968_016,1000,956,44,93.9234257103342,0.009402177484720366,0.4905857740585774,0.7556592765460912,5.02510460251046,21.727272727272727,18.04333626220701,0.45083682008368203,0.5355648535564853,2.9193899782135078,4.954545454545454,1.1161087866108788
baseline,chico_xavier,no_mundo_de_chico_xavier_entrevistas__1968,baseline_chico_xavier_no_mundo_de_chico_xavier_entrevistas__1968_017,1000,959,42,88.83515044890565,0.008892788025104438,0.5140771637122002,0.7701744186046513,5.033368091762252,22.833333333333332,19.61039164110346,0.443169968717414,0.502606882168926,3.131891891891892,4.619047619047619,1.1167883211678833
baseline,chico_xavier,no_mundo_de_chico_xavier_entrevistas__1968,baseline_chico_xavier_no_mundo_de_chico_xavier_entrevistas__1968_018,1000,962,43,99.28207433404938,0.009938538554563529,0.5166320166320166,0.7540324449594438,5.279625779625779,22.372093023255815,18.850727277085827,0.4261954261954262,0.47193347193347196,2.8994594594594596,4.372093023255814,1.130977130977131
baseline,chico_xavier,no_mundo_de_chico_xavier_entrevistas__1968,baseline_chico_xavier_no_mundo_de_chico_xavier_entrevistas__1968_019,1295,1255,54,78.65271979809845,0.007871544126524205,0.4693227091633466,0.7758737024221453,5.191235059760956,23.24074074074074,36.144225083112666,0.4302788844621514,0.4717131474103586,3.9461474730737365,3.8333333333333335,1.1442231075697211
baseline,chico_xavier,testemunhos_cartas_wantuil__1985,baseline_chico_xavier_testemunhos_cartas_wantuil__1985_000,1000,957,46,99.05563034954451,0.009915924502564236,0.46917450365726227,0.7437179487179487,4.947753396029258,20.804347826086957,14.712638112413527,0.477533960292581,0.5391849529780565,2.8391304347826085,4.804347826086956,1.0950888192267503
baseline,chico_xavier,testemunhos_cartas_wantuil__1985,baseline_chico_xavier_testemunhos_cartas_wantuil__1985_001,1000,974,55,96.55562067555203,0.00966548556402751,0.4486652977412731,0.7616342857142858,4.8726899383983575,17.70909090909091,12.949794982263025,0.47638603696098564,0.553388090349076,2.7572815533980584,4.381818181818182,1.0872689938398357
baseline,chico_xavier,testemunhos_cartas_wantuil__1985,baseline_chico_xavier_testemunhos_cartas_wantuil__1985_002,1000,973,56,95.19091524607359,0.00952888482864502,0.49126413155190135,0.7676887871853546,5.090441932168551,17.375,16.393119745795794,0.47687564234326824,0.5282631038026722,2.6301518438177873,4.357142857142857,1.1038026721479959
baseline,chico_xavier,testemunhos_cartas_wantuil__1985,baseline_chico_xavier_testemunhos_cartas_wantuil__1985_003,1000,947,68,92.23814658416676,0.009233564991036567,0.48996832101372756,0.7457783018867925,4.866948257655755,13.926470588235293,10.795309679331314,0.47940865892291445,0.5353748680042238,2.5977528089887643,3.838235294117647,1.105596620908131
baseline,chico_xavier,testemunhos_cartas_wantuil__1985,baseline_chico_xavier_testemunhos_cartas_wantuil__1985_004,1000,968,47,89.304009288983,0.008939636090148452,0.5020661157024794,0.7509436133486765,5.140495867768595,20.595744680851062,15.137187650860557,0.4659090909090909,0.5092975206611571,2.9989281886387995,4.914893617021277,1.0857438016528926
baseline,chico_xavier,testemunhos_cartas_wantuil__1985,baseline_chico_xavier_testemunhos_cartas_wantuil__1985_005,1000,961,46,98.1244606240681,0.009822667360388485,0.5452653485952134,0.7738399071925754,5.0062434963579605,20.891304347826086,14.445140992689435,0.46514047866805414,0.54630593132154,2.8479913137893593,4.695652173913044,1.1071800208116545
baseline,chico_xavier,testemunhos_cartas_wantuil__1985,baseline_chico_xavier_testemunhos_cartas_wantuil__1985_006,1000,952,42,89.991879104583,0.009008650778923558,0.47058823529411764,0.7714067995310668,5.2289915966386555,22.666666666666668,19.82743009386199,0.4579831932773109,0.532563025210084,3.02835332606325,4.714285714285714,1.1144957983193278
baseline,chico_xavier,testemunhos_cartas_wantuil__1985,baseline_chico_xavier_testemunhos_cartas_wantuil__1985_007,1000,946,47,104.479079600767,0.010458963947336041,0.46617336152219874,0.7378158205430934,5.013742071881607,20.127659574468087,14.31204970864879,0.46511627906976744,0.5274841437632135,2.9571899012074643,5.170212765957447,1.120507399577167
baseline,chico_xavier,testemunhos_cartas_wantuil__1985,baseline_chico_xavier_testemunhos_cartas_wantuil__1985_008,1000,947,60,108.80800705612901,0.010892302609107207,0.4677930306230201,0.7200825471698113,4.70221752903907,15.783333333333333,12.881629900322743,0.4804646251319958,0.5395987328405492,2.6503884572697003,3.9833333333333334,1.1140443505807813
baseline,chico_xavier,testemunhos_cartas_wantuil__1985,baseline_chico_xavier_testemunhos_cartas_wantuil__1985_009,1000,955,63,95.89649406540391,0.009599701449943474,0.4963350785340314,0.7464836448598131,5.017801047120419,15.158730158730158,10.896637531762458,0.4732984293193717,0.5340314136125655,2.4939493949394937,4.158730158730159,1.0638743455497381
baseline,chico_xavier,testemunhos_cartas_wantuil__1985,baseline_chico_xavier_testemunhos_cartas_wantuil__1985_010,1000,959,58,97.01189869095914,0.009711316372090795,0.4932221063607925,0.7690697674418604,5.07924921793535,16.53448275862069,11.838300666206102,0.43274244004171014,0.529718456725756,2.714129244249726,4.155172413793103,1.1011470281543274
baseline,chico_xavier,testemunhos_cartas_wantuil__1985,baseline_chico_xavier_testemunhos_cartas_wantuil__1985_011,1000,960,65,89.0625,0.008915537017726799,0.4625,0.7373751451800232,4.802083333333333,14.76923076923077,9.355819629874528,0.4625,0.5354166666666667,2.7420066152149944,3.876923076923077,1.1020833333333333
baseline,chico_xavier,testemunhos_cartas_wantuil__1985,baseline_chico_xavier_testemunhos_cartas_wantuil__1985_012,1000,972,54,84.61193246286982,0.008469907142524147,0.49691358024691357,0.77524627720504,5.0360082304526745,18.0,13.730204605850508,0.45781893004115226,0.5318930041152263,2.5703463203463204,4.518518518518518,1.0977366255144032
baseline,chico_xavier,testemunhos_cartas_wantuil__1985,baseline_chico_xavier_testemunhos_cartas_wantuil__1985_013,1000,978,64,84.03695200337904,0.008412296730737432,0.532719836400818,0.7730716723549488,4.988752556237219,15.28125,9.881277672320518,0.4621676891615542,0.5337423312883436,2.666306695464363,4.125,1.0838445807770962
baseline,chico_xavier,testemunhos_cartas_wantuil__1985,baseline_chico_xavier_testemunhos_cartas_wantuil__1985_014,1000,976,60,95.61441816715937,0.00957124842370744,0.4948770491803279,0.7537400228050171,4.972336065573771,16.266666666666666,14.545178658999768,0.46209016393442626,0.5461065573770492,2.7589189189189187,3.9833333333333334,1.0922131147540983
baseline,chico_xavier,testemunhos_cartas_wantuil__1985,baseline_chico_xavier_testemunhos_cartas_wantuil__1985_015,1000,940,83,88.72793119058397,0.008882242313008406,0.49042553191489363,0.7631629013079666,4.878723404255319,11.325301204819278,9.402778919835335,0.4723404255319149,0.5446808510638298,2.616265750286369,3.289156626506024,1.1191489361702127
baseline,chico_xavier,testemunhos_cartas_wantuil__1985,baseline_chico_xavier_testemunhos_cartas_wantuil__1985_016,1000,936,96,84.26017240119805,0.008435029023264318,0.5010683760683761,0.7725089605734768,4.910256410256411,9.75,7.951676971976833,0.4497863247863248,0.5331196581196581,2.3819444444444446,3.25,1.1004273504273505
baseline,chico_xavier,testemunhos_cartas_wantuil__1985,baseline_chico_xavier_testemunhos_cartas_wantuil__1985_017,1000,960,62,92.3828125,0.00924791449426486,0.453125,0.7446225319396051,4.98125,15.483870967741936,11.85768015102431,0.4635416666666667,0.528125,2.6483516483516483,4.112903225806452,1.0989583333333333
baseline,chico_xavier,testemunhos_cartas_wantuil__1985,baseline_chico_xavier_testemunhos_cartas_wantuil__1985_018,1000,980,61,84.58975426905457,0.008467615851243459,0.5183673469387755,0.76894438138479,4.989795918367347,16.065573770491802,11.425982545488324,0.4663265306122449,0.5387755102040817,2.5205627705627704,4.344262295081967,1.1061224489795918
baseline,chico_xavier,testemunhos_cartas_wantuil__1985,baseline_chico_xavier_testemunhos_cartas_wantuil__1985_019,1000,960,80,70.96354166666667,0.007103753910323253,0.503125,0.7849361207897793,4.863541666666666,12.0,9.063663718386731,0.45625,0.5510416666666667,2.4109742441209407,3.7375,1.09375
baseline,chico_xavier,testemunhos_cartas_wantuil__1985,baseline_chico_xavier_testemunhos_cartas_wantuil__1985_020,1000,954,71,88.53816436586105,0.008863106905040026,0.48427672955974843,0.7745964912280702,4.89412997903564,13.43661971830986,9.044074232033966,0.449685534591195,0.5293501048218029,2.5555555555555554,3.8732394366197185,1.0943396226415094
baseline,chico_xavier,testemunhos_cartas_wantuil__1985,baseline_chico_xavier_testemunhos_cartas_wantuil__1985_021,1000,952,94,85.13699597486053,0.0085226519629934,0.5031512605042017,0.7537045720984761,5.016806722689076,10.127659574468085,7.392109137528458,0.45483193277310924,0.5367647058823529,2.2904328018223237,3.3404255319148937,1.0861344537815125
baseline,chico_xavier,testemunhos_cartas_wantuil__1985,baseline_chico_xavier_testemunhos_cartas_wantuil__1985_022,1000,947,73,80.70837826114591,0.008079369367156995,0.5237592397043295,0.776002358490566,5.0,12.972602739726028,10.36058469120127,0.43611404435058077,0.5142555438225976,2.537598204264871,3.6986301369863015,1.1013727560718056
baseline,chico_xavier,testemunhos_cartas_wantuil__1985,baseline_chico_xavier_testemunhos_cartas_wantuil__1985_023,1000,966,59,86.8236393486191,0.008691361203188192,0.47619047619047616,0.7643021914648214,4.893374741200828,16.372881355932204,9.714393139598034,0.4668737060041408,0.5507246376811594,2.487486398258977,4.271186440677966,1.0766045548654244
baseline,chico_xavier,testemunhos_cartas_wantuil__1985,baseline_chico_xavier_testemunhos_cartas_wantuil__1985_024,1000,956,68,92.34782304231368,0.009244452233345747,0.5010460251046025,0.760630105017503,4.870292887029288,14.058823529411764,12.633850832236824,0.4686192468619247,0.5397489539748954,2.7032115171650055,3.838235294117647,1.102510460251046
baseline,chico_xavier,testemunhos_cartas_wantuil__1985,baseline_chico_xavier_testemunhos_cartas_wantuil__1985_025,1000,968,81,94.7467727614234,0.009484475287803294,0.49586776859504134,0.748078250863061,4.792355371900826,11.950617283950617,9.158280655081068,0.4607438016528926,0.5371900826446281,2.4543429844097995,3.567901234567901,1.09400826446281
baseline,chico_xavier,testemunhos_cartas_wantuil__1985,baseline_chico_xavier_testemunhos_cartas_wantuil__1985_026,1000,954,83,82.9564582976236,0.008304350599783097,0.5241090146750524,0.7803391812865497,5.033542976939203,11.493975903614459,8.935341356436576,0.449685534591195,0.5062893081761006,2.4029345372460496,3.4216867469879517,1.09958071278826
baseline,chico_xavier,testemunhos_cartas_wantuil__1985,baseline_chico_xavier_testemunhos_cartas_wantuil__1985_027,1000,944,64,106.94215024418271,0.01070555565540917,0.4851694915254237,0.7484378698224853,4.848516949152542,14.75,9.805929328727593,0.4682203389830508,0.524364406779661,2.696629213483146,3.921875,1.0985169491525424
baseline,chico_xavier,testemunhos_cartas_wantuil__1985,baseline_chico_xavier_testemunhos_cartas_wantuil__1985_028,1000,959,77,85.29044309929203,0.008537947278937481,0.4640250260688217,0.7597906976744186,4.897810218978102,12.454545454545455,9.056167381985123,0.45255474452554745,0.556830031282586,2.4235955056179774,3.5584415584415585,1.1115745568300313
baseline,chico_xavier,testemunhos_cartas_wantuil__1985,baseline_chico_xavier_testemunhos_cartas_wantuil__1985_029,1000,952,72,104.64479909610903,0.01047548356882185,0.4789915966386555,0.7490621336459554,4.671218487394958,13.222222222222221,11.762962379886169,0.47689075630252103,0.5273109243697479,2.7155555555555555,3.7916666666666665,1.1050420168067228
baseline,chico_xavier,testemunhos_cartas_wantuil__1985,baseline_chico_xavier_testemunhos_cartas_wantuil__1985_030,1000,970,70,87.3844191731321,0.008747459917227878,0.5154639175257731,0.7767278989667049,5.0484536082474225,13.857142857142858,8.142105228441867,0.4639175257731959,0.5391752577319587,2.341758241758242,3.9714285714285715,1.0752577319587628
baseline,chico_xavier,testemunhos_cartas_wantuil__1985,baseline_chico_xavier_testemunhos_cartas_wantuil__1985_031,1000,966,60,95.67532116816481,0.009577446657870177,0.5072463768115942,0.7592848904267591,4.934782608695652,16.1,12.00097218284141,0.458592132505176,0.5300207039337475,2.6349726775956284,4.266666666666667,1.098343685300207
baseline,chico_xavier,testemunhos_cartas_wantuil__1985,baseline_chico_xavier_testemunhos_cartas_wantuil__1985_032,1000,972,57,87.10985791461329,0.008719956940577148,0.5020576131687243,0.752852233676976,5.060699588477366,17.05263157894737,13.296116109642997,0.43415637860082307,0.5216049382716049,3.125,4.175438596491228,1.131687242798354
baseline,chico_xavier,testemunhos_cartas_wantuil__1985,baseline_chico_xavier_testemunhos_cartas_wantuil__1985_033,1000,973,55,90.86021448587717,0.009095369207279679,0.4881808838643371,0.7697368421052632,5.011305241521069,17.69090909090909,11.303857309902874,0.4748201438848921,0.5529290853031861,2.537878787878788,4.618181818181818,1.0894141829393629
baseline,chico_xavier,testemunhos_cartas_wantuil__1985,baseline_chico_xavier_testemunhos_cartas_wantuil__1985_034,1000,964,71,86.68927876586147,0.008677929878534834,0.533195020746888,0.755907514450867,5.191908713692946,13.577464788732394,9.41778654631006,0.4616182572614108,0.5031120331950207,2.547065337763012,3.7746478873239435,1.1255186721991701
baseline,chico_xavier,testemunhos_cartas_wantuil__1985,baseline_chico_xavier_testemunhos_cartas_wantuil__1985_035,1000,951,85,100.13257393567676,0.010023797664508274,0.4889589905362776,0.750774647887324,4.715036803364879,11.188235294117646,9.018274411238625,0.48475289169295477,0.5404837013669821,2.3503981797497158,3.4705882352941178,1.064143007360673
baseline,chico_xavier,testemunhos_cartas_wantuil__1985,baseline_chico_xavier_testemunhos_cartas_wantuil__1985_036,1000,968,45,93.74359674885595,0.009384053945490441,0.48863636363636365,0.7636823935558114,5.018595041322314,21.511111111111113,17.313607008775524,0.47520661157024796,0.5444214876033058,2.9816414686825055,4.777777777777778,1.1177685950413223
baseline,chico_xavier,testemunhos_cartas_wantuil__1985,baseline_chico_xavier_testemunhos_cartas_wantuil__1985_037,1000,972,59,102.01273518603195,0.010211779464554382,0.49588477366255146,0.7341008018327605,4.861111111111111,16.47457627118644,13.708040362618055,0.4773662551440329,0.5576131687242798,2.814935064935065,4.254237288135593,1.0925925925925926
baseline,chico_xavier,testemunhos_cartas_wantuil__1985,baseline_chico_xavier_testemunhos_cartas_wantuil__1985_038,1000,944,86,86.63099683998851,0.00867228642809641,0.4957627118644068,0.7595384615384616,4.930084745762712,10.976744186046512,8.7643261381289,0.4502118644067797,0.548728813559322,2.6287015945330294,3.2790697674418605,1.117584745762712
baseline,chico_xavier,testemunhos_cartas_wantuil__1985,baseline_chico_xavier_testemunhos_cartas_wantuil__1985_039,1000,950,79,94.6038781163435,0.00947035660806389,0.4694736842105263,0.7484958871915394,4.683157894736842,12.025316455696203,9.309005689394128,0.4747368421052632,0.5547368421052632,2.4377104377104377,3.518987341772152,1.0747368421052632
baseline,chico_xavier,testemunhos_cartas_wantuil__1985,baseline_chico_xavier_testemunhos_cartas_wantuil__1985_040,1000,940,84,86.73607967406066,0.008682845036593933,0.5106382978723404,0.7755172413793104,4.745744680851064,11.19047619047619,8.656784004296986,0.474468085106383,0.5361702127659574,2.343927355278093,3.630952380952381,1.0553191489361702
baseline,chico_xavier,testemunhos_cartas_wantuil__1985,baseline_chico_xavier_testemunhos_cartas_wantuil__1985_041,1000,957,68,88.63906604691385,0.008873178473524744,0.5026123301985371,0.7554778554778555,5.06269592476489,14.073529411764707,10.256011402889223,0.4503657262277952,0.509926854754441,2.49060773480663,4.0588235294117645,1.1003134796238245
baseline,chico_xavier,testemunhos_cartas_wantuil__1985,baseline_chico_xavier_testemunhos_cartas_wantuil__1985_042,1000,945,67,107.20864477478234,0.010732221325441665,0.47724867724867726,0.7288888888888887,4.794708994708995,14.104477611940299,9.890647366281222,0.4804232804232804,0.5301587301587302,2.555056179775281,3.9402985074626864,1.0973544973544973
baseline,chico_xavier,testemunhos_cartas_wantuil__1985,baseline_chico_xavier_testemunhos_cartas_wantuil__1985_043,1000,954,55,91.65864571109617,0.009175482477270278,0.5031446540880503,0.7603391812865499,4.79664570230608,17.345454545454544,17.941539593223503,0.44863731656184486,0.519916142557652,3.058434399117971,4.181818181818182,1.110062893081761
baseline,chico_xavier,testemunhos_cartas_wantuil__1985,baseline_chico_xavier_testemunhos_cartas_wantuil__1985_044,1000,953,76,80.90648738341065,0.008099147318948566,0.5267576075550892,0.7863934426229509,5.036726128016789,12.539473684210526,9.82001284900232,0.44176285414480587,0.5036726128016789,2.420289855072464,4.092105263157895,1.1038824763903463
baseline,chico_xavier,testemunhos_cartas_wantuil__1985,baseline_chico_xavier_testemunhos_cartas_wantuil__1985_045,1000,949,69,91.18355409332213,0.009127973927696487,0.49209694415173866,0.758670588235294,4.880927291886196,13.753623188405797,13.46967156577684,0.4594309799789252,0.5089567966280295,2.9563269876819707,3.8840579710144927,1.106427818756586
baseline,chico_xavier,testemunhos_cartas_wantuil__1985,baseline_chico_xavier_testemunhos_cartas_wantuil__1985_046,1000,958,75,72.41513068719192,0.007249079958028198,0.5375782881002088,0.7865424912689173,4.974947807933194,12.773333333333333,9.588289153383354,0.44258872651356995,0.5020876826722338,2.4593993325917687,3.7333333333333334,1.0657620041753653
baseline,chico_xavier,testemunhos_cartas_wantuil__1985,baseline_chico_xavier_testemunhos_cartas_wantuil__1985_047,1000,948,63,80.4491801527533,0.00805341317685429,0.5284810126582279,0.7935335689045937,5.0210970464135025,15.047619047619047,16.170155314730106,0.42616033755274263,0.49261603375527424,2.9093959731543624,3.8412698412698414,1.119198312236287
baseline,chico_xavier,testemunhos_cartas_wantuil__1985,baseline_chico_xavier_testemunhos_cartas_wantuil__1985_048,1000,942,71,84.70030337043198,0.008479031431981606,0.4819532908704883,0.7495136417556345,4.754777070063694,13.267605633802816,10.121734732017053,0.46284501061571126,0.5222929936305732,2.6746302616609783,3.5774647887323945,1.1199575371549895
baseline,chico_xavier,testemunhos_cartas_wantuil__1985,baseline_chico_xavier_testemunhos_cartas_wantuil__1985_049,1000,934,81,88.35842247889623,0.008845312603996685,0.49571734475374735,0.7468862275449102,4.747323340471092,11.530864197530864,11.766332405023594,0.4743040685224839,0.5460385438972163,2.510204081632653,3.382716049382716,1.0620985010706638
baseline,chico_xavier,testemunhos_cartas_wantuil__1985,baseline_chico_xavier_testemunhos_cartas_wantuil__1985_050,1000,964,73,81.7177734543138,0.008180263095530478,0.5280082987551867,0.7764508670520232,5.074688796680498,13.205479452054794,11.285775874918517,0.4139004149377593,0.504149377593361,2.6784140969162995,3.6164383561643834,1.1016597510373445
baseline,chico_xavier,testemunhos_cartas_wantuil__1985,baseline_chico_xavier_testemunhos_cartas_wantuil__1985_051,1000,944,73,72.06531887388681,0.007214174020885382,0.5148305084745762,0.7705443786982248,5.163135593220339,12.931506849315069,12.533056309980067,0.4216101694915254,0.4947033898305085,2.7993273542600896,3.5205479452054793,1.1483050847457628
baseline,chico_xavier,testemunhos_cartas_wantuil__1985,baseline_chico_xavier_testemunhos_cartas_wantuil__1985_052,1000,970,50,96.92847273886704,0.009702850212249849,0.5144329896907216,0.7605510907003445,5.064948453608247,19.4,16.32789024950866,0.4731958762886598,0.5237113402061856,2.8885316184351555,4.44,1.1030927835051547
baseline,chico_xavier,testemunhos_cartas_wantuil__1985,baseline_chico_xavier_testemunhos_cartas_wantuil__1985_053,1000,948,76,88.77227652263704,0.008886601704694817,0.5210970464135021,0.7514958775029447,4.889240506329114,12.473684210526315,10.358664926435827,0.45675105485232065,0.5242616033755274,2.566591422121896,3.5526315789473686,1.1244725738396624
baseline,chico_xavier,testemunhos_cartas_wantuil__1985,baseline_chico_xavier_testemunhos_cartas_wantuil__1985_054,1000,957,65,90.40791658887,0.009050248553927677,0.5088819226750261,0.7771678321678321,5.051201671891327,14.723076923076922,11.370011423183074,0.46290491118077326,0.5256008359456635,2.4552486187845304,4.046153846153846,1.0752351097178683
baseline,chico_xavier,testemunhos_cartas_wantuil__1985,baseline_chico_xavier_testemunhos_cartas_wantuil__1985_055,1000,944,64,93.99238724504453,0.009409206103851753,0.4957627118644068,0.7638579881656805,4.794491525423729,14.75,12.101136310280948,0.4777542372881356,0.5572033898305084,2.501123595505618,4.125,1.0773305084745763
baseline,chico_xavier,testemunhos_cartas_wantuil__1985,baseline_chico_xavier_testemunhos_cartas_wantuil__1985_056,1000,952,68,84.76184591483653,0.00848509750903516,0.5115546218487395,0.7598241500586166,4.71953781512605,14.0,13.490737563232042,0.4569327731092437,0.5367647058823529,2.618994413407821,3.6470588235294117,1.101890756302521
baseline,chico_xavier,testemunhos_cartas_wantuil__1985,baseline_chico_xavier_testemunhos_cartas_wantuil__1985_057,1000,935,70,77.34850867911578,0.00774313229282369,0.5187165775401069,0.7708014354066987,4.850267379679145,13.357142857142858,10.537058025688893,0.46310160427807484,0.5379679144385027,2.5681818181818183,3.6285714285714286,1.1176470588235294
baseline,chico_xavier,testemunhos_cartas_wantuil__1985,baseline_chico_xavier_testemunhos_cartas_wantuil__1985_058,1000,957,70,95.51792926563222,0.009561784341758372,0.4754440961337513,0.7465850815850816,4.743991640543364,13.67142857142857,9.995315229176729,0.47439916405433646,0.5381400208986415,2.4017758046614874,3.857142857142857,1.0543364681295715
baseline,chico_xavier,testemunhos_cartas_wantuil__1985,baseline_chico_xavier_testemunhos_cartas_wantuil__1985_059,1000,970,64,98.01254118397279,0.009811368931728959,0.5247422680412371,0.7610218140068886,4.943298969072165,15.15625,10.248809000927864,0.477319587628866,0.5402061855670103,2.609170305676856,4.0,1.0711340206185567
baseline,chico_xavier,testemunhos_cartas_wantuil__1985,baseline_chico_xavier_testemunhos_cartas_wantuil__1985_060,1000,969,68,88.7363798922426,0.008882804970618087,0.5098039215686274,0.7560114942528736,4.992776057791538,14.25,11.110904818346386,0.4613003095975232,0.5232198142414861,2.545157780195865,3.8823529411764706,1.0918472652218782
baseline,chico_xavier,testemunhos_cartas_wantuil__1985,baseline_chico_xavier_testemunhos_cartas_wantuil__1985_061,1000,929,73,92.23200288282943,0.009233139081697041,0.527448869752422,0.7784096385542167,4.946178686759957,12.726027397260275,11.247234392449615,0.46932185145317545,0.5252960172228203,2.72127417519909,3.7260273972602738,1.1108719052744886
baseline,chico_xavier,testemunhos_cartas_wantuil__1985,baseline_chico_xavier_testemunhos_cartas_wantuil__1985_062,1000,964,63,94.00664589108314,0.00941042644226419,0.48132780082987553,0.7629595375722544,5.004149377593361,15.301587301587302,11.496907687259323,0.45020746887966806,0.5228215767634855,2.7047200878155873,4.0476190476190474,1.1130705394190872
baseline,chico_xavier,testemunhos_cartas_wantuil__1985,baseline_chico_xavier_testemunhos_cartas_wantuil__1985_063,1000,956,80,84.18532588715183,0.008427347806085566,0.47280334728033474,0.762193698949825,4.917364016736402,11.95,10.923483876492883,0.45502092050209203,0.5209205020920502,2.453229398663697,3.5125,1.0857740585774058
baseline,chico_xavier,testemunhos_cartas_wantuil__1985,baseline_chico_xavier_testemunhos_cartas_wantuil__1985_064,1000,951,50,94.91365002913531,0.009501355913442913,0.480546792849632,0.7591079812206573,5.1440588853838065,19.02,16.605408757389863,0.45531019978969506,0.5184016824395373,2.823658269441402,4.36,1.1009463722397477
baseline,chico_xavier,testemunhos_cartas_wantuil__1985,baseline_chico_xavier_testemunhos_cartas_wantuil__1985_065,1000,960,52,92.7734375,0.00928701772679875,0.475,0.7422880371660859,5.066666666666666,18.46153846153846,11.700528486521682,0.45416666666666666,0.5260416666666666,2.8491803278688526,4.365384615384615,1.10625
baseline,chico_xavier,testemunhos_cartas_wantuil__1985,baseline_chico_xavier_testemunhos_cartas_wantuil__1985_066,1000,960,53,87.71701388888889,0.008780848105665625,0.46145833333333336,0.7626016260162604,4.938541666666667,18.11320754716981,12.937674074823423,0.45625,0.5010416666666667,2.728665207877462,4.452830188679245,1.1229166666666666
baseline,chico_xavier,testemunhos_cartas_wantuil__1985,baseline_chico_xavier_testemunhos_cartas_wantuil__1985_067,1000,957,64,101.4796107218548,0.010158576094227515,0.4942528735632184,0.7544172494172494,5.027168234064786,14.953125,15.020225621953054,0.45454545454545453,0.509926854754441,2.7839643652561246,4.0,1.1170323928944619
baseline,chico_xavier,testemunhos_cartas_wantuil__1985,baseline_chico_xavier_testemunhos_cartas_wantuil__1985_068,1000,940,82,79.83250339520144,0.007991752203566493,0.48936170212765956,0.7743043995243758,4.976595744680851,11.463414634146341,7.769852812667531,0.4329787234042553,0.5031914893617021,2.3107019562715765,3.7560975609756095,1.1180851063829786
baseline,chico_xavier,testemunhos_cartas_wantuil__1985,baseline_chico_xavier_testemunhos_cartas_wantuil__1985_069,1000,933,76,89.60480833186864,0.00897009508300788,0.5016077170418006,0.762757793764988,4.963558413719185,12.276315789473685,8.11690679386409,0.4683815648445874,0.5187566988210075,2.432,3.6052631578947367,1.0793140407288317
baseline,chico_xavier,testemunhos_cartas_wantuil__1985,baseline_chico_xavier_testemunhos_cartas_wantuil__1985_070,1000,971,60,91.17125793214339,0.009126524891970229,0.47579814624098865,0.7540366972477064,4.836251287332646,16.183333333333334,10.660662372583714,0.4799176107106076,0.5509783728115345,2.5782608695652174,4.283333333333333,1.062821833161689
baseline,chico_xavier,testemunhos_cartas_wantuil__1985,baseline_chico_xavier_testemunhos_cartas_wantuil__1985_071,1000,963,45,98.66622671234428,0.009876879035757541,0.490134994807892,0.7668055555555555,4.871235721703012,21.4,14.938987025007195,0.4672897196261682,0.5514018691588785,2.6846652267818576,5.177777777777778,1.0924195223260644
baseline,chico_xavier,testemunhos_cartas_wantuil__1985,baseline_chico_xavier_testemunhos_cartas_wantuil__1985_072,1000,974,70,84.98159540243455,0.008506893517160458,0.5205338809034907,0.7670742857142856,4.967145790554415,13.914285714285715,11.969894207842392,0.4753593429158111,0.5328542094455853,2.6072210065645516,3.7714285714285714,1.1149897330595482
baseline,chico_xavier,testemunhos_cartas_wantuil__1985,baseline_chico_xavier_testemunhos_cartas_wantuil__1985_073,1000,963,62,90.60039746853734,0.009069457667588508,0.45586708203530635,0.749085648148148,4.7860851505711315,15.53225806451613,11.963274098640772,0.4735202492211838,0.5524402907580478,2.636963696369637,4.016129032258065,1.0768431983385254
baseline,chico_xavier,testemunhos_cartas_wantuil__1985,baseline_chico_xavier_testemunhos_cartas_wantuil__1985_074,1000,963,47,99.33478475126945,0.0099438043363277,0.46002076843198336,0.7231828703703703,5.073727933541018,20.48936170212766,11.788693357702435,0.4683281412253375,0.5264797507788161,2.7294372294372296,4.595744680851064,1.1079958463136033
baseline,chico_xavier,testemunhos_cartas_wantuil__1985,baseline_chico_xavier_testemunhos_cartas_wantuil__1985_075,1000,966,69,84.08026096386885,0.00841673907679765,0.47101449275362317,0.7459746251441753,5.044513457556936,14.0,10.43127960524971,0.44616977225672877,0.5455486542443064,2.589462129527991,3.608695652173913,1.1283643892339545
baseline,chico_xavier,testemunhos_cartas_wantuil__1985,baseline_chico_xavier_testemunhos_cartas_wantuil__1985_076,1000,972,55,77.20283154668157,0.00772823401270592,0.4845679012345679,0.7856815578465063,4.960905349794238,17.672727272727272,16.37742853103796,0.4547325102880658,0.5216049382716049,2.8526881720430106,4.109090909090909,1.081275720164609
baseline,chico_xavier,testemunhos_cartas_wantuil__1985,baseline_chico_xavier_testemunhos_cartas_wantuil__1985_077,1000,961,50,101.97927280484147,0.010208550121401318,0.5109261186264308,0.7599187935034802,4.9989594172736735,19.22,12.903162403070032,0.47346514047866806,0.5327783558792925,2.689880304678999,4.8,1.0738813735691988
baseline,chico_xavier,testemunhos_cartas_wantuil__1985,baseline_chico_xavier_testemunhos_cartas_wantuil__1985_078,1000,949,57,87.18622342191492,0.008727819201202242,0.5247629083245522,0.7714235294117647,5.0779768177028455,16.649122807017545,15.907066980819778,0.45310853530031614,0.5279241306638567,2.9292035398230087,3.9473684210526314,1.1443624868282403
baseline,chico_xavier,testemunhos_cartas_wantuil__1985,baseline_chico_xavier_testemunhos_cartas_wantuil__1985_079,1000,964,47,70.46194108228164,0.007053511028382088,0.5477178423236515,0.7821387283236995,5.056016597510373,20.51063829787234,13.127642332482901,0.39315352697095435,0.45435684647302904,3.0843243243243244,4.829787234042553,1.0767634854771784
baseline,chico_xavier,testemunhos_cartas_wantuil__1985,baseline_chico_xavier_testemunhos_cartas_wantuil__1985_080,1000,952,64,77.67813007555964,0.007775981054882521,0.5052521008403361,0.7663188745603753,5.029411764705882,14.875,11.355752947295041,0.46113445378151263,0.5126050420168067,2.781111111111111,4.140625,1.101890756302521
baseline,chico_xavier,testemunhos_cartas_wantuil__1985,baseline_chico_xavier_testemunhos_cartas_wantuil__1985_081,1000,970,48,79.30704644489319,0.007938889066207058,0.5154639175257731,0.7785648679678531,5.044329896907216,20.208333333333332,17.648132967037114,0.4608247422680412,0.5247422680412371,2.738428417653391,4.604166666666667,1.095876288659794
baseline,chico_xavier,testemunhos_cartas_wantuil__1985,baseline_chico_xavier_testemunhos_cartas_wantuil__1985_082,1000,959,36,88.33497701920557,0.008842718471964316,0.4932221063607925,0.7567093023255814,5.173096976016684,26.63888888888889,28.33936482642884,0.47758081334723673,0.5109489051094891,3.1961206896551726,4.972222222222222,1.1251303441084464
baseline,chico_xavier,testemunhos_cartas_wantuil__1985,baseline_chico_xavier_testemunhos_cartas_wantuil__1985_083,1000,988,46,81.56583454900097,0.008164847470558557,0.5141700404858299,0.7661754780652419,5.310728744939271,21.47826086956522,18.913693142265295,0.4392712550607287,0.5040485829959515,2.675475687103594,4.804347826086956,1.0870445344129556
baseline,chico_xavier,testemunhos_cartas_wantuil__1985,baseline_chico_xavier_testemunhos_cartas_wantuil__1985_084,1250,1217,68,92.36446965712392,0.00924404272801972,0.4905505341002465,0.7426386404293381,5.035332785538209,17.897058823529413,14.78685794278383,0.44042728019720623,0.47165160230073955,2.961937716262976,4.294117647058823,1.0920295809367297
control,castro_alves,a_cachoeira_de_paulo_afonso___gonzaga__microform,control_castro_alves_a_cachoeira_de_paulo_afonso___gonzaga__microform_000,1000,871,121,62.84922644571016,0.006292146693587764,0.5809414466130884,0.7707253886010362,4.309988518943743,7.198347107438017,7.0378197162796985,0.34902411021814006,0.39380022962112515,2.9820742637644044,2.2644628099173554,1.0172215843857635
control,castro_alves,a_cachoeira_de_paulo_afonso___gonzaga__microform,control_castro_alves_a_cachoeira_de_paulo_afonso___gonzaga__microform_001,1000,911,138,98.37080878782439,0.009847890857770112,0.535675082327113,0.7712315270935961,4.386388583973655,6.601449275362318,5.157715277630995,0.39846322722283206,0.4643249176728869,2.234848484848485,2.260869565217391,1.052689352360044
control,castro_alves,a_cachoeira_de_paulo_afonso___gonzaga__microform,control_castro_alves_a_cachoeira_de_paulo_afonso___gonzaga__microform_002,1000,874,171,80.06535092083008,0.008015706380848281,0.5102974828375286,0.767716129032258,4.308924485125858,5.111111111111111,4.389573564182928,0.37871853546910755,0.4668192219679634,2.1752717391304346,1.95906432748538,1.0697940503432495
control,castro_alves,a_cachoeira_de_paulo_afonso___gonzaga__microform,control_castro_alves_a_cachoeira_de_paulo_afonso___gonzaga__microform_003,1000,904,156,66.56746808677265,0.006664118621311459,0.5564159292035398,0.8005217391304349,4.476769911504425,5.794871794871795,4.861831918006634,0.36172566371681414,0.4358407079646018,2.0894941634241246,2.076923076923077,1.0265486725663717
control,castro_alves,a_cachoeira_de_paulo_afonso___gonzaga__microform,control_castro_alves_a_cachoeira_de_paulo_afonso___gonzaga__microform_004,1000,921,155,84.22134747082492,0.008431289241372798,0.5135722041259501,0.7639172749391728,4.362649294245386,5.941935483870968,4.339226495181236,0.4028230184581976,0.4744842562432139,2.1342710997442453,2.238709677419355,1.0694896851248643
control,castro_alves,a_cachoeira_de_paulo_afonso___gonzaga__microform,control_castro_alves_a_cachoeira_de_paulo_afonso___gonzaga__microform_005,1000,894,145,83.15441246390303,0.00832475305069757,0.48322147651006714,0.7552704402515724,4.168903803131991,6.165517241379311,5.127362423519185,0.42393736017897093,0.5089485458612976,2.3251928020565553,2.1310344827586207,1.0693512304250559
control,castro_alves,a_cachoeira_de_paulo_afonso___gonzaga__microform,control_castro_alves_a_cachoeira_de_paulo_afonso___gonzaga__microform_006,1000,891,149,72.45418393940653,0.007253559313484407,0.5555555555555556,0.7712499999999999,4.581369248035915,5.97986577181208,4.547246085472895,0.35914702581369246,0.4163860830527497,2.178617992177314,2.2013422818791946,1.0718294051627384
control,castro_alves,a_cachoeira_de_paulo_afonso___gonzaga__microform,control_castro_alves_a_cachoeira_de_paulo_afonso___gonzaga__microform_007,1000,851,154,86.24677403096653,0.008634824082394415,0.5558166862514688,0.7663829787234042,4.417156286721504,5.525974025974026,4.457880883710479,0.38307873090481787,0.4206815511163337,2.16120218579235,2.1363636363636362,1.0517038777908343
control,castro_alves,a_cachoeira_de_paulo_afonso___gonzaga__microform,control_castro_alves_a_cachoeira_de_paulo_afonso___gonzaga__microform_008,1000,883,137,82.93050177699057,0.008302452728920938,0.5390713476783692,0.779732142857143,4.363533408833522,6.445255474452555,4.767468391268064,0.3895809739524349,0.4416761041902605,2.1176470588235294,2.394160583941606,1.0758776896942241
control,castro_alves,a_cachoeira_de_paulo_afonso___gonzaga__microform,control_castro_alves_a_cachoeira_de_paulo_afonso___gonzaga__microform_009,1000,910,133,67.2865595942519,0.006736058221206736,0.5516483516483517,0.7976448828606657,4.467032967032967,6.842105263157895,4.485301148745166,0.38351648351648354,0.43846153846153846,2.20480404551201,2.3759398496240602,1.091208791208791
control,castro_alves,a_cachoeira_de_paulo_afonso___gonzaga__microform,control_castro_alves_a_cachoeira_de_paulo_afonso___gonzaga__microform_010,1000,881,118,79.26190571286112,0.00793519760602621,0.5221339387060159,0.750920716112532,4.368898978433598,7.466101694915254,6.402703617752175,0.3677639046538025,0.4585698070374574,2.5732647814910026,2.4661016949152543,1.1373439273552781
control,castro_alves,a_cachoeira_de_paulo_afonso___gonzaga__microform,control_castro_alves_a_cachoeira_de_paulo_afonso___gonzaga__microform_011,1000,900,142,72.32098765432099,0.007240143369175628,0.5366666666666666,0.7802496878901374,4.553333333333334,6.338028169014085,5.646745696146851,0.38,0.4255555555555556,2.3166023166023164,2.2746478873239435,1.1011111111111112
control,castro_alves,a_cachoeira_de_paulo_afonso___gonzaga__microform,control_castro_alves_a_cachoeira_de_paulo_afonso___gonzaga__microform_012,1000,906,128,88.54387478132051,0.008864171331699047,0.5452538631346578,0.7522304832713754,4.335540838852097,7.078125,5.818356424659373,0.40066225165562913,0.46357615894039733,2.45125,2.375,1.1236203090507726
control,castro_alves,a_cachoeira_de_paulo_afonso___gonzaga__microform,control_castro_alves_a_cachoeira_de_paulo_afonso___gonzaga__microform_013,1000,885,78,74.64010980241949,0.007472454431577064,0.5830508474576271,0.7801017811704835,4.541242937853108,11.346153846153847,9.094696853008694,0.4056497175141243,0.4519774011299435,2.601965601965602,3.2948717948717947,1.1310734463276837
control,castro_alves,a_cachoeira_de_paulo_afonso___gonzaga__microform,control_castro_alves_a_cachoeira_de_paulo_afonso___gonzaga__microform_014,1000,884,90,101.57961548698839,0.010169465468912542,0.5271493212669683,0.7214904458598727,4.469457013574661,9.822222222222223,8.415036512468193,0.4445701357466063,0.49095022624434387,2.364764267990074,2.911111111111111,1.0678733031674208
control,castro_alves,a_cachoeira_de_paulo_afonso___gonzaga__microform,control_castro_alves_a_cachoeira_de_paulo_afonso___gonzaga__microform_015,1000,921,79,94.05345886369558,0.00941556908841996,0.5537459283387622,0.7767153284671533,4.473398479913138,11.658227848101266,9.088713373383952,0.44191096634093374,0.511400651465798,2.724501758499414,3.278481012658228,1.0618892508143323
control,castro_alves,a_cachoeira_de_paulo_afonso___gonzaga__microform,control_castro_alves_a_cachoeira_de_paulo_afonso___gonzaga__microform_016,1000,936,61,96.83870260793337,0.009694227341286164,0.530982905982906,0.7505137395459976,4.549145299145299,15.344262295081966,8.24797092961605,0.4412393162393162,0.5053418803418803,2.3891402714932126,4.081967213114754,1.0331196581196582
control,castro_alves,a_cachoeira_de_paulo_afonso___gonzaga__microform,control_castro_alves_a_cachoeira_de_paulo_afonso___gonzaga__microform_017,1000,927,63,84.36815236073727,0.008445926267646162,0.5253505933117584,0.773635265700483,4.578209277238403,14.714285714285714,11.446810842241163,0.45307443365695793,0.5124056094929881,2.702176403207331,3.761904761904762,1.0474649406688241
control,castro_alves,a_cachoeira_de_paulo_afonso___gonzaga__microform,control_castro_alves_a_cachoeira_de_paulo_afonso___gonzaga__microform_018,1000,924,65,109.65405445924927,0.01097728562517295,0.4902597402597403,0.7305575757575758,4.427489177489178,14.215384615384615,11.022344170180732,0.47943722943722944,0.5378787878787878,2.609896432681243,3.5076923076923077,1.0432900432900434
control,castro_alves,a_cachoeira_de_paulo_afonso___gonzaga__microform,control_castro_alves_a_cachoeira_de_paulo_afonso___gonzaga__microform_019,1000,941,62,90.95621475785477,0.009105297668844823,0.5175345377258236,0.762458432304038,4.562167906482466,15.17741935483871,10.868011946204843,0.4410201912858661,0.5154091392136025,2.446206115515289,4.080645161290323,1.0350690754516472
control,castro_alves,a_cachoeira_de_paulo_afonso___gonzaga__microform,control_castro_alves_a_cachoeira_de_paulo_afonso___gonzaga__microform_020,1000,887,102,88.8443749054678,0.008894465072364554,0.49379932356257045,0.718781725888325,4.261555806087937,8.696078431372548,10.420369584057866,0.4137542277339346,0.5050732807215332,2.762796504369538,2.6176470588235294,1.0856820744081173
control,castro_alves,a_cachoeira_de_paulo_afonso___gonzaga__microform,control_castro_alves_a_cachoeira_de_paulo_afonso___gonzaga__microform_021,1000,855,116,81.00954139735303,0.008110440034512511,0.43859649122807015,0.7132010582010583,4.239766081871345,7.370689655172414,7.477010942069299,0.45146198830409356,0.5590643274853802,2.702239789196311,2.4224137931034484,1.128654970760234
control,castro_alves,a_cachoeira_de_paulo_afonso___gonzaga__microform,control_castro_alves_a_cachoeira_de_paulo_afonso___gonzaga__microform_022,1000,863,119,99.57449893859707,0.009969001459861864,0.4623406720741599,0.7326178010471205,4.280417149478563,7.2521008403361344,8.7083640731292,0.42294322132097334,0.5422943221320974,2.543905635648755,2.403361344537815,1.0903823870220162
control,castro_alves,a_cachoeira_de_paulo_afonso___gonzaga__microform,control_castro_alves_a_cachoeira_de_paulo_afonso___gonzaga__microform_023,1000,864,101,73.43642832647463,0.007352152268142998,0.5023148148148148,0.749359477124183,4.371527777777778,8.554455445544555,9.046059529999354,0.4386574074074074,0.5081018518518519,2.6091370558375635,2.6930693069306932,1.0636574074074074
control,castro_alves,a_cachoeira_de_paulo_afonso___gonzaga__microform,control_castro_alves_a_cachoeira_de_paulo_afonso___gonzaga__microform_024,1000,897,102,79.59145373715681,0.007968028348463132,0.5005574136008919,0.7652631578947369,4.478260869565218,8.794117647058824,9.291930122311719,0.4403567447045708,0.5050167224080268,2.74346201743462,2.715686274509804,1.1348940914158305
control,castro_alves,a_cachoeira_de_paulo_afonso___gonzaga__microform,control_castro_alves_a_cachoeira_de_paulo_afonso___gonzaga__microform_025,1000,834,153,90.5175140463169,0.009062617852896554,0.4748201438848921,0.7408163265306122,4.503597122302159,5.450980392156863,5.694787407269442,0.4136690647482014,0.5107913669064749,2.375886524822695,2.0915032679738563,1.0995203836930456
control,castro_alves,a_cachoeira_de_paulo_afonso___gonzaga__microform,control_castro_alves_a_cachoeira_de_paulo_afonso___gonzaga__microform_026,1000,830,151,87.35665553781391,0.00874620314793553,0.4530120481927711,0.7013679890560877,4.153012048192771,5.496688741721854,6.2188286754959945,0.43614457831325304,0.5228915662650603,2.4788135593220337,2.033112582781457,1.1120481927710844
control,castro_alves,a_cachoeira_de_paulo_afonso___gonzaga__microform,control_castro_alves_a_cachoeira_de_paulo_afonso___gonzaga__microform_027,1000,866,125,85.68502685490883,0.008578408468942316,0.46882217090069284,0.728761408083442,4.117782909930716,6.928,6.253544275049151,0.42032332563510394,0.5103926096997691,2.4643799472295513,2.48,1.0704387990762125
control,castro_alves,a_cachoeira_de_paulo_afonso___gonzaga__microform,control_castro_alves_a_cachoeira_de_paulo_afonso___gonzaga__microform_028,1000,883,125,83.44352684211269,0.008353813401540306,0.49037372593431483,0.7389030612244898,4.391845979614949,7.064,8.629015239295848,0.42242355605889015,0.4869762174405436,2.555844155844156,2.296,1.1064552661381652
control,castro_alves,a_cachoeira_de_paulo_afonso___gonzaga__microform,control_castro_alves_a_cachoeira_de_paulo_afonso___gonzaga__microform_029,1000,838,131,80.02916365251964,0.00801247779460113,0.5214797136038186,0.7699864682002706,4.391408114558472,6.396946564885496,6.586684914086146,0.4212410501193317,0.48448687350835323,2.2962962962962963,2.404580152671756,1.0644391408114557
control,castro_alves,a_cachoeira_de_paulo_afonso___gonzaga__microform,control_castro_alves_a_cachoeira_de_paulo_afonso___gonzaga__microform_030,1000,835,119,108.02825486751048,0.010815778514912621,0.4359281437125748,0.7077853260869567,4.402395209580838,7.016806722689076,7.309465709793286,0.43353293413173655,0.518562874251497,2.474462365591398,2.5714285714285716,1.110179640718563
control,castro_alves,a_cachoeira_de_paulo_afonso___gonzaga__microform,control_castro_alves_a_cachoeira_de_paulo_afonso___gonzaga__microform_031,1000,865,157,85.74960740418992,0.00858488546349818,0.45895953757225433,0.7316057441253263,4.283236994219653,5.509554140127388,5.891392657472515,0.423121387283237,0.5144508670520231,2.5230978260869565,2.0254777070063694,1.1144508670520232
control,castro_alves,a_cachoeira_de_paulo_afonso___gonzaga__microform,control_castro_alves_a_cachoeira_de_paulo_afonso___gonzaga__microform_032,1000,864,146,96.90607853223594,0.009701836831037295,0.4375,0.6992287581699348,4.226851851851852,5.917808219178082,6.637901600796012,0.47685185185185186,0.5428240740740741,2.380952380952381,2.1575342465753424,1.1064814814814814
control,castro_alves,a_cachoeira_de_paulo_afonso___gonzaga__microform,control_castro_alves_a_cachoeira_de_paulo_afonso___gonzaga__microform_033,1000,929,96,96.98264624739728,0.009708715340930181,0.465016146393972,0.7244819277108433,4.163616792249731,9.677083333333334,9.157754900978126,0.4747039827771798,0.5403659849300323,2.5485781990521326,2.8854166666666665,1.0807319698600646
control,castro_alves,a_cachoeira_de_paulo_afonso___gonzaga__microform,control_castro_alves_a_cachoeira_de_paulo_afonso___gonzaga__microform_034,1000,841,157,105.89850427199373,0.010602457391993659,0.4221165279429251,0.7009164420485176,4.087990487514864,5.356687898089172,5.322722279949554,0.4518430439952438,0.558858501783591,2.156558533145275,2.070063694267516,1.0689655172413792
control,castro_alves,a_cachoeira_de_paulo_afonso___gonzaga__microform,control_castro_alves_a_cachoeira_de_paulo_afonso___gonzaga__microform_035,1000,828,158,88.07090013769283,0.008817739457558605,0.4673913043478261,0.7044032921810699,4.323671497584541,5.2405063291139244,4.884009532210132,0.42391304347826086,0.5084541062801933,2.19364161849711,2.0569620253164556,1.066425120772947
control,castro_alves,a_cachoeira_de_paulo_afonso___gonzaga__microform,control_castro_alves_a_cachoeira_de_paulo_afonso___gonzaga__microform_036,1000,855,147,65.93481755069936,0.006601202459701166,0.5286549707602339,0.7753968253968254,4.608187134502924,5.816326530612245,5.851937766353033,0.39766081871345027,0.4818713450292398,2.249655172413793,2.258503401360544,1.1216374269005849
control,castro_alves,a_cachoeira_de_paulo_afonso___gonzaga__microform,control_castro_alves_a_cachoeira_de_paulo_afonso___gonzaga__microform_037,1000,867,137,81.78914418063853,0.008188358891987714,0.47058823529411764,0.7386588541666667,4.196078431372549,6.328467153284672,6.9156645305101465,0.4232987312572088,0.5363321799307958,2.5415549597855227,2.18978102189781,1.1337946943483275
control,castro_alves,a_cachoeira_de_paulo_afonso___gonzaga__microform,control_castro_alves_a_cachoeira_de_paulo_afonso___gonzaga__microform_038,1000,855,163,98.13617865326083,0.009825109221140282,0.4444444444444444,0.7010052910052911,4.130994152046783,5.245398773006135,5.19685136450753,0.43391812865497076,0.5426900584795321,2.329624478442281,2.0061349693251533,1.135672514619883
control,castro_alves,a_cachoeira_de_paulo_afonso___gonzaga__microform,control_castro_alves_a_cachoeira_de_paulo_afonso___gonzaga__microform_039,1000,852,111,86.56792082699641,0.008666964576333836,0.47183098591549294,0.7312217795484727,4.282863849765258,7.675675675675675,8.552079102527923,0.45422535211267606,0.5492957746478874,2.495388669301713,2.5045045045045047,1.1267605633802817
control,castro_alves,a_cachoeira_de_paulo_afonso___gonzaga__microform,control_castro_alves_a_cachoeira_de_paulo_afonso___gonzaga__microform_040,1000,891,92,83.56416137935031,0.008365805369550687,0.48148148148148145,0.7186868686868687,4.469135802469136,9.684782608695652,11.08948713659658,0.44332210998877664,0.5061728395061729,2.923832923832924,2.8260869565217392,1.1526374859708193
control,castro_alves,a_cachoeira_de_paulo_afonso___gonzaga__microform,control_castro_alves_a_cachoeira_de_paulo_afonso___gonzaga__microform_041,1000,815,134,71.6624637735707,0.007175050119835396,0.45521472392638035,0.7292877094972068,4.225766871165644,6.082089552238806,5.922444669024105,0.41595092024539876,0.5251533742331288,2.391796322489392,2.2388059701492535,1.1325153374233128
control,castro_alves,a_cachoeira_de_paulo_afonso___gonzaga__microform,control_castro_alves_a_cachoeira_de_paulo_afonso___gonzaga__microform_042,1000,824,146,89.34041851258365,0.008944897309157828,0.4174757281553398,0.696248275862069,4.316747572815534,5.6438356164383565,6.056514353154325,0.42354368932038833,0.5157766990291263,2.4045584045584047,2.136986301369863,1.1674757281553398
control,castro_alves,a_cachoeira_de_paulo_afonso___gonzaga__microform,control_castro_alves_a_cachoeira_de_paulo_afonso___gonzaga__microform_043,1000,820,146,72.3081499107674,0.007239643825009679,0.4768292682926829,0.7285436893203883,4.376829268292683,5.616438356164384,4.91887651997921,0.38414634146341464,0.48902439024390243,2.299145299145299,2.308219178082192,1.1256097560975609
control,castro_alves,a_cachoeira_de_paulo_afonso___gonzaga__microform,control_castro_alves_a_cachoeira_de_paulo_afonso___gonzaga__microform_044,1000,856,115,106.99624421346843,0.010712138601956606,0.4742990654205608,0.7046499339498019,4.143691588785047,7.443478260869565,7.320241507476941,0.4392523364485981,0.5268691588785047,2.4100529100529102,2.4695652173913043,1.1378504672897196
control,castro_alves,a_cachoeira_de_paulo_afonso___gonzaga__microform,control_castro_alves_a_cachoeira_de_paulo_afonso___gonzaga__microform_045,1000,835,133,91.59166696547025,0.009170148910811471,0.4658682634730539,0.7148641304347826,4.204790419161677,6.2781954887218046,5.69969446939842,0.4407185628742515,0.5389221556886228,2.4297520661157024,2.2706766917293235,1.0850299401197605
control,castro_alves,a_cachoeira_de_paulo_afonso___gonzaga__microform,control_castro_alves_a_cachoeira_de_paulo_afonso___gonzaga__microform_046,1000,843,123,93.18242901910789,0.009329309698706408,0.48398576512455516,0.7315322580645162,4.4045077105575325,6.853658536585366,8.422466014747796,0.4377224199288256,0.49940688018979834,2.7083333333333335,2.2439024390243905,1.073546856465006
control,castro_alves,a_cachoeira_de_paulo_afonso___gonzaga__microform,control_castro_alves_a_cachoeira_de_paulo_afonso___gonzaga__microform_047,1000,880,133,92.35537190082644,0.009246044058330748,0.4465909090909091,0.7207426376440462,4.228409090909091,6.616541353383458,6.634067696607951,0.47954545454545455,0.5625,2.3489583333333335,2.300751879699248,1.0931818181818183
control,castro_alves,a_cachoeira_de_paulo_afonso___gonzaga__microform,control_castro_alves_a_cachoeira_de_paulo_afonso___gonzaga__microform_048,1000,846,146,100.87800188901743,0.010099738413977367,0.44799054373522457,0.6850066934404284,4.205673758865248,5.794520547945205,5.231513843897658,0.41962174940898345,0.524822695035461,2.263085399449036,2.184931506849315,1.1347517730496455
control,castro_alves,a_cachoeira_de_paulo_afonso___gonzaga__microform,control_castro_alves_a_cachoeira_de_paulo_afonso___gonzaga__microform_049,1000,881,116,76.29860299602788,0.007638530595397792,0.4449489216799092,0.7347442455242967,4.174801362088536,7.594827586206897,8.941359196487877,0.4540295119182747,0.5448354143019296,2.6203346203346203,2.3793103448275863,1.0919409761634506
control,castro_alves,a_cachoeira_de_paulo_afonso___gonzaga__microform,control_castro_alves_a_cachoeira_de_paulo_afonso___gonzaga__microform_050,1000,844,139,91.69829967880327,0.009180707583500588,0.43838862559241704,0.7015167785234899,4.190758293838862,6.071942446043166,7.001171831791466,0.4466824644549763,0.49170616113744076,2.3622589531680442,2.172661870503597,1.1161137440758293
control,castro_alves,a_cachoeira_de_paulo_afonso___gonzaga__microform,control_castro_alves_a_cachoeira_de_paulo_afonso___gonzaga__microform_051,1000,860,153,101.08166576527853,0.010119933941576197,0.4255813953488372,0.7012746386333769,4.134883720930232,5.620915032679738,6.041259592449971,0.45232558139534884,0.5058139534883721,2.362397820163488,2.0,1.1034883720930233
control,castro_alves,a_cachoeira_de_paulo_afonso___gonzaga__microform,control_castro_alves_a_cachoeira_de_paulo_afonso___gonzaga__microform_052,1029,874,154,76.37365226816918,0.007646113640593341,0.5389016018306636,0.7644903225806452,4.363844393592677,5.675324675324675,6.304897206988376,0.39702517162471396,0.4405034324942792,2.3266666666666667,2.103896103896104,1.0812356979405033
control,castro_alves,espumas_flutuantes__1870,control_castro_alves_espumas_flutuantes__1870_000,1000,943,108,77.70601934891127,0.007778850981531139,0.5249204665959704,0.756303317535545,4.524920466595971,8.731481481481481,8.634133898404807,0.4337221633085896,0.4878048780487805,2.5082159624413145,2.5277777777777777,1.1060445387062565
control,castro_alves,espumas_flutuantes__1870,control_castro_alves_espumas_flutuantes__1870_001,1000,942,120,72.5519628923418,0.007262906380933686,0.5254777070063694,0.7653024911032028,4.289808917197452,7.85,6.544272304847957,0.40658174097664546,0.470276008492569,2.4357743097238895,2.55,1.1326963906581742
control,castro_alves,espumas_flutuantes__1870,control_castro_alves_espumas_flutuantes__1870_002,1000,930,144,77.51185108104983,0.007759528687338681,0.5043010752688172,0.7627797833935017,4.216129032258064,6.458333333333333,4.4454642927120425,0.4,0.46774193548387094,2.154894671623296,2.4305555555555554,1.0462365591397849
control,castro_alves,espumas_flutuantes__1870,control_castro_alves_espumas_flutuantes__1870_003,1000,928,157,61.612849286563616,0.006167931406465052,0.5560344827586207,0.7824728588661037,4.363146551724138,5.910828025477707,5.744424930809993,0.39978448275862066,0.4644396551724138,2.3421052631578947,2.1656050955414012,1.1045258620689655
control,castro_alves,espumas_flutuantes__1870,control_castro_alves_espumas_flutuantes__1870_004,1000,930,145,78.0899525956758,0.007817401067166684,0.5268817204301075,0.7633212996389892,4.2182795698924735,6.413793103448276,6.15723427264452,0.4032258064516129,0.4698924731182796,2.310259579728059,2.3379310344827586,1.10752688172043
control,castro_alves,espumas_flutuantes__1870,control_castro_alves_espumas_flutuantes__1870_005,1000,948,124,74.30700208299952,0.00743854677662973,0.5327004219409283,0.7677149587750294,4.273206751054852,7.645161290322581,5.939470961000322,0.3860759493670886,0.46729957805907174,2.4354066985645932,2.5806451612903225,1.1244725738396624
control,castro_alves,espumas_flutuantes__1870,control_castro_alves_espumas_flutuantes__1870_006,1000,953,145,72.23007039128659,0.007230594231396651,0.5487932843651626,0.7922248243559719,4.362014690451207,6.572413793103448,6.205386789563211,0.40083945435466944,0.44700944386149005,2.330508474576271,2.2413793103448274,1.10598111227702
control,castro_alves,espumas_flutuantes__1870,control_castro_alves_espumas_flutuantes__1870_007,1000,948,149,62.200680090441345,0.006226636190679873,0.5432489451476793,0.7822968197879858,4.268987341772152,6.3624161073825505,5.514124347236606,0.4092827004219409,0.49156118143459915,2.313487241798299,2.174496644295302,1.0843881856540085
control,castro_alves,espumas_flutuantes__1870,control_castro_alves_espumas_flutuantes__1870_008,1000,934,135,73.54795519260486,0.007362678472657334,0.6027837259100642,0.7851497005988023,4.361884368308351,6.9185185185185185,5.76715072066287,0.3950749464668094,0.42933618843683086,2.5239852398523985,2.3925925925925924,1.113490364025696
control,castro_alves,espumas_flutuantes__1870,control_castro_alves_espumas_flutuantes__1870_009,1000,953,140,88.39375077762938,0.00884866013561773,0.5288562434417629,0.7530444964871194,4.1741867785939135,6.807142857142857,5.197384546331835,0.41343126967471144,0.45120671563483733,2.278177458033573,2.3642857142857143,1.080797481636936
control,castro_alves,espumas_flutuantes__1870,control_castro_alves_espumas_flutuantes__1870_010,1000,941,112,69.22791115789046,0.006930155787188821,0.5154091392136025,0.7575059382422802,4.397449521785335,8.401785714285714,6.772396470532542,0.40488841657810837,0.46439957492029754,2.38561320754717,2.705357142857143,1.0924548352816152
control,castro_alves,espumas_flutuantes__1870,control_castro_alves_espumas_flutuantes__1870_011,1000,927,158,67.49452188858982,0.006756741014116929,0.5631067961165048,0.7608695652173914,4.323624595469256,5.867088607594937,5.6424077255650165,0.37001078748651567,0.43149946062567424,2.3646616541353382,2.1455696202531644,1.0787486515641855
control,castro_alves,espumas_flutuantes__1870,control_castro_alves_espumas_flutuantes__1870_012,1000,932,136,79.48203135073403,0.007956740410191634,0.49141630901287553,0.7223889555822329,4.3218884120171674,6.852941176470588,5.095455604758931,0.3959227467811159,0.4517167381974249,2.176039119804401,2.514705882352941,1.0847639484978542
control,castro_alves,espumas_flutuantes__1870,control_castro_alves_espumas_flutuantes__1870_013,1000,938,149,81.241674660508,0.008132837868896105,0.5362473347547975,0.7770679380214541,4.205756929637527,6.295302013422819,5.079902968613953,0.42857142857142855,0.47867803837953093,1.993811881188119,2.295302013422819,1.0426439232409381
control,castro_alves,espumas_flutuantes__1870,control_castro_alves_espumas_flutuantes__1870_014,1000,942,155,80.89126897192133,0.008097723206328363,0.5286624203821656,0.7574258600237248,4.273885350318471,6.077419354838709,4.889139358092709,0.40658174097664546,0.4734607218683652,2.3646477132262054,2.161290322580645,1.0870488322717622
control,castro_alves,espumas_flutuantes__1870,control_castro_alves_espumas_flutuantes__1870_015,1000,957,148,71.38731384758842,0.007146198677002313,0.5506792058516197,0.7641958041958041,4.35632183908046,6.466216216216216,6.03079433222315,0.4158829676071055,0.4754440961337513,2.4234016887816647,2.2364864864864864,1.058516196447231
control,castro_alves,espumas_flutuantes__1870,control_castro_alves_espumas_flutuantes__1870_016,1000,950,133,72.48753462603878,0.007256391769729909,0.5463157894736842,0.7722444183313749,4.52,7.142857142857143,6.47742506292101,0.44,0.47368421052631576,2.3833333333333333,2.43609022556391,1.0252631578947369
control,castro_alves,espumas_flutuantes__1870,control_castro_alves_espumas_flutuantes__1870_017,1000,955,116,109.1856034648173,0.01093000537829146,0.5277486910994764,0.7559579439252336,4.440837696335079,8.232758620689655,6.360380815183146,0.4167539267015707,0.4638743455497382,2.3703271028037385,2.5258620689655173,1.056544502617801
control,castro_alves,espumas_flutuantes__1870,control_castro_alves_espumas_flutuantes__1870_018,1000,938,165,81.241674660508,0.008132837868896105,0.5309168443496801,0.7549940405244338,4.243070362473348,5.684848484848485,4.393943573665724,0.38699360341151384,0.4861407249466951,2.145385587863464,2.1575757575757577,1.0554371002132197
control,castro_alves,espumas_flutuantes__1870,control_castro_alves_espumas_flutuantes__1870_019,1000,943,154,72.98293278935371,0.007306040936344007,0.5514316012725344,0.7706635071090047,4.489925768822905,6.123376623376624,4.571691440198977,0.37857900318133614,0.4517497348886532,2.149198520345253,2.292207792207792,1.039236479321315
control,castro_alves,espumas_flutuantes__1870,control_castro_alves_espumas_flutuantes__1870_020,890,852,128,83.15149110626199,0.008324920143658661,0.5269953051643192,0.7447011952191234,4.339201877934272,6.65625,5.2223041789520455,0.4096244131455399,0.47183098591549294,2.182061579651941,2.3359375,1.0328638497652582
control,castro_alves,os_escravos__1883,control_castro_alves_os_escravos__1883_000,1000,919,141,57.82886020074334,0.005789185460183348,0.6191512513601741,0.8200975609756098,4.362350380848748,6.5177304964539005,5.588238455340897,0.35038084874863984,0.3939064200217628,2.3672955974842766,2.219858156028369,1.0761697497279652
control,castro_alves,os_escravos__1883,control_castro_alves_os_escravos__1883_001,1000,920,123,73.39319470699432,0.0073473056725173866,0.5304347826086957,0.749305724725944,4.306521739130435,7.479674796747967,6.612810422419558,0.36086956521739133,0.4489130434782609,2.6911764705882355,2.4959349593495936,1.1467391304347827
control,castro_alves,os_escravos__1883,control_castro_alves_os_escravos__1883_002,1000,901,146,68.14477932399689,0.0068220495745468,0.55826859045505,0.7875935162094763,4.503884572697003,6.171232876712328,5.867672742367442,0.37402885682574916,0.416204217536071,2.5377720870678617,2.212328767123288,1.106548279689234
control,castro_alves,os_escravos__1883,control_castro_alves_os_escravos__1883_003,570,522,85,68.40768632286667,0.006853898706436929,0.6283524904214559,0.7881323877068558,4.528735632183908,6.141176470588236,5.320665462971538,0.3773946360153257,0.4425287356321839,2.3444444444444446,2.411764705882353,1.1264367816091954
control,cruz_e_sousa,evocações__microform,control_cruz_e_sousa_evocações__microform_000,1000,809,62,86.41962104323883,0.00865265760197775,0.5747836835599506,0.7754084507042253,4.976514215080346,13.048387096774194,19.384419599384316,0.380716934487021,0.43016069221260816,4.113256113256114,3.129032258064516,1.1285537700865267
control,cruz_e_sousa,evocações__microform,control_cruz_e_sousa_evocações__microform_001,1000,914,34,100.40747142672457,0.010051744675139787,0.5317286652078774,0.7327361963190184,4.975929978118162,26.88235294117647,25.43823512408779,0.43544857768052514,0.4989059080962801,4.074324324324325,4.088235294117647,1.1695842450765865
control,cruz_e_sousa,evocações__microform,control_cruz_e_sousa_evocações__microform_002,1000,902,34,82.76753801603729,0.008285939987843022,0.5931263858093127,0.7874719800747197,5.123059866962306,26.529411764705884,18.158186120408367,0.3968957871396896,0.4401330376940133,3.2770809578107185,5.029411764705882,1.123059866962306
control,cruz_e_sousa,evocações__microform,control_cruz_e_sousa_evocações__microform_003,1000,887,38,90.31875938172449,0.009042069929073322,0.5817361894024803,0.7784390862944164,5.166854565952649,23.342105263157894,24.76338161988539,0.40586245772266066,0.4464487034949267,3.6377314814814814,3.9473684210526314,1.0822998872604284
control,cruz_e_sousa,evocações__microform,control_cruz_e_sousa_evocações__microform_004,1000,897,33,90.6775837705022,0.009077878643096034,0.5997770345596433,0.7879323308270676,5.216276477146042,27.181818181818183,19.86843780815792,0.399108138238573,0.443701226309922,3.28078250863061,4.636363636363637,1.1181716833890747
control,cruz_e_sousa,evocações__microform,control_cruz_e_sousa_evocações__microform_005,1000,898,25,81.44800869043308,0.008153880914605229,0.6013363028953229,0.774017521902378,5.3296213808463255,35.92,28.531975045551967,0.3986636971046771,0.4142538975501114,4.947845804988662,4.72,1.1135857461024499
control,cruz_e_sousa,evocações__microform,control_cruz_e_sousa_evocações__microform_006,1000,922,23,85.21510815401773,0.008530763270141621,0.579175704989154,0.787363304981774,5.2017353579175705,40.08695652173913,28.150083857282244,0.4262472885032538,0.45770065075921906,4.042222222222223,5.608695652173913,1.1084598698481563
control,cruz_e_sousa,evocações__microform,control_cruz_e_sousa_evocações__microform_007,1000,900,30,78.09876543209876,0.007818563836361389,0.5655555555555556,0.7813233458177278,4.961111111111111,30.0,25.014662366966565,0.4177777777777778,0.48,4.028409090909091,4.833333333333333,1.0577777777777777
control,cruz_e_sousa,evocações__microform,control_cruz_e_sousa_evocações__microform_008,1000,900,36,76.44444444444444,0.0076529477196885425,0.54,0.760087390761548,4.9,25.0,24.10163664336696,0.46555555555555556,0.5055555555555555,3.8434285714285714,3.9166666666666665,1.0655555555555556
control,cruz_e_sousa,evocações__microform,control_cruz_e_sousa_evocações__microform_009,1000,914,47,101.86785668114284,0.010197943155154935,0.550328227571116,0.711079754601227,4.894967177242888,19.4468085106383,24.29587874222599,0.4660831509846827,0.49452954048140046,4.237770193401593,3.276595744680851,1.0831509846827134
control,cruz_e_sousa,evocações__microform,control_cruz_e_sousa_evocações__microform_010,1000,910,35,61.924888298514674,0.0061993012488061995,0.5923076923076923,0.7840690505548705,5.135164835164836,26.0,22.084254248542912,0.3923076923076923,0.45604395604395603,3.824462061155153,4.514285714285714,1.1351648351648351
control,cruz_e_sousa,evocações__microform,control_cruz_e_sousa_evocações__microform_011,1000,923,31,89.98402449030377,0.009008162104615008,0.5828819068255688,0.7683737864077671,5.183098591549296,29.774193548387096,27.734582671504885,0.41278439869989164,0.4442036836403034,3.9053452115812917,4.806451612903226,1.1224268689057422
control,cruz_e_sousa,evocações__microform,control_cruz_e_sousa_evocações__microform_012,1000,884,30,100.40232591470281,0.0100516031833066,0.6244343891402715,0.7745987261146496,5.235294117647059,29.466666666666665,41.17420983523006,0.37104072398190047,0.39819004524886875,4.8729792147806,3.9,1.1221719457013575
control,cruz_e_sousa,evocações__microform,control_cruz_e_sousa_evocações__microform_013,1000,901,43,100.96070342362229,0.010107288198298188,0.5227524972253053,0.7193765586034914,4.853496115427303,20.953488372093023,24.094729220378326,0.42508324084350724,0.4672586015538291,3.97926267281106,3.4651162790697674,1.1109877913429522
control,cruz_e_sousa,evocações__microform,control_cruz_e_sousa_evocações__microform_014,1000,914,40,91.59727841646357,0.009169760402261523,0.5754923413566739,0.7504294478527608,4.937636761487965,22.85,18.734393504995033,0.44638949671772427,0.49015317286652077,3.7885264341957257,4.425,1.074398249452954
control,cruz_e_sousa,evocações__microform,control_cruz_e_sousa_evocações__microform_015,1000,888,43,75.53161269377486,0.007561676671034055,0.5518018018018018,0.7245627376425856,4.922297297297297,20.651162790697676,19.444475177463328,0.39864864864864863,0.49324324324324326,3.956876456876457,3.627906976744186,1.117117117117117
control,cruz_e_sousa,evocações__microform,control_cruz_e_sousa_evocações__microform_016,1000,884,42,81.94959153170493,0.008204239967613493,0.5984162895927602,0.7702420382165607,5.073529411764706,21.047619047619047,24.55407286645264,0.39819004524886875,0.4321266968325792,4.465737514518002,3.642857142857143,1.1346153846153846
control,cruz_e_sousa,evocações__microform,control_cruz_e_sousa_evocações__microform_017,1000,924,28,91.07775341541576,0.009117642920459822,0.579004329004329,0.7534909090909092,5.111471861471862,33.0,30.622120855915348,0.3874458874458874,0.4274891774891775,3.975636766334441,4.821428571428571,1.1114718614718615
control,cruz_e_sousa,evocações__microform,control_cruz_e_sousa_evocações__microform_018,1000,895,45,84.11722480571767,0.008421131566120505,0.5687150837988827,0.758994974874372,5.073743016759776,19.88888888888889,18.04343182708781,0.4044692737430168,0.45027932960893857,3.5244755244755246,4.044444444444444,1.1106145251396649
control,cruz_e_sousa,evocações__microform,control_cruz_e_sousa_evocações__microform_019,1000,877,44,99.07310737210533,0.00991862045266397,0.5233751425313569,0.7216066838046272,4.612314709236032,19.931818181818183,23.80545938843052,0.4207525655644242,0.4982896237172178,3.4642438452520516,3.3863636363636362,1.0524515393386544
control,cruz_e_sousa,evocações__microform,control_cruz_e_sousa_evocações__microform_020,1000,900,38,87.62962962962963,0.008772710418984057,0.6055555555555555,0.795518102372035,5.094444444444444,23.68421052631579,19.056847454472816,0.3933333333333333,0.4288888888888889,3.856492027334852,4.078947368421052,1.1188888888888888
control,cruz_e_sousa,evocações__microform,control_cruz_e_sousa_evocações__microform_021,1000,905,24,88.66640212447727,0.008876448442771231,0.5712707182320442,0.7626550868486353,5.113812154696133,37.708333333333336,27.526470845755405,0.4176795580110497,0.45414364640883975,4.3047404063205414,5.416666666666667,1.143646408839779
control,cruz_e_sousa,evocações__microform,control_cruz_e_sousa_evocações__microform_022,1000,863,38,74.25121077810704,0.007433734907367329,0.5828505214368482,0.7695157068062827,5.176129779837775,22.710526315789473,20.13756360993167,0.3823870220162225,0.4322132097334878,3.5699052132701423,4.131578947368421,1.1297798377752029
control,cruz_e_sousa,evocações__microform,control_cruz_e_sousa_evocações__microform_023,1000,891,34,93.38931149630739,0.009349424330697739,0.5892255892255892,0.7583333333333332,5.0246913580246915,26.205882352941178,24.82619514540889,0.4118967452300786,0.4500561167227834,3.6344827586206896,4.647058823529412,1.0965207631874299
control,cruz_e_sousa,evocações__microform,control_cruz_e_sousa_evocações__microform_024,1000,876,38,82.87983986989428,0.008297455968688845,0.5547945205479452,0.7465122265122265,5.0034246575342465,23.05263157894737,20.361143810830434,0.4257990867579909,0.4520547945205479,3.9731308411214954,4.421052631578948,1.0662100456621004
control,cruz_e_sousa,evocações__microform,control_cruz_e_sousa_evocações__microform_025,1000,884,49,103.93419463155955,0.010405190040124421,0.5486425339366516,0.7156942675159235,4.768099547511312,18.040816326530614,20.20704987472772,0.417420814479638,0.4762443438914027,3.575117370892019,3.8979591836734695,1.1459276018099547
control,cruz_e_sousa,evocações__microform,control_cruz_e_sousa_evocações__microform_026,1000,901,35,75.9299384947789,0.0076014305093106424,0.562708102108768,0.7557980049875311,4.962264150943396,25.742857142857144,20.949385067201316,0.4261931187569367,0.5049944506104328,3.5862857142857143,4.885714285714286,1.0943396226415094
control,cruz_e_sousa,evocações__microform,control_cruz_e_sousa_evocações__microform_027,1000,917,40,99.1331792900133,0.00992414032848714,0.5114503816793893,0.7050366748166259,4.871319520174482,22.925,20.356064821079737,0.440567066521265,0.5005452562704471,4.033783783783784,3.9,1.0752453653217011
control,cruz_e_sousa,evocações__microform,control_cruz_e_sousa_evocações__microform_028,1000,936,31,88.32365402878223,0.008841811782988254,0.5245726495726496,0.7249820788530466,5.122863247863248,30.193548387096776,29.670686473286157,0.4636752136752137,0.5,4.021905805038335,4.387096774193548,1.0918803418803418
control,cruz_e_sousa,evocações__microform,control_cruz_e_sousa_evocações__microform_029,1000,916,37,94.63015579413054,0.009473357672942467,0.5054585152838428,0.7465483476132191,4.88646288209607,24.756756756756758,17.943462869570176,0.43231441048034935,0.5054585152838428,3.4683972911963883,4.594594594594595,1.1342794759825328
control,cruz_e_sousa,evocações__microform,control_cruz_e_sousa_evocações__microform_030,1000,894,36,85.4566110635657,0.008555230715658202,0.5413870246085011,0.7516352201257862,5.02572706935123,24.833333333333332,17.727097901235837,0.42841163310961966,0.5022371364653244,3.855005753739931,4.527777777777778,1.1252796420581654
control,cruz_e_sousa,evocações__microform,control_cruz_e_sousa_evocações__microform_031,1000,876,45,79.9868643272659,0.008007827788649707,0.5422374429223744,0.741827541827542,4.9326484018264845,19.466666666666665,19.951719502617085,0.4337899543378995,0.5114155251141552,4.199288256227758,3.7555555555555555,1.17351598173516
control,cruz_e_sousa,evocações__microform,control_cruz_e_sousa_evocações__microform_032,1000,890,35,99.128897866431,0.009924040393827176,0.5640449438202247,0.7468520859671302,5.101123595505618,25.428571428571427,23.49259544657266,0.4337078651685393,0.5078651685393258,3.7857142857142856,4.171428571428572,1.0629213483146067
control,cruz_e_sousa,evocações__microform,control_cruz_e_sousa_evocações__microform_033,1000,882,65,69.3898118582278,0.006946857441425302,0.6349206349206349,0.8025159642401021,5.315192743764173,13.569230769230769,19.453272796247088,0.35374149659863946,0.3979591836734694,4.204678362573099,2.9076923076923076,1.1439909297052153
control,cruz_e_sousa,evocações__microform,control_cruz_e_sousa_evocações__microform_034,1000,874,45,84.69961093161717,0.0084796632249981,0.5915331807780321,0.7514709677419354,5.157894736842105,19.42222222222222,18.78354940885939,0.37528604118993136,0.4233409610983982,4.239669421487603,3.888888888888889,1.1590389016018308
control,cruz_e_sousa,evocações__microform,control_cruz_e_sousa_evocações__microform_035,1000,865,50,97.99191419693274,0.00981053307642903,0.6127167630057804,0.7785248041775455,5.343352601156069,17.3,19.379628479411057,0.36647398843930634,0.40115606936416187,4.010714285714286,3.76,1.1398843930635838
control,cruz_e_sousa,evocações__microform,control_cruz_e_sousa_evocações__microform_036,1000,904,51,78.48598167436761,0.007857289859759503,0.5376106194690266,0.7384596273291926,4.567477876106195,17.725490196078432,20.084213321903047,0.4325221238938053,0.5022123893805309,4.073478760045925,3.5686274509803924,1.1106194690265487
control,cruz_e_sousa,evocações__microform,control_cruz_e_sousa_evocações__microform_037,1000,900,48,81.82716049382717,0.008191818069459894,0.54,0.7396129837702871,4.808888888888889,18.75,17.349951969193842,0.44666666666666666,0.48777777777777775,3.8649592549476135,3.7291666666666665,1.1122222222222222
control,cruz_e_sousa,evocações__microform,control_cruz_e_sousa_evocações__microform_038,1000,887,42,69.55027460410871,0.006962877378537745,0.5693348365276212,0.785507614213198,5.041713641488163,21.11904761904762,21.036478952334637,0.38895152198421645,0.4588500563697858,3.5,3.9047619047619047,1.120631341600902
control,cruz_e_sousa,evocações__microform,control_cruz_e_sousa_evocações__microform_039,1000,889,42,118.5847269653723,0.011871826832456753,0.595050618672666,0.7497848101265822,5.191226096737908,21.166666666666668,23.77265001822239,0.3914510686164229,0.4161979752530934,3.6647331786542923,4.0476190476190474,1.1327334083239595
control,cruz_e_sousa,evocações__microform,control_cruz_e_sousa_evocações__microform_040,1000,876,47,112.20053793707388,0.011232876712328766,0.6141552511415526,0.7858558558558558,5.469178082191781,18.638297872340427,23.367940879173513,0.3995433789954338,0.4315068493150685,3.6429418742586,3.5106382978723403,1.115296803652968
control,cruz_e_sousa,evocações__microform,control_cruz_e_sousa_evocações__microform_041,1000,878,49,75.10857664707012,0.00751942192658239,0.5660592255125285,0.7511296534017973,4.830296127562642,17.918367346938776,21.8303633657661,0.40888382687927105,0.4874715261958998,4.10377358490566,3.183673469387755,1.1150341685649203
control,cruz_e_sousa,evocações__microform,control_cruz_e_sousa_evocações__microform_042,1000,888,47,73.47719340962584,0.007356003128269194,0.5349099099099099,0.7504562737642586,4.99436936936937,18.893617021276597,19.68716402488406,0.42680180180180183,0.4740990990990991,3.584507042253521,3.617021276595745,1.0923423423423424
control,cruz_e_sousa,evocações__microform,control_cruz_e_sousa_evocações__microform_043,1000,894,58,87.1582361154903,0.008725583772368234,0.5906040268456376,0.7750691823899372,4.967561521252796,15.413793103448276,15.164653187660486,0.38478747203579416,0.42393736017897093,3.266745005875441,3.4482758620689653,1.116331096196868
control,cruz_e_sousa,evocações__microform,control_cruz_e_sousa_evocações__microform_044,1000,862,43,83.89812716339813,0.008399556981980161,0.5475638051044084,0.7221100917431194,4.880510440835267,20.046511627906977,19.67639772331673,0.4361948955916473,0.4802784222737819,4.149700598802395,3.697674418604651,1.111368909512761
control,cruz_e_sousa,evocações__microform,control_cruz_e_sousa_evocações__microform_045,1000,871,57,89.97668198792314,0.009008010346147248,0.5327210103329506,0.7570725388601037,5.025258323765787,15.280701754385966,16.192649822665548,0.3857634902411022,0.44087256027554533,3.6432818073721758,3.43859649122807,1.1090700344431688
control,cruz_e_sousa,evocações__microform,control_cruz_e_sousa_evocações__microform_046,1000,843,52,71.03366078049783,0.007111802379805186,0.561091340450771,0.7478629032258065,4.758007117437723,16.21153846153846,21.776254303237966,0.4258600237247924,0.4792408066429419,3.8249075215782984,3.519230769230769,1.150652431791222
control,cruz_e_sousa,evocações__microform,control_cruz_e_sousa_evocações__microform_047,1000,855,55,82.84258404295339,0.008293958941068519,0.48771929824561405,0.6597089947089947,4.80233918128655,15.545454545454545,18.75470188979837,0.4233918128654971,0.5099415204678363,3.503614457831325,3.381818181818182,1.1087719298245613
control,cruz_e_sousa,evocações__microform,control_cruz_e_sousa_evocações__microform_048,1000,847,51,69.47222574570434,0.006955434421585292,0.5914994096812278,0.7786229946524065,4.779220779220779,16.607843137254903,14.707712304444087,0.4167650531286895,0.48288075560802834,3.425948592411261,4.235294117647059,1.051948051948052
control,cruz_e_sousa,evocações__microform,control_cruz_e_sousa_evocações__microform_049,1000,867,62,90.75561834748147,0.009086041698298665,0.5640138408304498,0.7609635416666668,4.7923875432525955,13.983870967741936,17.02037861627688,0.4244521337946944,0.45213379469434833,2.908872901678657,3.4516129032258065,1.055363321799308
control,cruz_e_sousa,evocações__microform,control_cruz_e_sousa_evocações__microform_050,1000,908,43,87.37798133090105,0.008747431868628242,0.5594713656387665,0.7535105067985166,4.933920704845815,21.11627906976744,21.84747263582868,0.43942731277533037,0.486784140969163,3.0841865756541527,3.953488372093023,1.0594713656387664
control,cruz_e_sousa,evocações__microform,control_cruz_e_sousa_evocações__microform_051,1000,851,54,81.85572789874634,0.008195202875509781,0.6063454759106933,0.7881515957446807,5.003525264394829,15.75925925925926,18.12092629590644,0.40540540540540543,0.45475910693301996,3.252141982864137,3.685185185185185,1.0928319623971798
control,cruz_e_sousa,evocações__microform,control_cruz_e_sousa_evocações__microform_052,1000,892,51,93.35598946288886,0.009346076610650601,0.547085201793722,0.7653215636822194,4.831838565022421,17.49019607843137,17.818664535927102,0.4304932735426009,0.484304932735426,3.191637630662021,3.6470588235294117,1.0650224215246638
control,cruz_e_sousa,evocações__microform,control_cruz_e_sousa_evocações__microform_053,1000,906,39,72.34088173520655,0.007242081641115705,0.5938189845474614,0.8096530359355638,5.254966887417218,23.23076923076923,25.293620902959763,0.40286975717439294,0.4315673289183223,3.7052154195011338,3.9743589743589745,1.0805739514348787
control,cruz_e_sousa,evocações__microform,control_cruz_e_sousa_evocações__microform_054,1000,852,43,79.21157618638277,0.00793046567694455,0.5352112676056338,0.7464010624169987,4.865023474178404,19.813953488372093,20.103517931126856,0.4119718309859155,0.45539906103286387,3.8866103739445115,3.7674418604651163,1.0727699530516432
control,cruz_e_sousa,evocações__microform,control_cruz_e_sousa_evocações__microform_055,1000,842,62,87.6490202605492,0.0087753240260859,0.5676959619952494,0.7363660834454911,4.991686460807601,13.580645161290322,16.123063411688094,0.3990498812351544,0.44299287410926363,3.367245657568238,3.1129032258064515,1.1437054631828978
control,cruz_e_sousa,evocações__microform,control_cruz_e_sousa_evocações__microform_056,1000,820,57,88.37001784651993,0.008847791774621043,0.55,0.7400554785020805,5.0512195121951216,14.385964912280702,18.099873398767198,0.4170731707317073,0.4792682926829268,3.537878787878788,3.0526315789473686,1.1341463414634145
control,cruz_e_sousa,evocações__microform,control_cruz_e_sousa_evocações__microform_057,1000,821,63,72.90357708210628,0.007299248388342592,0.5395858708891595,0.7386426592797785,4.858708891595615,13.031746031746032,14.272816046728625,0.41291108404384896,0.48964677222898906,3.802853437094682,3.0634920634920637,1.1595615103532277
control,cruz_e_sousa,evocações__microform,control_cruz_e_sousa_evocações__microform_058,1000,900,46,79.23456790123457,0.007932270423927822,0.6044444444444445,0.791023720349563,5.276666666666666,19.565217391304348,19.75463861202911,0.38,0.41888888888888887,3.878892733564014,3.5652173913043477,1.1244444444444444
control,cruz_e_sousa,evocações__microform,control_cruz_e_sousa_evocações__microform_059,1000,909,41,81.2072406360548,0.008129667592309892,0.570957095709571,0.7635679012345679,5.161716171617162,22.170731707317074,25.26242986886334,0.41254125412541254,0.44114411441144114,4.0806818181818185,4.024390243902439,1.1056105610561056
control,cruz_e_sousa,evocações__microform,control_cruz_e_sousa_evocações__microform_060,1000,893,45,79.75431657698486,0.007984372724579313,0.541993281075028,0.7452896725440806,5.147816349384098,19.844444444444445,20.02770920006752,0.3784994400895857,0.43673012318029114,3.5238095238095237,4.266666666666667,1.1388577827547592
control,cruz_e_sousa,evocações__microform,control_cruz_e_sousa_evocações__microform_061,1000,865,49,79.89575328276922,0.00799882252194391,0.5687861271676301,0.751827676240209,5.349132947976878,17.653061224489797,22.663961341524764,0.376878612716763,0.43815028901734104,3.4698795180722892,3.5510204081632653,1.0901734104046243
control,cruz_e_sousa,evocações__microform,control_cruz_e_sousa_evocações__microform_062,1000,891,45,76.78732706791068,0.00768736049634926,0.5701459034792368,0.7454545454545455,5.41638608305275,19.8,25.267106416577793,0.37485970819304154,0.42536475869809204,4.151972157772621,3.422222222222222,1.1335578002244668
control,cruz_e_sousa,evocações__microform,control_cruz_e_sousa_evocações__microform_063,1000,878,49,91.4534482490232,0.009155772812159905,0.5933940774487472,0.7739281129653401,5.235763097949886,17.918367346938776,18.320097957466785,0.3940774487471526,0.4293849658314351,3.762073027090695,3.5714285714285716,1.1059225512528474
control,cruz_e_sousa,evocações__microform,control_cruz_e_sousa_evocações__microform_064,1000,874,41,90.82625975943739,0.00909302990031481,0.5594965675057209,0.7256387096774194,5.173913043478261,21.317073170731707,24.32647761976423,0.40389016018306634,0.4691075514874142,3.7347417840375585,4.048780487804878,1.108695652173913
control,cruz_e_sousa,evocações__microform,control_cruz_e_sousa_evocações__microform_065,1000,930,33,77.95120823216557,0.007803511696007963,0.5795698924731183,0.7716365824308062,5.38494623655914,28.181818181818183,23.9348288704526,0.4268817204301075,0.46344086021505376,3.862183020948181,4.515151515151516,1.1440860215053763
control,cruz_e_sousa,evocações__microform,control_cruz_e_sousa_evocações__microform_066,1000,883,40,90.03589892893191,0.009013798044699194,0.5866364665911665,0.7744132653061224,5.122310305775764,22.075,23.423692599588133,0.40543601359003395,0.45413363533408835,3.5594405594405596,4.225,1.129105322763307
control,cruz_e_sousa,evocações__microform,control_cruz_e_sousa_evocações__microform_067,1000,897,41,85.45765707318711,0.008555303392259914,0.5674470457079153,0.7594611528822055,5.142697881828316,21.878048780487806,28.08366865231874,0.43032329988851725,0.496098104793757,3.6289954337899544,3.707317073170732,1.0936454849498327
control,cruz_e_sousa,evocações__microform,control_cruz_e_sousa_evocações__microform_068,1000,889,35,84.85159827462512,0.008494715187628574,0.5579302587176603,0.7458607594936709,4.9550056242969625,25.4,26.144871116803877,0.4499437570303712,0.5016872890888638,3.9663573085846866,4.571428571428571,1.1181102362204725
control,cruz_e_sousa,evocações__microform,control_cruz_e_sousa_evocações__microform_069,1120,934,98,70.24655072011885,0.007032184177126582,0.6124197002141327,0.7674850299401198,5.23982869379015,9.53061224489796,15.59906072632335,0.3533190578158458,0.3811563169164882,3.7144508670520233,2.377551020408163,1.1327623126338329
control,cruz_e_sousa,faróis__1900,control_cruz_e_sousa_faróis__1900_000,1000,975,156,65.51479289940828,0.006558205654714895,0.5682051282051283,0.7638013698630138,4.952820512820513,6.25,4.6679828729938695,0.3558974358974359,0.39692307692307693,2.36144578313253,2.1858974358974357,1.0123076923076924
control,cruz_e_sousa,faróis__1900,control_cruz_e_sousa_faróis__1900_001,1000,990,88,92.05183144577084,0.009214490710951782,0.5383838383838384,0.7512457912457912,4.735353535353536,11.25,7.457836025404299,0.4101010101010101,0.45555555555555555,2.5887541345093714,3.0795454545454546,1.0636363636363637
control,cruz_e_sousa,faróis__1900,control_cruz_e_sousa_faróis__1900_002,1000,993,102,93.01768979026397,0.009311145762271383,0.5760322255790534,0.773702460850112,4.938569989929507,9.735294117647058,5.414081984697334,0.3716012084592145,0.40584088620342396,2.458006718924972,2.9215686274509802,1.0654582074521652
control,cruz_e_sousa,faróis__1900,control_cruz_e_sousa_faróis__1900_003,1000,990,107,95.52086521783491,0.009561744849914719,0.4818181818181818,0.6883277216610549,4.684848484848485,9.25233644859813,6.043600860698682,0.36767676767676766,0.3888888888888889,2.547191011235955,2.7757009345794392,1.084848484848485
control,cruz_e_sousa,faróis__1900,control_cruz_e_sousa_faróis__1900_004,1000,999,84,75.65122680237795,0.007572702963484526,0.5835835835835835,0.7812666666666667,5.165165165165165,11.892857142857142,7.385664778318,0.3793793793793794,0.3963963963963964,2.831877729257642,3.1785714285714284,1.1341341341341342
control,cruz_e_sousa,faróis__1900,control_cruz_e_sousa_faróis__1900_005,1000,993,85,73.22151333250173,0.00732953253419095,0.5488418932527693,0.7643512304250561,4.922457200402819,11.68235294117647,7.331177202165433,0.3877139979859013,0.43303121852970794,2.618838992332968,3.152941176470588,1.1097683786505539
control,cruz_e_sousa,faróis__1900,control_cruz_e_sousa_faróis__1900_006,1000,988,109,71.95659656771952,0.00720295009208783,0.5394736842105263,0.7519797525309336,4.676113360323886,9.064220183486238,7.0727221565542076,0.3937246963562753,0.4382591093117409,2.492063492063492,2.706422018348624,1.0819838056680162
control,cruz_e_sousa,faróis__1900,control_cruz_e_sousa_faróis__1900_007,1000,987,101,76.24960350822086,0.007632693576330019,0.5309017223910841,0.7608445945945946,4.787234042553192,9.772277227722773,6.665830094882246,0.3951367781155015,0.4690982776089159,2.5179372197309418,2.881188118811881,1.0678824721377913
control,cruz_e_sousa,faróis__1900,control_cruz_e_sousa_faróis__1900_008,1000,986,80,82.02049792428687,0.008210376746532676,0.5060851926977687,0.7434611048478016,4.5020283975659225,12.325,8.430265416936765,0.43610547667342797,0.5060851926977687,2.9331872946330777,3.125,1.0841784989858012
control,cruz_e_sousa,faróis__1900,control_cruz_e_sousa_faróis__1900_009,1000,985,133,70.80831765827514,0.007088027733069209,0.5492385786802031,0.7561625282167044,4.793908629441624,7.406015037593985,5.632928956710959,0.4020304568527919,0.4588832487309645,2.2988372093023255,2.5714285714285716,1.0365482233502539
control,cruz_e_sousa,faróis__1900,control_cruz_e_sousa_faróis__1900_010,1000,994,96,81.29258448072743,0.008137445012471607,0.540241448692153,0.7620558659217876,4.823943661971831,10.354166666666666,7.6034246213283545,0.3903420523138833,0.4154929577464789,2.7533333333333334,2.8333333333333335,1.0814889336016096
control,cruz_e_sousa,faróis__1900,control_cruz_e_sousa_faróis__1900_011,1000,984,93,71.65460374115936,0.007172749753947183,0.5121951219512195,0.7607683615819208,4.816056910569106,10.580645161290322,6.369150414546806,0.4166666666666667,0.48272357723577236,2.7138084632516706,3.064516129032258,1.0853658536585367
control,cruz_e_sousa,faróis__1900,control_cruz_e_sousa_faróis__1900_012,1000,988,99,77.14025799472209,0.0077218414284483715,0.5313765182186235,0.755185601799775,4.982793522267206,9.97979797979798,6.08853832615734,0.4058704453441296,0.45040485829959515,2.5503355704697985,2.919191919191919,1.0789473684210527
control,cruz_e_sousa,faróis__1900,control_cruz_e_sousa_faróis__1900_013,1089,1080,106,78.05212620027434,0.007812446366663234,0.5074074074074074,0.7243017329255861,4.715740740740741,10.18867924528302,5.61687687267371,0.412962962962963,0.4740740740740741,2.662921348314607,3.009433962264151,1.1037037037037036
control,humberto_de_campos,mealheiro_de_agripa__1925,control_humberto_de_campos_mealheiro_de_agripa__1925_000,1000,911,58,83.30913424289781,0.008340068274206584,0.5422612513721186,0.7679679802955665,4.491767288693743,15.706896551724139,12.23337523657938,0.44127332601536773,0.4884742041712404,2.9364161849710984,3.7586206896551726,1.1251372118551042
control,humberto_de_campos,mealheiro_de_agripa__1925,control_humberto_de_campos_mealheiro_de_agripa__1925_001,1000,906,52,79.33375241826626,0.007942141402314832,0.5419426048565121,0.7789343246592318,4.579470198675497,17.423076923076923,16.222427677857393,0.4381898454746137,0.5044150110375276,3.24274099883856,3.673076923076923,1.1269315673289184
control,humberto_de_campos,mealheiro_de_agripa__1925,control_humberto_de_campos_mealheiro_de_agripa__1925_002,1000,892,51,69.45142673289227,0.0069529374462109885,0.5919282511210763,0.8022194199243381,4.643497757847534,17.49019607843137,13.491279026299724,0.4304932735426009,0.4585201793721973,3.1181286549707603,3.823529411764706,1.0672645739910314
control,humberto_de_campos,mealheiro_de_agripa__1925,control_humberto_de_campos_mealheiro_de_agripa__1925_003,1000,916,48,97.37133159169352,0.009747774834753144,0.527292576419214,0.7545654834761324,4.262008733624454,19.083333333333332,12.93547018429902,0.45305676855895194,0.5065502183406113,2.9372146118721463,4.208333333333333,1.0764192139737991
control,humberto_de_campos,mealheiro_de_agripa__1925,control_humberto_de_campos_mealheiro_de_agripa__1925_004,1000,906,61,90.61493404285387,0.009071506104179625,0.5794701986754967,0.7813135068153655,4.2781456953642385,14.852459016393443,11.428804658425635,0.42935982339955847,0.4735099337748344,3.032863849765258,3.5737704918032787,1.0805739514348787
control,humberto_de_campos,mealheiro_de_agripa__1925,control_humberto_de_campos_mealheiro_de_agripa__1925_005,1000,895,73,80.12234324771387,0.008021196555559721,0.6,0.7972361809045228,4.5296089385474865,12.26027397260274,11.529625208964323,0.40893854748603353,0.4547486033519553,2.7283653846153846,3.164383561643836,1.071508379888268
control,humberto_de_campos,mealheiro_de_agripa__1925,control_humberto_de_campos_mealheiro_de_agripa__1925_006,1000,901,65,83.02527343523843,0.008311752373905537,0.5771365149833518,0.7863466334164588,4.267480577136515,13.861538461538462,12.292432848116103,0.4284128745837958,0.4739178690344062,3.094674556213018,3.292307692307692,1.13984461709212
control,humberto_de_campos,mealheiro_de_agripa__1925,control_humberto_de_campos_mealheiro_de_agripa__1925_007,1000,869,61,75.56004613585712,0.007564709688025327,0.5995397008055235,0.787025974025974,4.311852704257768,14.245901639344263,12.140780402313949,0.3993095512082854,0.4441887226697353,3.266829865361077,3.639344262295082,1.1024165707710012
control,humberto_de_campos,mealheiro_de_agripa__1925,control_humberto_de_campos_mealheiro_de_agripa__1925_008,1000,907,86,106.50958063524055,0.01066271408787673,0.5567805953693495,0.7556683168316832,4.036383682469681,10.546511627906977,8.622114585429921,0.422271223814774,0.45093715545755236,2.9,3.0,1.1102535832414553
control,humberto_de_campos,mealheiro_de_agripa__1925,control_humberto_de_campos_mealheiro_de_agripa__1925_009,1000,924,68,84.77633477633478,0.008486818345973276,0.5541125541125541,0.7752363636363637,4.2813852813852815,13.588235294117647,11.567239863609805,0.43722943722943725,0.47186147186147187,3.066666666666667,3.2941176470588234,1.1147186147186148
control,humberto_de_campos,mealheiro_de_agripa__1925,control_humberto_de_campos_mealheiro_de_agripa__1925_010,1000,908,76,78.40245298763803,0.00784888945014061,0.5892070484581498,0.78451174289246,4.077092511013216,11.947368421052632,10.974725433374184,0.4052863436123348,0.45594713656387664,3.1392857142857142,3.1447368421052633,1.1354625550660793
control,humberto_de_campos,mealheiro_de_agripa__1925,control_humberto_de_campos_mealheiro_de_agripa__1925_011,1000,910,77,79.96618765849536,0.008005415926208006,0.5681318681318681,0.7853760789149199,4.263736263736264,11.818181818181818,10.09915423066379,0.4153846153846154,0.4758241758241758,2.962219598583235,3.038961038961039,1.0824175824175823
control,humberto_de_campos,mealheiro_de_agripa__1925,control_humberto_de_campos_mealheiro_de_agripa__1925_012,1000,910,80,68.27677816688805,0.006835189013406835,0.5934065934065934,0.7959432799013564,4.276923076923077,11.375,10.934320966571267,0.3758241758241758,0.4142857142857143,3.2007083825265643,2.85,1.0681318681318681
control,humberto_de_campos,mealheiro_de_agripa__1925,control_humberto_de_campos_mealheiro_de_agripa__1925_013,1000,908,78,66.3946515554348,0.006646785403785535,0.6244493392070485,0.7937577255871447,4.23568281938326,11.64102564102564,9.985854558111328,0.3700440528634361,0.394273127753304,3.2230130486358246,3.0128205128205128,1.1354625550660793
control,humberto_de_campos,mealheiro_de_agripa__1925,control_humberto_de_campos_mealheiro_de_agripa__1925_014,1000,901,58,83.986100041759,0.008407941793069428,0.5926748057713651,0.7997007481296757,3.9644839067702553,15.53448275862069,13.247271049152076,0.4051054384017758,0.44173140954495005,3.3562130177514793,3.413793103448276,1.118756936736959
control,humberto_de_campos,mealheiro_de_agripa__1925,control_humberto_de_campos_mealheiro_de_agripa__1925_015,1000,914,61,85.2051003356492,0.008529842465146042,0.5656455142231948,0.7723558282208589,4.226477024070022,14.98360655737705,12.652339644040296,0.42560175054704596,0.4671772428884026,3.0872093023255816,3.377049180327869,1.1323851203501094
control,humberto_de_campos,mealheiro_de_agripa__1925,control_humberto_de_campos_mealheiro_de_agripa__1925_016,1000,918,59,74.04559499907442,0.00741263426490189,0.5838779956427015,0.7896947496947497,4.094771241830065,15.559322033898304,15.101095690902223,0.41830065359477125,0.46296296296296297,3.25,3.6610169491525424,1.0751633986928104
control,humberto_de_campos,mealheiro_de_agripa__1925,control_humberto_de_campos_mealheiro_de_agripa__1925_017,1000,915,63,84.11120069276478,0.00842032260764549,0.5868852459016394,0.7839705882352942,4.304918032786885,14.523809523809524,11.25442719640917,0.4306010928961749,0.47759562841530057,3.173862310385064,3.5396825396825395,1.1311475409836065
control,humberto_de_campos,mealheiro_de_agripa__1925,control_humberto_de_campos_mealheiro_de_agripa__1925_018,1000,903,72,85.74837903432511,0.008584344375609265,0.5858250276854928,0.7873009950248756,4.425249169435216,12.541666666666666,10.348023831738224,0.42857142857142855,0.46179401993355484,2.748809523809524,3.1666666666666665,1.0686600221483942
control,humberto_de_campos,mealheiro_de_agripa__1925,control_humberto_de_campos_mealheiro_de_agripa__1925_019,1000,910,59,70.03985025963048,0.007011690180007012,0.5912087912087912,0.7928113440197287,4.274725274725275,15.423728813559322,13.98571109774218,0.4175824175824176,0.44835164835164837,3.0872093023255816,3.559322033898305,1.078021978021978
control,humberto_de_campos,mealheiro_de_agripa__1925,control_humberto_de_campos_mealheiro_de_agripa__1925_020,1000,918,60,67.78019849915275,0.006785411365564037,0.6078431372549019,0.8185347985347985,4.375816993464053,15.3,12.302167830644049,0.40631808278867104,0.4335511982570806,3.112009237875289,3.716666666666667,1.0925925925925926
control,humberto_de_campos,mealheiro_de_agripa__1925,control_humberto_de_campos_mealheiro_de_agripa__1925_021,1000,894,63,74.92155008032671,0.007500544879262271,0.5838926174496645,0.7919245283018869,4.252796420581656,14.19047619047619,15.00566786341784,0.4507829977628635,0.4742729306487696,3.19811320754717,3.015873015873016,1.063758389261745
control,humberto_de_campos,mealheiro_de_agripa__1925,control_humberto_de_campos_mealheiro_de_agripa__1925_022,1000,906,61,86.69210414747891,0.008678789652775238,0.5717439293598234,0.780371747211896,4.396247240618101,14.852459016393443,10.976631012267282,0.4282560706401766,0.45695364238410596,3.031615925058548,3.540983606557377,1.0938189845474613
control,humberto_de_campos,mealheiro_de_agripa__1925,control_humberto_de_campos_mealheiro_de_agripa__1925_023,1000,906,59,74.0220945475101,0.0074103886917175855,0.5916114790286976,0.8033209417596034,4.235099337748345,15.35593220338983,11.16405052527965,0.41721854304635764,0.434878587196468,3.0093457943925235,3.593220338983051,1.0927152317880795
control,humberto_de_campos,mealheiro_de_agripa__1925,control_humberto_de_campos_mealheiro_de_agripa__1925_024,1000,900,72,105.1358024691358,0.010525274996910148,0.5577777777777778,0.7590387016229713,4.12,12.5,9.976360948651456,0.4266666666666667,0.4777777777777778,2.9535160905840288,3.3333333333333335,1.0844444444444445
control,humberto_de_campos,mealheiro_de_agripa__1925,control_humberto_de_campos_mealheiro_de_agripa__1925_025,1000,887,83,78.06611597559132,0.007815422671597008,0.5749718151071026,0.7889213197969545,4.0642615558060875,10.686746987951807,9.481659799341186,0.40022547914317924,0.4351747463359639,3.197546012269939,2.963855421686747,1.1195039458850056
control,humberto_de_campos,mealheiro_de_agripa__1925,control_humberto_de_campos_mealheiro_de_agripa__1925_026,1000,909,71,98.27165334795306,0.009837988204106755,0.5786578657865786,0.7862592592592592,3.902090209020902,12.80281690140845,11.678341236532585,0.42244224422442245,0.44994499449944997,3.282172373081464,2.971830985915493,1.1155115511551155
control,humberto_de_campos,mealheiro_de_agripa__1925,control_humberto_de_campos_mealheiro_de_agripa__1925_027,1000,908,92,91.57464728599429,0.009167561161596782,0.5704845814977973,0.7858714462299135,3.7268722466960353,9.869565217391305,8.973653939636595,0.3997797356828194,0.45484581497797355,2.932121212121212,2.8043478260869565,1.0737885462555066
control,humberto_de_campos,mealheiro_de_agripa__1925,control_humberto_de_campos_mealheiro_de_agripa__1925_028,1000,860,99,73.44510546241212,0.007353060616725776,0.6069767441860465,0.7886070959264128,4.023255813953488,8.686868686868687,9.666819711062745,0.363953488372093,0.40348837209302324,3.3550446998722863,2.595959595959596,1.1151162790697675
control,humberto_de_campos,mealheiro_de_agripa__1925,control_humberto_de_campos_mealheiro_de_agripa__1925_029,1000,911,76,68.07876894306807,0.006815358077707145,0.6212952799121844,0.8086206896551723,4.139407244785949,11.986842105263158,9.50552944489158,0.3765093304061471,0.38309549945115257,3.043838862559242,3.0,1.1317233809001097
control,humberto_de_campos,mealheiro_de_agripa__1925,control_humberto_de_campos_mealheiro_de_agripa__1925_030,1000,904,60,76.38127496280053,0.007646586109232745,0.5862831858407079,0.7928571428571428,4.126106194690266,15.066666666666666,10.653429286176145,0.4170353982300885,0.4480088495575221,3.112160566706021,3.6166666666666667,1.1061946902654867
control,humberto_de_campos,mealheiro_de_agripa__1925,control_humberto_de_campos_mealheiro_de_agripa__1925_031,1000,919,61,72.96098209602386,0.007304046029002823,0.5669205658324266,0.784829268292683,3.989118607181719,15.065573770491802,13.5657099691048,0.40043525571273125,0.42219804134929273,3.640877598152425,3.19672131147541,1.131664853101197
control,humberto_de_campos,mealheiro_de_agripa__1925,control_humberto_de_campos_mealheiro_de_agripa__1925_032,669,532,84,127.90434733450167,0.012814522181159112,0.6428571428571429,0.7410161662817552,3.9830827067669174,6.333333333333333,7.0733122390960546,0.39097744360902253,0.424812030075188,2.731868131868132,2.261904761904762,1.150375939849624
control,humberto_de_campos,memórias_e_memórias_inacabadas,control_humberto_de_campos_memórias_e_memórias_inacabadas_000,1000,922,66,97.9903162510999,0.0098096711817062,0.5401301518438177,0.758408262454435,5.0249457700650755,13.969696969696969,19.98557790384348,0.4002169197396963,0.4566160520607375,3.2546082949308754,3.242424242424242,1.061822125813449
control,humberto_de_campos,memórias_e_memórias_inacabadas,control_humberto_de_campos_memórias_e_memórias_inacabadas_001,1000,929,57,81.31711007935891,0.008140473627556512,0.5166846071044133,0.7804939759036146,4.672766415500538,16.29824561403509,14.144572962466945,0.45532831001076424,0.5156081808396125,3.0508474576271185,3.9649122807017543,1.1453175457481162
control,humberto_de_campos,memórias_e_memórias_inacabadas,control_humberto_de_campos_memórias_e_memórias_inacabadas_002,1000,936,55,96.31364599313318,0.009641665524018465,0.5566239316239316,0.7752568697729988,4.848290598290598,17.01818181818182,13.103075154802276,0.4305555555555556,0.5010683760683761,2.7887640449438202,3.9454545454545453,1.1292735042735043
control,humberto_de_campos,memórias_e_memórias_inacabadas,control_humberto_de_campos_memórias_e_memórias_inacabadas_003,1000,926,62,90.54480825119303,0.009064269453038351,0.6025917926565875,0.7621160822249093,4.814254859611231,14.935483870967742,19.194144745411407,0.38444924406047515,0.43844492440604754,3.509781357882624,3.467741935483871,1.099352051835853
control,humberto_de_campos,memórias_e_memórias_inacabadas,control_humberto_de_campos_memórias_e_memórias_inacabadas_004,1000,886,116,22.777186125789175,0.0022802923059264645,0.7516930022573364,0.8852986022871665,5.9198645598194135,7.637931034482759,9.033841119620938,0.23137697516930023,0.23024830699774265,3.1969504447268107,2.2155172413793105,1.0767494356659142
control,humberto_de_campos,memórias_e_memórias_inacabadas,control_humberto_de_campos_memórias_e_memórias_inacabadas_005,1000,976,52,89.81960494490728,0.008991172761664565,0.5338114754098361,0.7637628278221209,4.721311475409836,18.76923076923077,15.55710990637571,0.45491803278688525,0.5379098360655737,2.9190938511326863,4.480769230769231,1.1383196721311475
control,humberto_de_campos,memórias_e_memórias_inacabadas,control_humberto_de_campos_memórias_e_memórias_inacabadas_006,1000,960,43,82.421875,0.008250782064650677,0.509375,0.7682462253193961,4.796875,22.325581395348838,16.428450832473608,0.4479166666666667,0.5145833333333333,3.0954446854663775,4.651162790697675,1.1541666666666666
control,humberto_de_campos,memórias_e_memórias_inacabadas,control_humberto_de_campos_memórias_e_memórias_inacabadas_007,1000,968,53,80.63827607403866,0.008072166622509765,0.5320247933884298,0.7747756041426928,4.547520661157025,18.264150943396228,9.71509415640333,0.4690082644628099,0.5351239669421488,2.882034632034632,4.3584905660377355,1.103305785123967
control,humberto_de_campos,memórias_e_memórias_inacabadas,control_humberto_de_campos_memórias_e_memórias_inacabadas_008,1000,961,53,88.4441176757215,0.008853624696496705,0.522372528616025,0.7755800464037123,4.352757544224766,18.132075471698112,11.784283963084304,0.46097814776274715,0.5504682622268471,3.045801526717557,4.245283018867925,1.1207075962539021
control,humberto_de_campos,memórias_e_memórias_inacabadas,control_humberto_de_campos_memórias_e_memórias_inacabadas_009,1000,962,61,89.27606640704354,0.00893689655396211,0.49480249480249483,0.7435573580533025,4.444906444906445,15.770491803278688,10.717525776713716,0.47297297297297297,0.5426195426195426,2.832414553472988,3.8360655737704916,1.1278586278586278
control,humberto_de_campos,memórias_e_memórias_inacabadas,control_humberto_de_campos_memórias_e_memórias_inacabadas_010,1000,969,40,102.60277050910528,0.010270876510673864,0.5232198142414861,0.7425172413793103,4.487100103199174,24.225,14.102282616654653,0.49019607843137253,0.5521155830753354,2.9871657754010696,4.85,1.1186790505675954
control,humberto_de_campos,memórias_e_memórias_inacabadas,control_humberto_de_campos_memórias_e_memórias_inacabadas_011,1000,964,55,85.35493534890928,0.008544356975737128,0.5155601659751037,0.7634566473988438,4.513485477178423,17.527272727272727,11.427008747945361,0.45643153526970953,0.533195020746888,2.76528384279476,4.163636363636364,1.107883817427386
control,humberto_de_campos,memórias_e_memórias_inacabadas,control_humberto_de_campos_memórias_e_memórias_inacabadas_012,1000,960,51,93.07725694444444,0.009317431352102884,0.5322916666666667,0.7711846689895471,4.623958333333333,18.823529411764707,10.624990671004792,0.46458333333333335,0.5416666666666666,2.7884405670665213,4.745098039215686,1.0989583333333333
control,humberto_de_campos,memórias_e_memórias_inacabadas,control_humberto_de_campos_memórias_e_memórias_inacabadas_013,1000,978,52,78.89311269190075,0.007897386306313094,0.49591002044989774,0.7669397042093289,4.580777096114519,18.807692307692307,9.629758487143386,0.46319018404907975,0.5194274028629857,2.8836206896551726,4.096153846153846,1.1451942740286298
control,humberto_de_campos,memórias_e_memórias_inacabadas,control_humberto_de_campos_memórias_e_memórias_inacabadas_014,1000,960,51,97.17881944444444,0.009728015293708724,0.475,0.7402903600464575,4.279166666666667,18.823529411764707,13.380855335292916,0.4875,0.5447916666666667,2.974945533769063,4.1568627450980395,1.1177083333333333
control,humberto_de_campos,memórias_e_memórias_inacabadas,control_humberto_de_campos_memórias_e_memórias_inacabadas_015,1000,967,56,89.29631297127867,0.008938875221866094,0.5408479834539814,0.7717626728110599,4.5429162357807655,17.267857142857142,12.117712937544555,0.44570837642192346,0.5336091003102379,2.865217391304348,4.107142857142857,1.1220268872802481
control,humberto_de_campos,memórias_e_memórias_inacabadas,control_humberto_de_campos_memórias_e_memórias_inacabadas_016,1000,957,56,94.27318258795937,0.009437179470363715,0.5318704284221526,0.7607692307692308,4.45141065830721,17.089285714285715,11.542277544677539,0.48484848484848486,0.5360501567398119,2.660812294182217,4.107142857142857,1.078369905956113
control,humberto_de_campos,memórias_e_memórias_inacabadas,control_humberto_de_campos_memórias_e_memórias_inacabadas_017,1000,959,59,97.59905880408533,0.009770093673603113,0.5057351407716372,0.7528604651162791,4.476538060479666,16.25423728813559,11.254518068786574,0.47132429614181437,0.543274244004171,2.687982359426681,4.135593220338983,1.1167883211678833
control,humberto_de_campos,memórias_e_memórias_inacabadas,control_humberto_de_campos_memórias_e_memórias_inacabadas_018,1000,959,66,98.25145892978108,0.009835401786394578,0.49009384775808135,0.7349999999999999,4.32533889468196,14.530303030303031,10.236920253269973,0.4984358706986444,0.5651720542231491,2.5183129855715873,3.8333333333333335,1.0980187695516164
control,humberto_de_campos,memórias_e_memórias_inacabadas,control_humberto_de_campos_memórias_e_memórias_inacabadas_019,1000,957,66,77.89493682910611,0.007797641688855078,0.5370950888192267,0.7766666666666668,4.698014629049112,14.5,12.70200413678523,0.4608150470219436,0.5151515151515151,2.7488888888888887,3.787878787878788,1.128526645768025
control,humberto_de_campos,memórias_e_memórias_inacabadas,control_humberto_de_campos_memórias_e_memórias_inacabadas_020,1000,963,56,78.24285694259783,0.007832419047372318,0.5399792315680166,0.7881365740740741,4.651090342679128,17.196428571428573,11.873469289099276,0.45067497403946,0.5160955347871236,2.610021786492375,4.25,1.1048805815160956
control,humberto_de_campos,memórias_e_memórias_inacabadas,control_humberto_de_campos_memórias_e_memórias_inacabadas_021,1000,977,51,83.28714999753805,0.008337248519220766,0.518935516888434,0.7692369020501139,4.424769703172979,19.15686274509804,11.687721979051027,0.4749232343909928,0.5394063459570113,2.6738197424892705,4.411764705882353,1.0910951893551688
control,humberto_de_campos,memórias_e_memórias_inacabadas,control_humberto_de_campos_memórias_e_memórias_inacabadas_022,1000,966,59,98.82591978190142,0.009892833006146816,0.5041407867494824,0.7340484429065743,4.413043478260869,16.372881355932204,10.204515957901979,0.4658385093167702,0.5362318840579711,2.940087145969499,4.237288135593221,1.1118012422360248
control,humberto_de_campos,memórias_e_memórias_inacabadas,control_humberto_de_campos_memórias_e_memórias_inacabadas_023,1000,963,65,94.35294904185928,0.009445102903046829,0.48494288681204567,0.7447685185185186,4.457943925233645,14.815384615384616,12.40085891279906,0.4755970924195223,0.5773624091381101,3.1513812154696135,3.646153846153846,1.1443406022845275
control,humberto_de_campos,memórias_e_memórias_inacabadas,control_humberto_de_campos_memórias_e_memórias_inacabadas_024,1000,974,52,88.94501389304673,0.008903642706251543,0.48357289527720737,0.760822857142857,4.491786447638604,18.73076923076923,11.378311664362203,0.49589322381930184,0.5616016427104723,3.053763440860215,4.25,1.126283367556468
control,humberto_de_campos,memórias_e_memórias_inacabadas,control_humberto_de_campos_memórias_e_memórias_inacabadas_025,1000,972,53,73.09607275313722,0.007317135192178103,0.5473251028806584,0.7909851088201604,4.715020576131687,18.339622641509433,9.667965769579013,0.4382716049382716,0.5113168724279835,2.854054054054054,4.339622641509434,1.1358024691358024
control,humberto_de_campos,memórias_e_memórias_inacabadas,control_humberto_de_campos_memórias_e_memórias_inacabadas_026,1000,950,67,84.38781163434903,0.008447673451278354,0.5168421052631579,0.7641833137485311,4.512631578947368,14.17910447761194,10.069794308077741,0.45789473684210524,0.5147368421052632,2.7755331088664423,3.746268656716418,1.1031578947368421
control,humberto_de_campos,memórias_e_memórias_inacabadas,control_humberto_de_campos_memórias_e_memórias_inacabadas_027,1000,950,83,85.54016620498615,0.00856303033664245,0.4978947368421053,0.7682961222091657,4.447368421052632,11.44578313253012,9.982216732406062,0.4368421052631579,0.5126315789473684,2.67836919592299,3.2650602409638556,1.0936842105263158
control,humberto_de_campos,memórias_e_memórias_inacabadas,control_humberto_de_campos_memórias_e_memórias_inacabadas_028,1000,950,66,87.44598337950139,0.00875381287782153,0.5136842105263157,0.753454759106933,4.5610526315789475,14.393939393939394,11.974567478592169,0.4536842105263158,0.5557894736842105,2.738015607580825,3.6515151515151514,1.0821052631578947
control,humberto_de_campos,memórias_e_memórias_inacabadas,control_humberto_de_campos_memórias_e_memórias_inacabadas_029,1000,966,60,98.69732392011625,0.009879960093972259,0.4927536231884058,0.7436908881199539,4.594202898550725,16.1,11.925742464657425,0.46273291925465837,0.5362318840579711,2.823658269441402,3.7666666666666666,1.1076604554865424
control,humberto_de_campos,memórias_e_memórias_inacabadas,control_humberto_de_campos_memórias_e_memórias_inacabadas_030,1000,962,60,89.1463989177087,0.008923916312053668,0.4979209979209979,0.7603012746234068,4.571725571725572,16.033333333333335,11.331323351175223,0.5,0.5540540540540541,2.745054945054945,3.8833333333333333,1.106029106029106
control,humberto_de_campos,memórias_e_memórias_inacabadas,control_humberto_de_campos_memórias_e_memórias_inacabadas_031,1000,967,53,102.25764606363673,0.010236350284010012,0.4932781799379524,0.7382834101382489,4.415718717683557,18.245283018867923,14.109953211718366,0.49431230610134436,0.5542916235780765,3.009782608695652,4.0,1.1437435367114788
control,humberto_de_campos,memórias_e_memórias_inacabadas,control_humberto_de_campos_memórias_e_memórias_inacabadas_032,1000,966,46,96.38259840798324,0.009648247674830239,0.5248447204968945,0.7369780853517878,4.554865424430642,21.0,14.132909482296368,0.44824016563146996,0.5289855072463768,3.738095238095238,4.456521739130435,1.1687370600414078
control,humberto_de_campos,memórias_e_memórias_inacabadas,control_humberto_de_campos_memórias_e_memórias_inacabadas_033,1000,970,59,102.41258369646084,0.010251827263732406,0.5072164948453608,0.7634443168771528,4.396907216494846,16.440677966101696,10.913016930409885,0.4670103092783505,0.51340206185567,2.6459016393442623,4.372881355932203,1.1195876288659794
control,humberto_de_campos,memórias_e_memórias_inacabadas,control_humberto_de_campos_memórias_e_memórias_inacabadas_034,1000,961,66,85.58549291245137,0.00856746444675685,0.5171696149843913,0.7575754060324825,4.500520291363164,14.56060606060606,10.418702280440119,0.47346514047866806,0.5452653485952134,2.673649393605292,3.8636363636363638,1.0988553590010406
control,humberto_de_campos,memórias_e_memórias_inacabadas,control_humberto_de_campos_memórias_e_memórias_inacabadas_035,1000,975,59,88.42603550295858,0.008851682198704787,0.49743589743589745,0.7414155251141553,4.409230769230769,16.52542372881356,11.455671280264236,0.47794871794871796,0.5702564102564103,2.6862106406080346,4.0,1.1097435897435897
control,humberto_de_campos,memórias_e_memórias_inacabadas,control_humberto_de_campos_memórias_e_memórias_inacabadas_036,1000,978,48,89.59898963286369,0.008969069791293827,0.5040899795501023,0.7513083048919228,4.560327198364008,20.375,11.971537425633073,0.4734151329243354,0.5552147239263804,3.006423982869379,4.416666666666667,1.1329243353783232
control,humberto_de_campos,memórias_e_memórias_inacabadas,control_humberto_de_campos_memórias_e_memórias_inacabadas_037,1000,948,83,79.09166978226423,0.007917518791297413,0.5263713080168776,0.7781272084805655,4.530590717299578,11.421686746987952,9.967562428665417,0.4440928270042194,0.5242616033755274,2.774599542334096,3.1566265060240966,1.1434599156118144
control,humberto_de_campos,memórias_e_memórias_inacabadas,control_humberto_de_campos_memórias_e_memórias_inacabadas_038,1000,958,70,90.35002462506701,0.009044443426417366,0.5,0.7608381839348078,4.599164926931106,13.685714285714285,16.524910077250787,0.4592901878914405,0.534446764091858,3.2235817575083425,3.1714285714285713,1.1419624217118998
control,humberto_de_campos,memórias_e_memórias_inacabadas,control_humberto_de_campos_memórias_e_memórias_inacabadas_039,1000,962,53,91.95586118663041,0.009205154886736573,0.5343035343035343,0.7668829663962919,4.67047817047817,18.150943396226417,14.639564157878645,0.4397089397089397,0.5187110187110187,2.875409836065574,4.169811320754717,1.1247401247401247
control,humberto_de_campos,memórias_e_memórias_inacabadas,control_humberto_de_campos_memórias_e_memórias_inacabadas_040,1000,956,56,92.763607079708,0.009286074174680716,0.5251046025104602,0.778728121353559,4.600418410041841,17.071428571428573,11.435935127697165,0.4811715481171548,0.5439330543933054,2.80242825607064,3.9642857142857144,1.0993723849372385
control,humberto_de_campos,memórias_e_memórias_inacabadas,control_humberto_de_campos_memórias_e_memórias_inacabadas_041,1000,960,70,82.57378472222223,0.008265988877302746,0.5291666666666667,0.7730313588850173,4.496875,13.714285714285714,12.51872067533016,0.453125,0.5177083333333333,2.7758046614872365,3.757142857142857,1.1135416666666667
control,humberto_de_campos,memórias_e_memórias_inacabadas,control_humberto_de_campos_memórias_e_memórias_inacabadas_042,1000,965,64,85.34994228032967,0.008543847956485284,0.5015544041450777,0.7698267898383373,4.426943005181347,15.078125,13.32561523849368,0.46217616580310883,0.5357512953367876,2.8795180722891565,3.8125,1.1129533678756476
control,humberto_de_campos,memórias_e_memórias_inacabadas,control_humberto_de_campos_memórias_e_memórias_inacabadas_043,1000,967,50,80.78375427365738,0.008086738134847482,0.5346432264736298,0.761221198156682,4.524301964839711,19.34,12.530937714313323,0.46949327817993797,0.532574974146846,2.865945945945946,4.38,1.1106514994829368
control,humberto_de_campos,memórias_e_memórias_inacabadas,control_humberto_de_campos_memórias_e_memórias_inacabadas_044,1000,953,48,106.40722564960268,0.010651899794545311,0.4994753410283316,0.7299414519906323,4.463798530954879,19.854166666666668,16.111576561763144,0.4753410283315845,0.5204616998950682,2.895424836601307,4.416666666666667,1.0703043022035676
control,humberto_de_campos,memórias_e_memórias_inacabadas,control_humberto_de_campos_memórias_e_memórias_inacabadas_045,1000,967,50,89.68130306313088,0.008977414085098091,0.532574974146846,0.769331797235023,4.758014477766287,19.34,13.086802512455057,0.46845915201654603,0.5170630816959669,2.838569880823402,4.18,1.1334022750775594
control,humberto_de_campos,memórias_e_memórias_inacabadas,control_humberto_de_campos_memórias_e_memórias_inacabadas_046,1000,961,59,90.71802373741366,0.00908125216788068,0.5161290322580645,0.7719605568445475,4.574401664932362,16.28813559322034,11.748856197422631,0.4588969823100936,0.5015608740894901,2.8562019758507136,4.033898305084746,1.109261186264308
control,humberto_de_campos,memórias_e_memórias_inacabadas,control_humberto_de_campos_memórias_e_memórias_inacabadas_047,1000,974,47,100.75094131189152,0.010085448801416479,0.4917864476386037,0.7570971428571429,4.572895277207392,20.72340425531915,11.24523942331338,0.4650924024640657,0.5174537987679672,2.917115177610334,4.595744680851064,1.1375770020533882
control,humberto_de_campos,memórias_e_memórias_inacabadas,control_humberto_de_campos_memórias_e_memórias_inacabadas_048,1000,970,48,91.57189924540334,0.009166640068941304,0.5298969072164949,0.7658094144661308,4.7195876288659795,20.208333333333332,13.702126254304071,0.4608247422680412,0.5154639175257731,3.0722761596548005,4.416666666666667,1.1278350515463917
control,humberto_de_campos,memórias_e_memórias_inacabadas,control_humberto_de_campos_memórias_e_memórias_inacabadas_049,1000,948,94,93.86850397906318,0.00939676259473621,0.5052742616033755,0.7518138987043581,4.529535864978903,10.085106382978724,10.363252974945908,0.4578059071729958,0.5327004219409283,2.395617070357555,3.106382978723404,1.108649789029536
control,humberto_de_campos,memórias_e_memórias_inacabadas,control_humberto_de_campos_memórias_e_memórias_inacabadas_050,1000,963,54,101.6208219166265,0.010172645686664377,0.5129802699896158,0.7697222222222223,4.697819314641745,17.833333333333332,14.927913202875764,0.4454828660436137,0.5192107995846313,2.715686274509804,4.314814814814815,1.1235721703011423
control,humberto_de_campos,memórias_e_memórias_inacabadas,control_humberto_de_campos_memórias_e_memórias_inacabadas_051,1000,944,74,88.33668486067222,0.008843036109064112,0.5127118644067796,0.768130177514793,4.5201271186440675,12.756756756756756,10.748740731788589,0.4544491525423729,0.5307203389830508,2.522033898305085,3.5135135135135136,1.083686440677966
control,humberto_de_campos,memórias_e_memórias_inacabadas,control_humberto_de_campos_memórias_e_memórias_inacabadas_052,1000,961,69,93.68492974171676,0.009378251821019772,0.5057232049947971,0.7466357308584686,4.414151925078044,13.927536231884059,14.848333572218658,0.4672216441207076,0.5327783558792925,2.789647577092511,3.2028985507246377,1.109261186264308
control,humberto_de_campos,memórias_e_memórias_inacabadas,control_humberto_de_campos_memórias_e_memórias_inacabadas_053,1000,958,67,81.76393931337468,0.008184937707650256,0.5448851774530271,0.7653899883585565,4.517745302713988,14.298507462686567,13.606423993530974,0.46555323590814196,0.5229645093945721,2.7616926503340755,3.2388059701492535,1.1116910229645094
control,humberto_de_campos,memórias_e_memórias_inacabadas,control_humberto_de_campos_memórias_e_memórias_inacabadas_054,1000,965,56,88.85070740154099,0.008894287618515254,0.5326424870466321,0.7723325635103927,4.604145077720207,17.232142857142858,13.928376830142447,0.44766839378238343,0.5005181347150259,2.9347116430903157,4.142857142857143,1.132642487046632
control,humberto_de_campos,memórias_e_memórias_inacabadas,control_humberto_de_campos_memórias_e_memórias_inacabadas_055,1000,960,59,82.31336805555556,0.008239920055613486,0.528125,0.7844599303135888,4.580208333333333,16.271186440677965,15.635499058096878,0.44895833333333335,0.5239583333333333,3.0,3.7288135593220337,1.115625
control,humberto_de_campos,memórias_e_memórias_inacabadas,control_humberto_de_campos_memórias_e_memórias_inacabadas_056,1000,960,55,83.52864583333333,0.008361574556830032,0.53125,0.7712659698025554,4.710416666666666,17.454545454545453,14.977338253408874,0.45208333333333334,0.49166666666666664,2.696703296703297,3.8727272727272726,1.11875
control,humberto_de_campos,memórias_e_memórias_inacabadas,control_humberto_de_campos_memórias_e_memórias_inacabadas_057,1000,962,50,90.35662881816728,0.009045065236532458,0.5218295218295218,0.7537195828505214,4.686070686070686,19.24,13.068374038112008,0.46153846153846156,0.5176715176715176,2.8752711496746204,4.12,1.1143451143451144
control,humberto_de_campos,memórias_e_memórias_inacabadas,control_humberto_de_campos_memórias_e_memórias_inacabadas_058,1000,958,51,90.78586651906154,0.009088073158334478,0.5198329853862212,0.7536088474970897,4.530271398747391,18.784313725490197,15.450507606979812,0.4707724425887265,0.524008350730689,2.956140350877193,4.117647058823529,1.0949895615866387
control,humberto_de_campos,memórias_e_memórias_inacabadas,control_humberto_de_campos_memórias_e_memórias_inacabadas_059,1000,960,68,88.75868055555556,0.008885123392422662,0.4864583333333333,0.7478048780487804,4.427083333333333,14.117647058823529,10.59762655415423,0.4635416666666667,0.5541666666666667,2.9048672566371683,3.735294117647059,1.1177083333333333
control,humberto_de_campos,memórias_e_memórias_inacabadas,control_humberto_de_campos_memórias_e_memórias_inacabadas_060,1000,957,62,83.94396892937591,0.008403177642825601,0.5015673981191222,0.761993006993007,4.609195402298851,15.435483870967742,13.585595986715338,0.44200626959247646,0.542319749216301,2.8013318534961154,3.6129032258064515,1.148380355276907
control,humberto_de_campos,memórias_e_memórias_inacabadas,control_humberto_de_campos_memórias_e_memórias_inacabadas_061,1000,950,74,77.29639889196676,0.0077377849259608455,0.4926315789473684,0.7933254994124559,4.442105263157894,12.837837837837839,9.317271127910828,0.4957894736842105,0.5715789473684211,2.574324324324324,3.72972972972973,1.0936842105263158
control,humberto_de_campos,memórias_e_memórias_inacabadas,control_humberto_de_campos_memórias_e_memórias_inacabadas_062,1000,959,58,86.42126998383135,0.008651148007776019,0.5078206465067779,0.7478023255813953,4.529718456725756,16.53448275862069,12.725504552345722,0.4869655891553702,0.5474452554744526,2.7741228070175437,4.068965517241379,1.0928050052137643
control,humberto_de_campos,memórias_e_memórias_inacabadas,control_humberto_de_campos_memórias_e_memórias_inacabadas_063,1000,948,67,83.76506613968559,0.008385351921903057,0.520042194092827,0.7590106007067138,4.531645569620253,14.149253731343284,10.772066877633904,0.4641350210970464,0.5263713080168776,2.7130144605116797,3.8507462686567164,1.100210970464135
control,humberto_de_campos,memórias_e_memórias_inacabadas,control_humberto_de_campos_memórias_e_memórias_inacabadas_064,1000,938,58,90.56150863107551,0.009065815912054303,0.5202558635394456,0.7674970202622169,4.663113006396588,16.17241379310345,14.2830233579088,0.4744136460554371,0.5309168443496801,2.7147613762486125,4.017241379310345,1.072494669509595
control,humberto_de_campos,memórias_e_memórias_inacabadas,control_humberto_de_campos_memórias_e_memórias_inacabadas_065,1000,952,53,97.91416566626651,0.009801712483100496,0.5262605042016807,0.7680539273153577,4.593487394957983,17.962264150943398,13.826365658641128,0.4653361344537815,0.5409663865546218,2.828193832599119,4.339622641509434,1.0903361344537814
control,humberto_de_campos,memórias_e_memórias_inacabadas,control_humberto_de_campos_memórias_e_memórias_inacabadas_066,1000,952,64,103.54141656662665,0.010365029292474088,0.5283613445378151,0.738675263774912,4.359243697478991,14.875,14.923241102387912,0.48214285714285715,0.5430672268907563,3.1244493392070485,3.5625,1.1029411764705883
control,humberto_de_campos,memórias_e_memórias_inacabadas,control_humberto_de_campos_memórias_e_memórias_inacabadas_067,1000,946,63,92.3438624407207,0.009244158081367384,0.5031712473572939,0.7528217237308145,4.362579281183932,15.015873015873016,10.10656248138922,0.4883720930232558,0.5443974630021141,2.568080357142857,4.0,1.0887949260042282
control,humberto_de_campos,memórias_e_memórias_inacabadas,control_humberto_de_campos_memórias_e_memórias_inacabadas_068,1000,962,61,89.68668012327056,0.008978000653338843,0.5311850311850311,0.766431054461182,4.665280665280665,15.770491803278688,11.280904281017271,0.4573804573804574,0.5322245322245323,2.64647577092511,4.147540983606557,1.0977130977130978
control,humberto_de_campos,memórias_e_memórias_inacabadas,control_humberto_de_campos_memórias_e_memórias_inacabadas_069,1000,955,63,82.25651709108851,0.008234273985533494,0.518324607329843,0.7704556074766356,4.53717277486911,15.158730158730158,11.839141899951436,0.4649214659685864,0.5445026178010471,2.5696902654867255,3.8412698412698414,1.094240837696335
control,humberto_de_campos,memórias_e_memórias_inacabadas,control_humberto_de_campos_memórias_e_memórias_inacabadas_070,1000,958,50,97.71575263357464,0.009781785895816563,0.511482254697286,0.7546565774155995,4.453027139874739,19.16,15.065669583526649,0.47494780793319413,0.5187891440501043,3.0,3.94,1.1085594989561587
control,humberto_de_campos,memórias_e_memórias_inacabadas,control_humberto_de_campos_memórias_e_memórias_inacabadas_071,1000,956,66,94.12037604383677,0.009421893141142194,0.47489539748953974,0.7444807467911319,4.2845188284518825,14.484848484848484,12.226700072955614,0.4874476987447699,0.551255230125523,2.70509977827051,3.515151515151515,1.0805439330543933
control,humberto_de_campos,memórias_e_memórias_inacabadas,control_humberto_de_campos_memórias_e_memórias_inacabadas_072,1000,939,61,86.19506623977426,0.008628695863448617,0.5079872204472844,0.7685833333333334,4.526091586794462,15.39344262295082,10.16306183456862,0.4536741214057508,0.5207667731629393,2.6072234762979685,4.114754098360656,1.0862619808306708
control,humberto_de_campos,memórias_e_memórias_inacabadas,control_humberto_de_campos_memórias_e_memórias_inacabadas_073,1000,958,60,97.97725776997136,0.00980796373496683,0.5135699373695198,0.75,4.591858037578288,15.966666666666667,14.101969917552497,0.47390396659707723,0.5292275574112735,3.0275938189845473,3.933333333333333,1.1127348643006263
control,humberto_de_campos,memórias_e_memórias_inacabadas,control_humberto_de_campos_memórias_e_memórias_inacabadas_074,1000,925,84,85.5982468955442,0.008569088569088569,0.534054054054054,0.7780145278450363,4.490810810810811,11.011904761904763,11.5444215013336,0.4745945945945946,0.5405405405405406,2.5379229871645275,3.2261904761904763,1.1037837837837838
control,humberto_de_campos,memórias_e_memórias_inacabadas,control_humberto_de_campos_memórias_e_memórias_inacabadas_075,1000,950,81,95.4016620498615,0.00955021906716211,0.48105263157894734,0.728578143360752,4.529473684210526,11.728395061728396,10.148298337779009,0.4926315789473684,0.5705263157894737,2.7091319052987597,3.2098765432098766,1.085263157894737
control,humberto_de_campos,memórias_e_memórias_inacabadas,control_humberto_de_campos_memórias_e_memórias_inacabadas_076,1000,943,79,82.85643278766689,0.008294439078425678,0.5365853658536586,0.7788862559241706,4.598091198303288,11.936708860759493,9.977622775842454,0.42948038176033937,0.5079533404029692,2.7740825688073394,3.2911392405063293,1.144220572640509
control,humberto_de_campos,memórias_e_memórias_inacabadas,control_humberto_de_campos_memórias_e_memórias_inacabadas_077,1000,965,58,101.58661977502751,0.010169200008599746,0.5212435233160622,0.7570092378752887,4.536787564766839,16.637931034482758,11.93039912599694,0.49637305699481865,0.5450777202072539,2.7221006564551424,4.155172413793103,1.122279792746114
control,humberto_de_campos,memórias_e_memórias_inacabadas,control_humberto_de_campos_memórias_e_memórias_inacabadas_078,1000,931,91,76.14555800272508,0.007622743494681404,0.5853920515574651,0.7716466346153846,4.818474758324382,10.23076923076923,10.51119437079306,0.3748657357679914,0.4317937701396348,2.7426556991774382,2.7362637362637363,1.1041890440386681
control,humberto_de_campos,memórias_e_memórias_inacabadas,control_humberto_de_campos_memórias_e_memórias_inacabadas_079,1000,924,86,58.65707164408463,0.005872062210090379,0.5995670995670995,0.7890545454545455,4.791125541125541,10.744186046511627,9.001532229404871,0.3841991341991342,0.4253246753246753,2.873820754716981,3.0348837209302326,1.1482683982683983
control,humberto_de_campos,memórias_e_memórias_inacabadas,control_humberto_de_campos_memórias_e_memórias_inacabadas_080,1000,954,48,100.64651099420294,0.01007521211841234,0.5220125786163522,0.7608187134502924,4.831236897274633,19.875,16.605251428388552,0.4580712788259958,0.5178197064989518,2.981359649122807,4.5,1.128930817610063
control,humberto_de_campos,memórias_e_memórias_inacabadas,control_humberto_de_campos_memórias_e_memórias_inacabadas_081,1000,963,59,93.31776240094288,0.009341476631196258,0.5472481827622014,0.7669560185185185,4.757009345794392,16.322033898305083,10.665071579481362,0.4444444444444444,0.5109034267912772,2.7214912280701755,3.9322033898305087,1.102803738317757
control,humberto_de_campos,memórias_e_memórias_inacabadas,control_humberto_de_campos_memórias_e_memórias_inacabadas_082,1000,958,52,87.21196298830637,0.008730309356614159,0.5260960334029228,0.7648079161816066,4.550104384133611,18.423076923076923,12.254271082496649,0.4801670146137787,0.5407098121085595,2.9299014238773275,4.288461538461538,1.1075156576200418
control,humberto_de_campos,memórias_e_memórias_inacabadas,control_humberto_de_campos_memórias_e_memórias_inacabadas_083,1000,957,70,83.8566182853287,0.008394433441324222,0.5193312434691745,0.7741258741258742,4.464994775339603,13.67142857142857,12.799242643410505,0.4346917450365726,0.5067920585161965,2.6294642857142856,3.7285714285714286,1.1337513061650992
control,humberto_de_campos,memórias_e_memórias_inacabadas,control_humberto_de_campos_memórias_e_memórias_inacabadas_084,1000,973,56,81.96643390030304,0.008205076150719635,0.5066803699897225,0.7772654462242562,4.65262076053443,17.375,11.152454086112936,0.4450154162384378,0.5149023638232272,2.9274106175514625,4.035714285714286,1.1387461459403905
control,humberto_de_campos,memórias_e_memórias_inacabadas,control_humberto_de_campos_memórias_e_memórias_inacabadas_085,1000,963,54,84.64807428326804,0.008473606604447726,0.5036344755970924,0.7606712962962962,4.691588785046729,17.833333333333332,11.35740906812556,0.45067497403946,0.5223260643821391,2.761437908496732,4.2407407407407405,1.1349948078920042
control,humberto_de_campos,memórias_e_memórias_inacabadas,control_humberto_de_campos_memórias_e_memórias_inacabadas_086,1000,963,54,91.09642440064312,0.00911911192285024,0.5233644859813084,0.7501504629629628,4.509865005192108,17.833333333333332,15.103041145804108,0.4517133956386293,0.5358255451713395,2.9100877192982457,4.12962962962963,1.1277258566978192
control,humberto_de_campos,memórias_e_memórias_inacabadas,control_humberto_de_campos_memórias_e_memórias_inacabadas_087,1000,970,61,87.44818790519714,0.008753843371314886,0.5247422680412371,0.7799885189437429,4.6092783505154635,15.901639344262295,12.63057040627858,0.44329896907216493,0.5175257731958763,2.99890590809628,3.5737704918032787,1.1309278350515464
control,humberto_de_campos,memórias_e_memórias_inacabadas,control_humberto_de_campos_memórias_e_memórias_inacabadas_088,1000,959,62,106.90663393067814,0.010701822749428009,0.5328467153284672,0.7624186046511627,4.583941605839416,15.46774193548387,13.01329065266822,0.4754953076120959,0.5172054223149114,2.839029768467475,3.7096774193548385,1.1074035453597497
control,humberto_de_campos,memórias_e_memórias_inacabadas,control_humberto_de_campos_memórias_e_memórias_inacabadas_089,1000,974,51,95.75450417213042,0.009585291578998461,0.5215605749486653,0.7728342857142857,4.7268993839835725,19.098039215686274,14.871020511628839,0.46611909650924027,0.5154004106776181,3.072198275862069,4.1568627450980395,1.1293634496919918
control,humberto_de_campos,memórias_e_memórias_inacabadas,control_humberto_de_campos_memórias_e_memórias_inacabadas_090,1000,945,78,91.3748215335517,0.009147161689534571,0.5100529100529101,0.7458156028368794,4.2994708994709,12.115384615384615,8.646891792579796,0.455026455026455,0.5343915343915344,2.6454545454545455,3.4871794871794872,1.1312169312169311
control,humberto_de_campos,memórias_e_memórias_inacabadas,control_humberto_de_campos_memórias_e_memórias_inacabadas_091,1000,938,86,86.99269415941917,0.008708553588210799,0.5394456289978679,0.7776162097735398,4.461620469083155,10.906976744186046,12.34073224145444,0.4573560767590618,0.5266524520255863,2.6115606936416187,3.104651162790698,1.0788912579957357
control,humberto_de_campos,memórias_e_memórias_inacabadas,control_humberto_de_campos_memórias_e_memórias_inacabadas_092,1000,940,76,80.96423721140788,0.00810504611062017,0.4957446808510638,0.7508442330558859,4.548936170212766,12.368421052631579,12.17508468063403,0.46702127659574466,0.5457446808510639,2.8299086757990866,3.1973684210526314,1.127659574468085
control,humberto_de_campos,memórias_e_memórias_inacabadas,control_humberto_de_campos_memórias_e_memórias_inacabadas_093,1000,959,61,90.42265742143199,0.009051704432897002,0.49530761209593327,0.7543604651162791,4.562043795620438,15.721311475409836,11.188593646577258,0.5015641293013556,0.5620437956204379,2.8150609080841638,4.081967213114754,1.1418143899895725
control,humberto_de_campos,memórias_e_memórias_inacabadas,control_humberto_de_campos_memórias_e_memórias_inacabadas_094,1000,943,84,85.91519360718989,0.008600639869594487,0.5068928950159067,0.7669549763033174,4.339342523860021,11.226190476190476,11.228525738022473,0.4602332979851538,0.5567338282078473,2.7727797001153403,3.2142857142857144,1.127253446447508
control,humberto_de_campos,memórias_e_memórias_inacabadas,control_humberto_de_campos_memórias_e_memórias_inacabadas_095,1000,960,57,94.31423611111111,0.009441258255126869,0.5020833333333333,0.7565737514518003,4.4375,16.842105263157894,11.01639842073435,0.47291666666666665,0.5229166666666667,2.8666666666666667,4.0701754385964914,1.10625
control,humberto_de_campos,memórias_e_memórias_inacabadas,control_humberto_de_campos_memórias_e_memórias_inacabadas_096,1000,934,91,92.14128177028644,0.00922400398429234,0.49036402569593146,0.7434970059880239,4.4785867237687365,10.263736263736265,7.819158163893453,0.5042826552462527,0.5653104925053534,2.3832752613240418,3.2967032967032965,1.094218415417559
control,humberto_de_campos,memórias_e_memórias_inacabadas,control_humberto_de_campos_memórias_e_memórias_inacabadas_097,1000,965,63,69.77905447126098,0.006985143938253822,0.5492227979274611,0.7843764434180138,4.729533678756477,15.317460317460318,10.3859266757999,0.46010362694300516,0.5253886010362694,2.8026315789473686,3.6666666666666665,1.110880829015544
control,humberto_de_campos,memórias_e_memórias_inacabadas,control_humberto_de_campos_memórias_e_memórias_inacabadas_098,1000,956,83,102.32663993977697,0.010243378825385003,0.49581589958158995,0.7212252042007001,4.569037656903766,11.518072289156626,11.95409033770463,0.4560669456066946,0.5439330543933054,2.8344594594594597,2.891566265060241,1.1485355648535565
control,humberto_de_campos,memórias_e_memórias_inacabadas,control_humberto_de_campos_memórias_e_memórias_inacabadas_099,1000,963,72,87.32230643896874,0.008741307806728367,0.5160955347871236,0.7651041666666666,4.5233644859813085,13.375,12.217289092829791,0.4652128764278297,0.5202492211838006,2.911111111111111,3.5,1.1640706126687435
control,humberto_de_campos,memórias_e_memórias_inacabadas,control_humberto_de_campos_memórias_e_memórias_inacabadas_100,1000,953,76,88.08545169669095,0.008817797843166648,0.49842602308499473,0.7609953161592505,4.560335781741868,12.539473684210526,10.226951994187354,0.46379853095487933,0.5362014690451207,2.8656215005599104,3.4342105263157894,1.1091290661070303
control,humberto_de_campos,memórias_e_memórias_inacabadas,control_humberto_de_campos_memórias_e_memórias_inacabadas_101,1000,947,103,81.488923505451,0.008157506401655612,0.4952481520591341,0.7525000000000001,4.3769799366420274,9.194174757281553,8.313117780447707,0.48785638859556496,0.5564941921858501,2.5765661252900234,2.7766990291262137,1.1172122492080254
control,humberto_de_campos,memórias_e_memórias_inacabadas,control_humberto_de_campos_memórias_e_memórias_inacabadas_102,1000,960,59,100.86805555555556,0.010097323600973237,0.5177083333333333,0.7508943089430894,4.565625,16.271186440677965,12.507395112119216,0.4822916666666667,0.5291666666666667,2.831140350877193,4.169491525423729,1.1114583333333334
control,humberto_de_campos,memórias_e_memórias_inacabadas,control_humberto_de_campos_memórias_e_memórias_inacabadas_103,1000,966,77,99.19027472362606,0.009929306257308059,0.5175983436853002,0.7355594002306806,4.5175983436853,12.545454545454545,10.895662731189416,0.4575569358178054,0.5362318840579711,2.773690078037904,3.3506493506493507,1.1045548654244306
control,humberto_de_campos,memórias_e_memórias_inacabadas,control_humberto_de_campos_memórias_e_memórias_inacabadas_104,1000,967,65,95.88392120963887,0.009598317992724719,0.45087900723888313,0.7333294930875576,4.298862461220269,14.876923076923077,10.874822993866566,0.4705274043433299,0.5553257497414684,2.847084708470847,3.8,1.1292657704239917
control,humberto_de_campos,memórias_e_memórias_inacabadas,control_humberto_de_campos_memórias_e_memórias_inacabadas_105,1000,969,67,96.87303306527109,0.009697310851265257,0.5211558307533539,0.757896551724138,4.5397316821465425,14.462686567164178,10.777711049611788,0.4602683178534572,0.5201238390092879,2.7727771679473108,3.701492537313433,1.1248710010319918
control,humberto_de_campos,memórias_e_memórias_inacabadas,control_humberto_de_campos_memórias_e_memórias_inacabadas_106,1000,953,93,80.15776104398877,0.008024196037281649,0.4826862539349423,0.750655737704918,4.362014690451207,10.24731182795699,8.914957726672332,0.4690451206715635,0.5613850996852047,2.692219679633867,2.838709677419355,1.0965372507869884
control,humberto_de_campos,memórias_e_memórias_inacabadas,control_humberto_de_campos_memórias_e_memórias_inacabadas_107,1000,960,74,76.10677083333333,0.007618613138686132,0.496875,0.7684785133565623,4.4625,12.972972972972974,9.422475965668147,0.4708333333333333,0.5604166666666667,2.652513966480447,3.5,1.13125
control,humberto_de_campos,memórias_e_memórias_inacabadas,control_humberto_de_campos_memórias_e_memórias_inacabadas_108,1000,956,86,88.03679907564643,0.008812898420556858,0.5052301255230126,0.7652392065344223,4.2803347280334725,11.116279069767442,7.6772369736792045,0.4707112970711297,0.5564853556485355,2.415717539863326,3.441860465116279,1.1035564853556485
control,humberto_de_campos,memórias_e_memórias_inacabadas,control_humberto_de_campos_memórias_e_memórias_inacabadas_109,1000,972,53,90.66622635438365,0.009075960042889897,0.49588477366255146,0.7469988545246277,4.565843621399177,18.339622641509433,12.322618253127764,0.4825102880658436,0.5524691358024691,2.8320775026910656,4.339622641509434,1.1152263374485596
control,humberto_de_campos,memórias_e_memórias_inacabadas,control_humberto_de_campos_memórias_e_memórias_inacabadas_110,1000,962,56,91.32913498817865,0.00914241705084577,0.5114345114345115,0.7482039397450754,4.502079002079002,17.178571428571427,11.788473702939577,0.44594594594594594,0.49584199584199584,2.8189749182115595,4.125,1.1018711018711018
control,humberto_de_campos,memórias_e_memórias_inacabadas,control_humberto_de_campos_memórias_e_memórias_inacabadas_111,1000,966,47,87.44518601391407,0.008753580278698549,0.5186335403726708,0.7632525951557093,4.65527950310559,20.5531914893617,15.523226949342032,0.46790890269151136,0.5196687370600414,2.9348534201954397,4.25531914893617,1.1469979296066253
control,humberto_de_campos,memórias_e_memórias_inacabadas,control_humberto_de_campos_memórias_e_memórias_inacabadas_112,1000,968,55,84.62963595382828,0.008471715367456648,0.5072314049586777,0.7501841196777905,4.577479338842975,17.6,13.078226179417452,0.47417355371900827,0.5237603305785123,2.849673202614379,4.1454545454545455,1.1105371900826446
control,humberto_de_campos,memórias_e_memórias_inacabadas,control_humberto_de_campos_memórias_e_memórias_inacabadas_113,1481,1384,103,73.5595075010859,0.007361269586515032,0.5115606936416185,0.7785758754863813,4.710260115606936,13.436893203883495,11.103808410703254,0.4096820809248555,0.4848265895953757,2.7684615384615383,3.5436893203883497,1.1134393063583814
control,humberto_de_campos,o_arco_de_esopo__1926,control_humberto_de_campos_o_arco_de_esopo__1926_000,1000,908,65,82.04118069436628,0.008213163403581542,0.5649779735682819,0.7858467243510506,4.494493392070485,13.96923076923077,10.854235941319061,0.4251101321585903,0.4658590308370044,3.0422535211267605,3.3230769230769233,1.157488986784141
control,humberto_de_campos,o_arco_de_esopo__1926,control_humberto_de_campos_o_arco_de_esopo__1926_001,1000,916,82,112.79342499189565,0.011291669649461903,0.5152838427947598,0.7436230110159119,4.300218340611353,11.170731707317072,12.444809749791549,0.4432314410480349,0.49672489082969434,3.288235294117647,2.9146341463414633,1.1244541484716157
control,humberto_de_campos,o_arco_de_esopo__1926,control_humberto_de_campos_o_arco_de_esopo__1926_002,1000,936,63,114.50799912338374,0.011463046757164403,0.5128205128205128,0.7496535244922342,4.022435897435898,14.857142857142858,14.284920612873554,0.47115384615384615,0.5288461538461539,3.2,3.2857142857142856,1.0886752136752136
control,humberto_de_campos,o_arco_de_esopo__1926,control_humberto_de_campos_o_arco_de_esopo__1926_003,1000,890,93,92.53882085595254,0.009264291401777026,0.5359550561797752,0.7650063211125158,4.010112359550562,9.56989247311828,9.561794326439266,0.42134831460674155,0.49325842696629213,2.7197062423500613,2.774193548387097,1.0932584269662922
control,humberto_de_campos,o_arco_de_esopo__1926,control_humberto_de_campos_o_arco_de_esopo__1926_004,1000,917,78,91.0702839494868,0.009116970565685523,0.5572519083969466,0.7723716381418092,4.04907306434024,11.756410256410257,13.199830901632401,0.43293347873500543,0.4776444929116685,3.0292397660818713,3.0128205128205128,1.1210468920392584
control,humberto_de_campos,o_arco_de_esopo__1926,control_humberto_de_campos_o_arco_de_esopo__1926_005,1000,878,85,99.88532645637994,0.009999922078529257,0.5489749430523918,0.7797689345314507,4.210706150341686,10.329411764705883,8.985463077260002,0.4407744874715262,0.49658314350797267,2.9400244798041615,2.8823529411764706,1.0592255125284737
control,humberto_de_campos,o_arco_de_esopo__1926,control_humberto_de_campos_o_arco_de_esopo__1926_006,1000,894,85,88.60962218919067,0.008870884908973848,0.5212527964205816,0.7775345911949685,4.007829977628635,10.51764705882353,10.533545031671723,0.42841163310961966,0.5044742729306487,2.8677184466019416,2.6823529411764704,1.1353467561521253
control,humberto_de_campos,o_arco_de_esopo__1926,control_humberto_de_campos_o_arco_de_esopo__1926_007,1000,887,86,99.24132750527791,0.009935333803293624,0.5298759864712514,0.7607360406091371,3.968432919954904,10.313953488372093,8.830788671232948,0.41488162344983087,0.4813979706877114,2.8566131025957975,2.9302325581395348,1.1296505073280723
control,humberto_de_campos,o_arco_de_esopo__1926,control_humberto_de_campos_o_arco_de_esopo__1926_008,1000,897,69,87.14791905136532,0.0087245182353878,0.5707915273132664,0.7920676691729323,4.1806020066889635,13.0,11.610839513269424,0.42251950947603123,0.4816053511705686,2.938995215311005,3.0144927536231885,1.1270903010033444
control,humberto_de_campos,o_arco_de_esopo__1926,control_humberto_de_campos_o_arco_de_esopo__1926_009,1000,898,79,82.73768483291254,0.008282992305457688,0.5623608017817372,0.7844680851063829,4.041202672605791,11.367088607594937,9.672062358048125,0.42761692650334077,0.47216035634743875,3.112845138055222,2.9240506329113924,1.1158129175946547
control,humberto_de_campos,o_arco_de_esopo__1926,control_humberto_de_campos_o_arco_de_esopo__1926_010,1000,886,81,76.07682077360904,0.007616278328295775,0.5620767494356659,0.7983989834815757,4.139954853273138,10.938271604938272,10.343896248766374,0.44130925507900676,0.4966139954853273,3.0146341463414634,2.950617283950617,1.1038374717832957
control,humberto_de_campos,o_arco_de_esopo__1926,control_humberto_de_campos_o_arco_de_esopo__1926_011,1000,890,86,103.67377856331271,0.010379039698689349,0.5573033707865168,0.768141592920354,3.8662921348314607,10.348837209302326,8.221875870746548,0.42696629213483145,0.48764044943820223,2.917487684729064,3.13953488372093,1.0966292134831461
control,humberto_de_campos,o_arco_de_esopo__1926,control_humberto_de_campos_o_arco_de_esopo__1926_012,1000,897,127,60.97371518339964,0.006104176620480968,0.5908584169453734,0.8280576441102756,3.8762541806020065,7.062992125984252,6.999154090053738,0.3690078037904125,0.4559643255295429,2.8210659898477157,2.3070866141732282,1.1538461538461537
control,humberto_de_campos,o_arco_de_esopo__1926,control_humberto_de_campos_o_arco_de_esopo__1926_013,1000,918,89,80.31099149899612,0.008039857164239743,0.5708061002178649,0.7937118437118437,3.9302832244008714,10.314606741573034,9.878583696896218,0.40522875816993464,0.45751633986928103,3.0990453460620526,2.8202247191011236,1.136165577342048
control,humberto_de_campos,o_arco_de_esopo__1926,control_humberto_de_campos_o_arco_de_esopo__1926_014,1000,904,81,83.20933510846582,0.008330148276639323,0.5785398230088495,0.7861863354037267,4.017699115044247,11.160493827160494,11.645437606208079,0.4170353982300885,0.459070796460177,3.120525059665871,2.654320987654321,1.1316371681415929
control,humberto_de_campos,o_arco_de_esopo__1926,control_humberto_de_campos_o_arco_de_esopo__1926_015,1000,897,82,81.55514044709915,0.008164616180920528,0.5641025641025641,0.7785964912280703,4.083612040133779,10.939024390243903,8.735053521518651,0.4080267558528428,0.4492753623188406,2.9492140266021765,3.182926829268293,1.1081382385730212
control,humberto_de_campos,o_arco_de_esopo__1926,control_humberto_de_campos_o_arco_de_esopo__1926_016,1000,908,88,90.677094451668,0.00907770691974802,0.5495594713656388,0.7528306551297899,3.894273127753304,10.318181818181818,10.289608012837576,0.44713656387665196,0.4834801762114537,3.008363201911589,2.590909090909091,1.11784140969163
control,humberto_de_campos,o_arco_de_esopo__1926,control_humberto_de_campos_o_arco_de_esopo__1926_017,1000,908,75,110.85990413165402,0.011098213114833722,0.5704845814977973,0.7754140914709517,4.069383259911894,12.106666666666667,11.68311982686512,0.40198237885462557,0.46916299559471364,3.0450771055753263,3.1466666666666665,1.1068281938325992
control,humberto_de_campos,o_arco_de_esopo__1926,control_humberto_de_campos_o_arco_de_esopo__1926_018,1000,872,96,89.82303678141571,0.008992616311526348,0.5561926605504587,0.7664165588615783,4.0,9.083333333333334,9.667025855395694,0.40711009174311924,0.4690366972477064,3.0113636363636362,2.5520833333333335,1.1594036697247707
control,humberto_de_campos,o_arco_de_esopo__1926,control_humberto_de_campos_o_arco_de_esopo__1926_019,1000,897,92,92.19384819210325,0.00922967431119605,0.5663322185061316,0.775250626566416,3.972129319955407,9.75,9.973470243383302,0.4403567447045708,0.4983277591973244,2.91187270501836,2.891304347826087,1.1282051282051282
control,humberto_de_campos,o_arco_de_esopo__1926,control_humberto_de_campos_o_arco_de_esopo__1926_020,1000,869,139,83.90263798051012,0.008399930000583328,0.5546605293440736,0.7703636363636365,3.9182968929804374,6.251798561151079,6.747334699135371,0.3866513233601841,0.4579976985040276,2.925531914893617,2.079136690647482,1.13463751438435
control,humberto_de_campos,o_arco_de_esopo__1926,control_humberto_de_campos_o_arco_de_esopo__1926_021,1000,901,79,81.05434706288857,0.0081144407448514,0.560488346281909,0.7748753117206983,4.194228634850166,11.405063291139241,10.982747099735736,0.4439511653718091,0.5038845726970034,2.918854415274463,2.8987341772151898,1.0921198668146503
control,humberto_de_campos,o_arco_de_esopo__1926,control_humberto_de_campos_o_arco_de_esopo__1926_022,1000,897,91,83.54368395083823,0.008363692466953336,0.5496098104793757,0.7773558897243108,4.149386845039019,9.857142857142858,11.491584525802251,0.4280936454849498,0.49944258639910816,2.94390243902439,2.6373626373626373,1.1125975473801561
control,humberto_de_campos,o_arco_de_esopo__1926,control_humberto_de_campos_o_arco_de_esopo__1926_023,1000,879,104,86.68967864765136,0.008678841404474436,0.5745164960182025,0.7781025641025642,4.154721274175199,8.451923076923077,7.448386257454476,0.4152445961319681,0.4812286689419795,2.739847715736041,2.6923076923076925,1.118316268486917
control,humberto_de_campos,o_arco_de_esopo__1926,control_humberto_de_campos_o_arco_de_esopo__1926_024,1000,887,87,79.15919412178161,0.007924853858467302,0.5670800450958287,0.7763832487309644,4.0732807215332585,10.195402298850574,9.479365467463623,0.42390078917700114,0.4836527621195039,2.926470588235294,2.7586206896551726,1.1138669673055241
control,humberto_de_campos,o_arco_de_esopo__1926,control_humberto_de_campos_o_arco_de_esopo__1926_025,1000,902,78,92.94447913235432,0.009304763615691852,0.541019955654102,0.7599003735990038,3.9135254988913526,11.564102564102564,12.087914862914545,0.4223946784922395,0.5133037694013304,3.2016706443914082,2.7564102564102564,1.0742793791574279
control,humberto_de_campos,o_arco_de_esopo__1926,control_humberto_de_campos_o_arco_de_esopo__1926_026,1000,894,86,77.8493461255499,0.007793652344483943,0.5928411633109619,0.7927421383647799,4.2460850111856825,10.395348837209303,8.864980842812288,0.4105145413870246,0.46308724832214765,2.7393939393939393,3.046511627906977,1.0794183445190157
control,humberto_de_campos,o_arco_de_esopo__1926,control_humberto_de_campos_o_arco_de_esopo__1926_027,1000,892,74,92.92867340988155,0.009303297046196897,0.5560538116591929,0.7689785624211855,4.047085201793722,12.054054054054054,10.476346448834015,0.42376681614349776,0.4663677130044843,2.917775090689238,3.2432432432432434,1.1177130044843049
control,humberto_de_campos,o_arco_de_esopo__1926,control_humberto_de_campos_o_arco_de_esopo__1926_028,1000,896,96,87.91553730867346,0.008801376695929768,0.5145089285714286,0.7572521957340025,4.200892857142857,9.333333333333334,8.834905520465714,0.42075892857142855,0.5,2.580487804878049,2.8020833333333335,1.0770089285714286
control,humberto_de_campos,o_arco_de_esopo__1926,control_humberto_de_campos_o_arco_de_esopo__1926_029,1000,898,89,88.78924211685458,0.00888882267791922,0.5311804008908686,0.7589987484355445,4.355233853006681,10.089887640449438,9.559559542105522,0.42538975501113585,0.4910913140311804,2.9527845036319613,2.797752808988764,1.1369710467706013
control,humberto_de_campos,o_arco_de_esopo__1926,control_humberto_de_campos_o_arco_de_esopo__1926_030,1000,894,92,76.17274497144773,0.007625804479784353,0.5794183445190156,0.7944654088050315,4.287472035794184,9.717391304347826,9.496367826193294,0.4250559284116331,0.4697986577181208,3.312039312039312,2.7282608695652173,1.1364653243847875
control,humberto_de_campos,o_arco_de_esopo__1926,control_humberto_de_campos_o_arco_de_esopo__1926_031,1000,900,93,81.25925925925925,0.008134964775676677,0.5511111111111111,0.780649188514357,4.267777777777778,9.67741935483871,6.922242924349839,0.43444444444444447,0.49444444444444446,2.6982968369829683,2.78494623655914,1.1222222222222222
control,humberto_de_campos,o_arco_de_esopo__1926,control_humberto_de_campos_o_arco_de_esopo__1926_032,1000,906,89,70.56220731059554,0.00706401766004415,0.5331125827814569,0.7847459727385377,4.268211920529802,10.179775280898877,9.493417941877636,0.44150110375275936,0.5342163355408388,2.7541966426858515,3.044943820224719,1.1423841059602649
control,humberto_de_campos,o_arco_de_esopo__1926,control_humberto_de_campos_o_arco_de_esopo__1926_033,1000,910,79,92.91148412027533,0.0093013696974093,0.5362637362637362,0.7534895191122072,3.9329670329670328,11.518987341772151,10.151835600674929,0.44285714285714284,0.4989010989010989,2.9785969084423307,3.0126582278481013,1.0868131868131867
control,humberto_de_campos,o_arco_de_esopo__1926,control_humberto_de_campos_o_arco_de_esopo__1926_034,1000,901,65,100.17233287468234,0.010028363546676532,0.5416204217536071,0.7706982543640898,4.072142064372919,13.861538461538462,12.7217281398364,0.462819089900111,0.5016648168701443,3.2169811320754715,3.276923076923077,1.099889012208657
control,humberto_de_campos,o_arco_de_esopo__1926,control_humberto_de_campos_o_arco_de_esopo__1926_035,1000,899,73,76.04543919148826,0.0076130122308628,0.5672969966629589,0.7938249999999999,4.206896551724138,12.315068493150685,11.799555032623537,0.407119021134594,0.4949944382647386,3.131167268351384,3.041095890410959,1.1312569521690767
control,humberto_de_campos,o_arco_de_esopo__1926,control_humberto_de_campos_o_arco_de_esopo__1926_036,1000,907,81,71.79246555943057,0.007187170669139462,0.5644983461962514,0.797970297029703,4.2734288864388095,11.197530864197532,10.879156368307445,0.4178610804851158,0.4807056229327453,2.941874258600237,3.037037037037037,1.1256890848952592
control,humberto_de_campos,o_arco_de_esopo__1926,control_humberto_de_campos_o_arco_de_esopo__1926_037,1000,901,70,88.69168675574433,0.008879023307436182,0.5671476137624861,0.782069825436409,4.172031076581576,12.871428571428572,12.854039307961223,0.41287458379578246,0.4750277469478357,3.5385527876631078,3.2142857142857144,1.1387347391786904
control,humberto_de_campos,o_arco_de_esopo__1926,control_humberto_de_campos_o_arco_de_esopo__1926_038,1000,921,75,106.12549971057754,0.010624085351461077,0.5526601520086862,0.7622871046228711,3.8849077090119435,12.28,10.038007770469198,0.4505971769815418,0.49294245385450597,3.199063231850117,3.1066666666666665,1.1541802388707927
control,humberto_de_campos,o_arco_de_esopo__1926,control_humberto_de_campos_o_arco_de_esopo__1926_039,1000,918,77,84.84391093643946,0.008493643428533416,0.5664488017429193,0.7644932844932847,4.0,11.922077922077921,9.781729900078206,0.41612200435729846,0.485838779956427,3.0575793184488838,3.2987012987012987,1.1056644880174291
control,humberto_de_campos,o_arco_de_esopo__1926,control_humberto_de_campos_o_arco_de_esopo__1926_040,1000,920,91,101.58317580340265,0.010169371244736717,0.5597826086956522,0.7638855054811206,3.773913043478261,10.10989010989011,10.079301551602867,0.4260869565217391,0.483695652173913,2.973871733966746,2.7032967032967035,1.1293478260869565
control,humberto_de_campos,o_arco_de_esopo__1926,control_humberto_de_campos_o_arco_de_esopo__1926_041,1000,900,79,85.08641975308642,0.008518106538128786,0.5666666666666667,0.7818976279650436,3.9744444444444444,11.39240506329114,9.951041827676985,0.42444444444444446,0.46,3.0554885404101326,2.949367088607595,1.1322222222222222
control,humberto_de_campos,o_arco_de_esopo__1926,control_humberto_de_campos_o_arco_de_esopo__1926_042,1000,899,103,86.95856600028954,0.008705540181988896,0.5583982202447163,0.770775,3.7942157953281423,8.728155339805825,7.608368125246544,0.39599555061179087,0.4827586206896552,3.0435865504358657,2.825242718446602,1.164627363737486
control,humberto_de_campos,o_arco_de_esopo__1926,control_humberto_de_campos_o_arco_de_esopo__1926_043,1000,915,95,76.01301920033444,0.007609618442921883,0.566120218579235,0.7795343137254902,3.8502732240437156,9.631578947368421,8.981914731490571,0.4010928961748634,0.4721311475409836,2.9217809867629363,2.7578947368421054,1.126775956284153
control,humberto_de_campos,o_arco_de_esopo__1926,control_humberto_de_campos_o_arco_de_esopo__1926_044,1000,892,140,94.31116652255223,0.009441701519429472,0.5246636771300448,0.7319924337957125,3.5179372197309418,6.371428571428571,9.21593562194068,0.4080717488789238,0.47197309417040356,3.1506493506493505,2.085714285714286,1.1704035874439462
control,humberto_de_campos,o_arco_de_esopo__1926,control_humberto_de_campos_o_arco_de_esopo__1926_045,1000,900,84,84.51851851851852,0.00846125324434557,0.5577777777777778,0.7916853932584269,3.72,10.714285714285714,13.925457527382674,0.42,0.45666666666666667,3.683252427184466,2.5595238095238093,1.1155555555555556
control,humberto_de_campos,o_arco_de_esopo__1926,control_humberto_de_campos_o_arco_de_esopo__1926_046,1000,890,82,104.00201994697639,0.010411900759596061,0.5797752808988764,0.7793552465233882,3.6314606741573034,10.853658536585366,12.333893369066407,0.38764044943820225,0.41235955056179774,3.4643734643734643,2.6219512195121952,1.1033707865168538
control,humberto_de_campos,o_arco_de_esopo__1926,control_humberto_de_campos_o_arco_de_esopo__1926_047,1000,885,95,82.55609818379138,0.00826494874351305,0.5615819209039548,0.780356234096692,3.934463276836158,9.31578947368421,8.199182446914078,0.40790960451977404,0.46214689265536724,3.1364764267990073,2.7473684210526317,1.143502824858757
control,humberto_de_campos,o_arco_de_esopo__1926,control_humberto_de_campos_o_arco_de_esopo__1926_048,1000,896,97,87.51694036989795,0.008761472466081405,0.5256696428571429,0.7668130489335006,4.157366071428571,9.237113402061855,9.86796670673773,0.43080357142857145,0.49776785714285715,2.786240786240786,2.649484536082474,1.1261160714285714
control,humberto_de_campos,o_arco_de_esopo__1926,control_humberto_de_campos_o_arco_de_esopo__1926_049,1000,928,70,92.40766200951248,0.009250734665029944,0.5538793103448276,0.7869360675512665,3.9407327586206895,13.257142857142858,11.428892852622896,0.4396551724137931,0.5021551724137931,3.1476355247981544,3.2857142857142856,1.1336206896551724
control,humberto_de_campos,o_arco_de_esopo__1926,control_humberto_de_campos_o_arco_de_esopo__1926_050,1000,915,82,98.80259189584639,0.00989106910117062,0.5169398907103825,0.7442401960784313,4.024043715846995,11.158536585365853,11.136042902079454,0.4371584699453552,0.5169398907103825,2.9857142857142858,3.073170731707317,1.157377049180328
control,humberto_de_campos,o_arco_de_esopo__1926,control_humberto_de_campos_o_arco_de_esopo__1926_051,1000,903,108,81.16172374845016,0.008125170348653048,0.5005537098560354,0.7319278606965175,4.1096345514950166,8.36111111111111,9.120041355223542,0.4584717607973422,0.5592469545957918,2.9098765432098768,2.4537037037037037,1.1616832779623478
control,humberto_de_campos,o_arco_de_esopo__1926,control_humberto_de_campos_o_arco_de_esopo__1926_052,1000,911,77,95.09338840684836,0.009519788663586689,0.5433589462129528,0.7580295566502463,4.1020856201975855,11.831168831168831,11.272772158627495,0.4270032930845225,0.5071350164654226,2.9576470588235293,3.142857142857143,1.1448957189901208
control,humberto_de_campos,o_arco_de_esopo__1926,control_humberto_de_campos_o_arco_de_esopo__1926_053,1000,903,75,81.75038538941807,0.008184101774572563,0.5382059800664452,0.7644402985074625,4.26578073089701,12.04,10.294904888665396,0.4374307862679956,0.5094130675526024,2.934834123222749,3.1866666666666665,1.1306755260243633
control,humberto_de_campos,o_arco_de_esopo__1926,control_humberto_de_campos_o_arco_de_esopo__1926_054,1037,757,194,133.91524983029373,0.013409238640414333,0.6023778071334214,0.724468085106383,3.8507265521796565,3.902061855670103,4.631324973102531,0.3619550858652576,0.40686922060766184,2.358677685950413,1.768041237113402,1.1704095112285338
control,humberto_de_campos,o_brasil_anedótico__1927,control_humberto_de_campos_o_brasil_anedótico__1927_000,1000,920,65,97.63705103969754,0.009774329375029568,0.5119565217391304,0.7396224116930573,4.643478260869565,14.153846153846153,12.764410582349383,0.4423913043478261,0.5108695652173914,2.961849710982659,3.3384615384615386,1.1358695652173914
control,humberto_de_campos,o_brasil_anedótico__1927,control_humberto_de_campos_o_brasil_anedótico__1927_001,1000,895,70,95.95206142130395,0.009605939034906828,0.5307262569832403,0.7682788944723618,4.943016759776536,12.785714285714286,11.22101708802709,0.42793296089385474,0.4983240223463687,2.823809523809524,3.585714285714286,1.1128491620111731
control,humberto_de_campos,o_brasil_anedótico__1927,control_humberto_de_campos_o_brasil_anedótico__1927_002,1000,908,71,79.93071862446389,0.008001884510585802,0.51431718061674,0.7774660074165637,4.6244493392070485,12.788732394366198,13.428910889902822,0.42731277533039647,0.5077092511013216,2.9598108747044916,3.507042253521127,1.13215859030837
control,humberto_de_campos,o_brasil_anedótico__1927,control_humberto_de_campos_o_brasil_anedótico__1927_003,1000,919,93,89.4429176814937,0.008954035005369575,0.5353645266594124,0.7727439024390245,4.828073993471165,9.881720430107526,8.933264478589074,0.4276387377584331,0.4940152339499456,2.56042654028436,2.989247311827957,1.1371055495103373
control,humberto_de_campos,o_brasil_anedótico__1927,control_humberto_de_campos_o_brasil_anedótico__1927_004,1000,897,85,85.0102347848458,0.008510511227902532,0.5105908584169454,0.7458270676691731,4.775919732441472,10.552941176470588,10.252696497367317,0.41917502787068006,0.49498327759197325,2.5985489721886337,2.988235294117647,1.1103678929765886
control,humberto_de_campos,o_brasil_anedótico__1927,control_humberto_de_campos_o_brasil_anedótico__1927_005,1000,925,82,105.0927684441198,0.01052065052065052,0.5210810810810811,0.7469491525423729,4.846486486486486,11.28048780487805,11.48623183264494,0.43891891891891893,0.5210810810810811,2.572599531615925,3.1341463414634148,1.107027027027027
control,humberto_de_campos,o_brasil_anedótico__1927,control_humberto_de_campos_o_brasil_anedótico__1927_006,1000,912,78,95.12542320714066,0.00952298418934273,0.5208333333333334,0.7445264452644526,4.639254385964913,11.692307692307692,11.453705807547104,0.4375,0.5252192982456141,2.782248520710059,3.3076923076923075,1.1798245614035088
control,humberto_de_campos,o_brasil_anedótico__1927,control_humberto_de_campos_o_brasil_anedótico__1927_007,1000,913,88,88.46298266850135,0.008855998155300629,0.5071193866374589,0.7626412776412776,4.611171960569551,10.375,9.737827483114962,0.4414019715224535,0.5224534501642936,2.734207389749702,2.9204545454545454,1.1796276013143483
control,humberto_de_campos,o_brasil_anedótico__1927,control_humberto_de_campos_o_brasil_anedótico__1927_008,1000,923,76,89.44407339109245,0.008954108431667931,0.514626218851571,0.762245145631068,4.647887323943662,12.144736842105264,9.626859283670353,0.4301191765980498,0.5081256771397616,2.520372526193248,3.3026315789473686,1.1256771397616467
control,humberto_de_campos,o_brasil_anedótico__1927,control_humberto_de_campos_o_brasil_anedótico__1927_009,1000,923,80,83.38723062602635,0.008347767230783332,0.5395449620801733,0.7554004854368933,4.729144095341279,11.5375,10.661781921892793,0.43661971830985913,0.5081256771397616,2.540256709451575,3.1,1.1375947995666305
control,humberto_de_campos,o_brasil_anedótico__1927,control_humberto_de_campos_o_brasil_anedótico__1927_010,1000,924,69,101.33805588351044,0.010144784792672116,0.538961038961039,0.7451030303030304,4.7435064935064934,13.391304347826088,10.845712959645603,0.45021645021645024,0.5238095238095238,2.7470997679814384,3.5217391304347827,1.1536796536796536
control,humberto_de_campos,o_brasil_anedótico__1927,control_humberto_de_campos_o_brasil_anedótico__1927_011,1000,900,77,95.67901234567901,0.009578544061302681,0.5022222222222222,0.754394506866417,4.821111111111111,11.688311688311689,10.56858827793782,0.43333333333333335,0.5044444444444445,3.0853365384615383,3.168831168831169,1.191111111111111
control,humberto_de_campos,o_brasil_anedótico__1927,control_humberto_de_campos_o_brasil_anedótico__1927_012,1000,921,68,92.45014093871907,0.00925506302223481,0.5352877307274702,0.7619221411192214,4.735070575461455,13.544117647058824,12.98351196883889,0.44082519001085774,0.5287730727470141,2.9461009174311927,3.4411764705882355,1.1107491856677525
control,humberto_de_campos,o_brasil_anedótico__1927,control_humberto_de_campos_o_brasil_anedótico__1927_013,1000,922,81,100.10775405724611,0.010021644868705853,0.5281995661605207,0.7549939246658567,4.7039045553145336,11.382716049382717,9.757008119187487,0.42733188720173537,0.5162689804772235,2.642266824085006,3.1728395061728394,1.1475054229934925
control,humberto_de_campos,o_brasil_anedótico__1927,control_humberto_de_campos_o_brasil_anedótico__1927_014,1000,918,90,87.35956256140801,0.008745482925994825,0.5250544662309368,0.7541880341880343,4.681917211328976,10.2,9.378699270154684,0.42592592592592593,0.5108932461873639,2.7464114832535884,2.922222222222222,1.1840958605664489
control,humberto_de_campos,o_brasil_anedótico__1927,control_humberto_de_campos_o_brasil_anedótico__1927_015,1000,922,82,79.89798655191723,0.007998473789453602,0.544468546637744,0.7840826245443501,4.745119305856833,11.24390243902439,9.228218885319091,0.42190889370932755,0.5184381778741866,2.474735605170388,3.097560975609756,1.1561822125813448
control,humberto_de_campos,o_brasil_anedótico__1927,control_humberto_de_campos_o_brasil_anedótico__1927_016,1000,924,76,90.02361275088548,0.009012114645917464,0.5270562770562771,0.7529333333333332,4.75,12.157894736842104,11.496054965873874,0.43506493506493504,0.5151515151515151,2.8284714119019836,3.289473684210526,1.1536796536796536
control,humberto_de_campos,o_brasil_anedótico__1927,control_humberto_de_campos_o_brasil_anedótico__1927_017,1000,916,87,113.7468774432219,0.011387119097048226,0.5349344978165939,0.7349571603427173,4.758733624454148,10.528735632183908,9.474514005623366,0.41375545851528384,0.47161572052401746,2.486935866983373,3.045977011494253,1.1157205240174672
control,humberto_de_campos,o_brasil_anedótico__1927,control_humberto_de_campos_o_brasil_anedótico__1927_018,1000,888,88,95.3149095040987,0.009542236712473465,0.5101351351351351,0.7582636248415716,4.61036036036036,10.090909090909092,8.319796167242488,0.42454954954954954,0.5168918918918919,2.5073349633251834,3.1704545454545454,1.1238738738738738
control,humberto_de_campos,o_brasil_anedótico__1927,control_humberto_de_campos_o_brasil_anedótico__1927_019,1000,894,88,91.78765721263807,0.009189044294299937,0.5145413870246085,0.7563647798742138,4.736017897091722,10.159090909090908,9.57255352514341,0.40939597315436244,0.49105145413870244,2.5651644336175394,2.9886363636363638,1.1666666666666667
control,humberto_de_campos,o_brasil_anedótico__1927,control_humberto_de_campos_o_brasil_anedótico__1927_020,1000,912,81,99.76627423822714,0.00998757871627477,0.5230263157894737,0.7511562115621156,4.589912280701754,11.25925925925926,9.689981816260095,0.4276315789473684,0.49780701754385964,2.624557260920897,3.259259259259259,1.1271929824561404
control,humberto_de_campos,o_brasil_anedótico__1927,control_humberto_de_campos_o_brasil_anedótico__1927_021,1000,925,72,102.56829802775749,0.010267930267930268,0.5091891891891892,0.7403268765133173,4.8032432432432435,12.847222222222221,11.13260941037413,0.4562162162162162,0.4983783783783784,2.677456647398844,3.5277777777777777,1.1102702702702703
control,humberto_de_campos,o_brasil_anedótico__1927,control_humberto_de_campos_o_brasil_anedótico__1927_022,1000,909,84,88.25084928734897,0.008834804185264342,0.5258525852585259,0.7541851851851852,4.6886688668866885,10.821428571428571,10.69953349482129,0.43234323432343236,0.5148514851485149,2.6492890995260665,3.0357142857142856,1.132013201320132
control,humberto_de_campos,o_brasil_anedótico__1927,control_humberto_de_campos_o_brasil_anedótico__1927_023,1000,909,64,92.26885284788105,0.009237047052722894,0.5126512651265126,0.7578888888888891,4.66006600660066,14.203125,12.833281545823539,0.42794279427942794,0.5115511551155115,2.801875732708089,3.5,1.1727172717271728
control,humberto_de_campos,o_brasil_anedótico__1927,control_humberto_de_campos_o_brasil_anedótico__1927_024,1000,911,85,79.69433235211544,0.007978190854151338,0.5466520307354555,0.7758990147783251,4.769484083424808,10.717647058823529,10.130457006944463,0.42041712403951703,0.47310647639956094,2.5471923536439665,3.0470588235294116,1.1822173435784853
control,humberto_de_campos,o_brasil_anedótico__1927,control_humberto_de_campos_o_brasil_anedótico__1927_025,1000,928,77,96.23959571938168,0.009634341405349106,0.540948275862069,0.7573582629674306,4.674568965517241,12.051948051948052,9.838825956642061,0.41271551724137934,0.49245689655172414,2.8677494199535962,3.220779220779221,1.1831896551724137
control,humberto_de_campos,o_brasil_anedótico__1927,control_humberto_de_campos_o_brasil_anedótico__1927_026,1000,927,78,106.31550896106148,0.010643032052581424,0.505933117583603,0.7466062801932368,4.759439050701187,11.884615384615385,8.500348061095105,0.43797195253505933,0.5124056094929881,2.444055944055944,3.3974358974358974,1.128371089536138
control,humberto_de_campos,o_brasil_anedótico__1927,control_humberto_de_campos_o_brasil_anedótico__1927_027,1000,925,59,93.33528122717311,0.009343629343629343,0.4972972972972973,0.7472760290556901,4.937297297297297,15.677966101694915,10.952038240709788,0.4183783783783784,0.4897297297297297,2.7465437788018434,4.169491525423729,1.1545945945945946
control,humberto_de_campos,o_brasil_anedótico__1927,control_humberto_de_campos_o_brasil_anedótico__1927_028,1000,918,70,101.62283262372972,0.010173365359714708,0.5239651416122004,0.7369108669108668,4.716775599128541,13.114285714285714,10.254675389642463,0.4433551198257081,0.5152505446623094,2.5848837209302324,3.7285714285714286,1.1132897603485838
control,humberto_de_campos,o_brasil_anedótico__1927,control_humberto_de_campos_o_brasil_anedótico__1927_029,1000,912,77,101.73803477993229,0.010184971209582684,0.506578947368421,0.7674661746617467,4.74890350877193,11.844155844155845,10.242596230163239,0.44627192982456143,0.5010964912280702,2.5833333333333335,3.25974025974026,1.1546052631578947
control,humberto_de_campos,o_brasil_anedótico__1927,control_humberto_de_campos_o_brasil_anedótico__1927_030,1000,921,66,99.54718057721803,0.009965538403436718,0.5222584147665581,0.7584793187347932,4.850162866449511,13.954545454545455,10.83265520233993,0.44082519001085774,0.494028230184582,2.8854166666666665,3.6515151515151514,1.1704668838219328
control,humberto_de_campos,o_brasil_anedótico__1927,control_humberto_de_campos_o_brasil_anedótico__1927_031,1000,925,72,113.4609203798393,0.011358371358371358,0.5113513513513513,0.745,4.60972972972973,12.847222222222221,10.15253077674919,0.44756756756756755,0.5156756756756756,2.6972157772621808,3.3472222222222223,1.1383783783783783
control,humberto_de_campos,o_brasil_anedótico__1927,control_humberto_de_campos_o_brasil_anedótico__1927_032,1000,905,71,82.36622813711425,0.008245734122133672,0.5171270718232044,0.7664640198511166,4.695027624309392,12.746478873239436,11.85323193563579,0.4287292817679558,0.5138121546961326,2.7830188679245285,3.3943661971830985,1.132596685082873
control,humberto_de_campos,o_brasil_anedótico__1927,control_humberto_de_campos_o_brasil_anedótico__1927_033,1000,928,79,100.04830558858502,0.010015623256332998,0.5129310344827587,0.7592159227985524,4.814655172413793,11.746835443037975,10.324443595429223,0.42887931034482757,0.4838362068965517,2.696969696969697,3.2278481012658227,1.1508620689655173
control,humberto_de_campos,o_brasil_anedótico__1927,control_humberto_de_campos_o_brasil_anedótico__1927_034,1000,929,67,91.16600485956056,0.009126424408893509,0.48439181916038754,0.7597469879518072,4.741657696447794,13.865671641791044,10.806155684067312,0.4477933261571582,0.5231431646932185,2.6062355658198615,3.716417910447761,1.1334768568353069
control,humberto_de_campos,o_brasil_anedótico__1927,control_humberto_de_campos_o_brasil_anedótico__1927_035,1000,914,77,99.76107139608042,0.009987033872510131,0.4814004376367615,0.7465766871165644,4.792122538293216,11.87012987012987,11.864331187580204,0.42778993435448576,0.5164113785557987,2.7889800703399765,3.103896103896104,1.149890590809628
control,humberto_de_campos,o_brasil_anedótico__1927,control_humberto_de_campos_o_brasil_anedótico__1927_036,1000,906,75,96.56009239360847,0.009666678862829754,0.5033112582781457,0.7420074349442378,4.772626931567329,12.08,12.073949919834298,0.4392935982339956,0.49448123620309054,2.752688172043011,3.2666666666666666,1.1788079470198676
control,humberto_de_campos,o_brasil_anedótico__1927,control_humberto_de_campos_o_brasil_anedótico__1927_037,1000,915,74,102.57696557078444,0.01026891941983236,0.5092896174863388,0.748357843137255,4.653551912568306,12.364864864864865,9.579784915946316,0.44153005464480877,0.5169398907103825,2.750293083235639,3.4324324324324325,1.1540983606557378
control,humberto_de_campos,o_brasil_anedótico__1927,control_humberto_de_campos_o_brasil_anedótico__1927_038,1000,919,70,81.03618329522675,0.008112445800469867,0.4972796517954298,0.7618536585365854,4.558215451577802,13.128571428571428,11.470361096036575,0.42546245919477693,0.5201305767138193,2.5960419091967406,3.3714285714285714,1.1545157780195865
control,humberto_de_campos,o_brasil_anedótico__1927,control_humberto_de_campos_o_brasil_anedótico__1927_039,848,771,69,90.67342259366363,0.009079118028534372,0.5045395590142672,0.7455059523809524,4.671854734111544,11.173913043478262,9.868639425390949,0.4280155642023346,0.5097276264591439,2.749648382559775,3.0434782608695654,1.1750972762645915
control,humberto_de_campos,o_monstro_e_outros_contos__1932,control_humberto_de_campos_o_monstro_e_outros_contos__1932_000,1000,946,88,81.03553853099062,0.008112129042361601,0.5613107822410148,0.7750531286894924,4.6553911205073994,10.75,10.516491378263519,0.3668076109936575,0.4164904862579281,2.64808362369338,2.715909090909091,1.058139534883721
control,humberto_de_campos,o_monstro_e_outros_contos__1932,control_humberto_de_campos_o_monstro_e_outros_contos__1932_001,1000,971,60,76.34373133964263,0.007642243621731237,0.525231719876416,0.768348623853211,4.719876416065912,16.183333333333334,9.88516003354973,0.4407826982492276,0.49536560247167866,2.7783842794759823,3.8,1.1864057672502575
control,humberto_de_campos,o_monstro_e_outros_contos__1932,control_humberto_de_campos_o_monstro_e_outros_contos__1932_002,1000,973,48,102.077785723264,0.01021828040213332,0.5169578622816033,0.7608009153318078,4.690647482014389,20.270833333333332,14.368280434306985,0.4799588900308325,0.5210688591983555,2.8617363344051445,4.5625,1.1284686536485098
control,humberto_de_campos,o_monstro_e_outros_contos__1932,control_humberto_de_campos_o_monstro_e_outros_contos__1932_003,1000,976,68,84.36072292394518,0.008444724674232872,0.47848360655737704,0.7239566704675028,4.60655737704918,14.352941176470589,10.455458335077415,0.4989754098360656,0.5358606557377049,2.857142857142857,3.6323529411764706,1.1475409836065573
control,humberto_de_campos,o_monstro_e_outros_contos__1932,control_humberto_de_campos_o_monstro_e_outros_contos__1932_004,1000,961,51,98.25439811330766,0.009835674644467569,0.4963579604578564,0.7634454756380511,4.590010405827263,18.84313725490196,13.822931429146516,0.4578563995837669,0.5390218522372529,3.310119695321001,3.7058823529411766,1.1935483870967742
control,humberto_de_campos,o_monstro_e_outros_contos__1932,control_humberto_de_campos_o_monstro_e_outros_contos__1932_005,1000,976,72,93.17891695780705,0.009327448507776377,0.5081967213114754,0.7477080957810719,4.627049180327869,13.555555555555555,11.934879891506714,0.44672131147540983,0.5215163934426229,2.889617486338798,3.2777777777777777,1.1834016393442623
control,humberto_de_campos,o_monstro_e_outros_contos__1932,control_humberto_de_campos_o_monstro_e_outros_contos__1932_006,1000,979,46,96.55263078269816,0.00966513553540506,0.5342185903983657,0.7708295454545454,4.602655771195097,21.282608695652176,12.658839570895253,0.473953013278856,0.5127681307456589,3.0053134962805528,4.521739130434782,1.1664964249233911
control,humberto_de_campos,o_monstro_e_outros_contos__1932,control_humberto_de_campos_o_monstro_e_outros_contos__1932_007,1000,983,44,92.06355448525234,0.009215730555906625,0.5076297049847406,0.7561199095022624,4.604272634791455,22.34090909090909,13.527653800839667,0.4476093591047813,0.5147507629704985,2.922587486744433,4.75,1.1322482197355035
control,humberto_de_campos,o_monstro_e_outros_contos__1932,control_humberto_de_campos_o_monstro_e_outros_contos__1932_008,1000,967,65,87.97023598823213,0.008806130248511436,0.5139607032057911,0.767384792626728,4.664943123061014,14.876923076923077,11.61366263343798,0.4591520165460186,0.5191313340227508,2.802401746724891,3.6307692307692307,1.1127197518097207
control,humberto_de_campos,o_monstro_e_outros_contos__1932,control_humberto_de_campos_o_monstro_e_outros_contos__1932_009,1000,963,60,85.10096843866897,0.00851894309838235,0.5316718587746625,0.7767129629629629,4.5659397715472485,16.05,12.85356630148484,0.43613707165109034,0.5025960539979232,2.8545059717698154,3.9,1.1339563862928348
control,humberto_de_campos,o_monstro_e_outros_contos__1932,control_humberto_de_campos_o_monstro_e_outros_contos__1932_010,1000,969,68,83.6882469026935,0.008377470170321283,0.5056759545923633,0.7516781609195403,4.575851393188855,14.25,12.847951312998367,0.45717234262125905,0.543859649122807,3.2381477398015437,3.4705882352941178,1.1898864809081526
control,humberto_de_campos,o_monstro_e_outros_contos__1932,control_humberto_de_campos_o_monstro_e_outros_contos__1932_011,1000,972,67,98.0753272705719,0.009817633172708125,0.5195473251028807,0.7542153493699885,4.850823045267489,14.507462686567164,12.564309953468063,0.44135802469135804,0.5010288065843621,2.801317233809001,3.656716417910448,1.1224279835390947
control,humberto_de_campos,o_monstro_e_outros_contos__1932,control_humberto_de_campos_o_monstro_e_outros_contos__1932_012,1000,972,60,96.57233822757371,0.009667179480659285,0.5041152263374485,0.7503780068728522,4.568930041152264,16.2,15.537910627451385,0.4567901234567901,0.5236625514403292,2.814332247557003,3.8,1.1378600823045268
control,humberto_de_campos,o_monstro_e_outros_contos__1932,control_humberto_de_campos_o_monstro_e_outros_contos__1932_013,1000,955,61,85.8967681806968,0.008598680672176671,0.5319371727748691,0.780070093457944,4.647120418848168,15.655737704918034,11.92171905018438,0.4617801047120419,0.5246073298429319,3.0176600441501105,3.819672131147541,1.1727748691099475
control,humberto_de_campos,o_monstro_e_outros_contos__1932,control_humberto_de_campos_o_monstro_e_outros_contos__1932_014,1000,979,51,94.21550204968277,0.009431183691885421,0.5280898876404494,0.7646704545454545,4.634320735444331,19.19607843137255,16.420956968415524,0.4433094994892748,0.5025536261491318,2.9234856535600424,4.254901960784314,1.118488253319714
control,humberto_de_campos,o_monstro_e_outros_contos__1932,control_humberto_de_campos_o_monstro_e_outros_contos__1932_015,1000,978,50,95.07738759874708,0.009517470324623812,0.5204498977505112,0.7605119453924915,4.5,19.56,16.812090887215664,0.467280163599182,0.5265848670756647,3.112059765208111,4.16,1.147239263803681
control,humberto_de_campos,o_monstro_e_outros_contos__1932,control_humberto_de_campos_o_monstro_e_outros_contos__1932_016,1000,958,69,83.8995645939479,0.008398723394044105,0.5302713987473904,0.7825261932479628,4.514613778705637,13.884057971014492,11.537633736105658,0.4352818371607516,0.5083507306889353,2.778270509977827,3.6231884057971016,1.153444676409186
control,humberto_de_campos,o_monstro_e_outros_contos__1932,control_humberto_de_campos_o_monstro_e_outros_contos__1932_017,1000,964,59,83.69776691172673,0.00837846804806901,0.4927385892116183,0.7682196531791907,4.662863070539419,16.338983050847457,12.422792297118221,0.4699170124481328,0.516597510373444,2.7726775956284153,3.7457627118644066,1.1939834024896265
control,humberto_de_campos,o_monstro_e_outros_contos__1932,control_humberto_de_campos_o_monstro_e_outros_contos__1932_018,1000,971,51,101.43810037959742,0.010154267574081348,0.5437693099897013,0.773302752293578,4.757981462409886,19.03921568627451,16.04400906369204,0.44387229660144184,0.4984552008238929,2.982740021574973,4.2745098039215685,1.148300720906282
control,humberto_de_campos,o_monstro_e_outros_contos__1932,control_humberto_de_campos_o_monstro_e_outros_contos__1932_019,1000,960,85,89.62673611111111,0.008972019464720194,0.49895833333333334,0.7539488966318235,4.442708333333333,11.294117647058824,10.12489480487025,0.44583333333333336,0.515625,2.696287964004499,2.988235294117647,1.1520833333333333
control,humberto_de_campos,o_monstro_e_outros_contos__1932,control_humberto_de_campos_o_monstro_e_outros_contos__1932_020,1000,962,64,75.66098002688439,0.0075739711535757325,0.5218295218295218,0.7836384704519119,4.703742203742204,15.03125,12.162915910154933,0.4386694386694387,0.5093555093555093,2.753018660812294,3.5,1.16008316008316
control,humberto_de_campos,o_monstro_e_outros_contos__1932,control_humberto_de_campos_o_monstro_e_outros_contos__1932_021,1000,971,48,83.30142622138834,0.008338730398037945,0.509783728115345,0.7757339449541284,4.8393408856848605,20.229166666666668,12.921622033329337,0.4325437693099897,0.47579814624098865,2.902465166130761,4.541666666666667,1.1503604531410916
control,humberto_de_campos,o_monstro_e_outros_contos__1932,control_humberto_de_campos_o_monstro_e_outros_contos__1932_022,1000,966,56,80.11522189215951,0.008019824284748817,0.55175983436853,0.780726643598616,4.799171842650104,17.25,11.095768176587478,0.42857142857142855,0.468944099378882,2.823018458197611,3.875,1.134575569358178
control,humberto_de_campos,o_monstro_e_outros_contos__1932,control_humberto_de_campos_o_monstro_e_outros_contos__1932_023,1000,975,49,95.91584483892176,0.009601432106565578,0.5035897435897436,0.7500570776255707,4.593846153846154,19.897959183673468,12.34081480781488,0.4635897435897436,0.5292307692307693,3.1723768736616704,4.326530612244898,1.158974358974359
control,humberto_de_campos,o_monstro_e_outros_contos__1932,control_humberto_de_campos_o_monstro_e_outros_contos__1932_024,1000,951,76,93.34355004030292,0.009344180640876639,0.49631966351209256,0.7553990610328639,4.721345951629863,12.513157894736842,9.769034619455592,0.47423764458464773,0.5162986330178759,2.5352743561030233,3.5,1.1114616193480547
control,humberto_de_campos,o_monstro_e_outros_contos__1932,control_humberto_de_campos_o_monstro_e_outros_contos__1932_025,1000,965,62,103.39069505221617,0.01034979468105691,0.5170984455958549,0.741189376443418,4.469430051813472,15.564516129032258,14.618394254237383,0.45595854922279794,0.5139896373056995,2.823271130625686,3.5161290322580645,1.1398963730569949
control,humberto_de_campos,o_monstro_e_outros_contos__1932,control_humberto_de_campos_o_monstro_e_outros_contos__1932_026,1000,962,75,82.79269194030108,0.008287884458540026,0.49376299376299376,0.7619119351100813,4.557172557172557,12.826666666666666,10.115826983275047,0.48336798336798337,0.5374220374220374,2.745293466223699,3.32,1.135135135135135
control,humberto_de_campos,o_monstro_e_outros_contos__1932,control_humberto_de_campos_o_monstro_e_outros_contos__1932_027,1000,964,66,89.93905063618051,0.00900324452889699,0.5103734439834025,0.7722196531791908,4.635892116182573,14.606060606060606,12.125453803290037,0.4387966804979253,0.49896265560165975,2.74037403740374,3.5,1.157676348547718
control,humberto_de_campos,o_monstro_e_outros_contos__1932,control_humberto_de_campos_o_monstro_e_outros_contos__1932_028,1000,978,51,99.30119061061136,0.009940282949557617,0.49079754601226994,0.7526734926052331,4.616564417177914,19.176470588235293,15.28257482970738,0.4611451942740286,0.5224948875255624,2.9369658119658117,4.294117647058823,1.116564417177914
control,humberto_de_campos,o_monstro_e_outros_contos__1932,control_humberto_de_campos_o_monstro_e_outros_contos__1932_029,1000,962,73,84.00292184075968,0.008409033383018814,0.48440748440748443,0.7578679026651216,4.582120582120582,13.178082191780822,9.926224386371032,0.4604989604989605,0.525987525987526,2.707317073170732,3.4246575342465753,1.133056133056133
control,humberto_de_campos,o_monstro_e_outros_contos__1932,control_humberto_de_campos_o_monstro_e_outros_contos__1932_030,1000,974,55,87.78550316441019,0.00878757246476213,0.5123203285420944,0.7568685714285714,4.537987679671458,17.70909090909091,11.53283490698343,0.46611909650924027,0.5379876796714579,3.0021505376344084,4.090909090909091,1.135523613963039
control,humberto_de_campos,o_monstro_e_outros_contos__1932,control_humberto_de_campos_o_monstro_e_outros_contos__1932_031,741,703,53,103.92364364064596,0.010407168301905145,0.5234708392603129,0.7492880794701987,4.605974395448079,13.264150943396226,10.908108362712932,0.4480796586059744,0.5078236130867709,3.047040971168437,3.3207547169811322,1.1948790896159318
control,humberto_de_campos,sepultando_os_meus_mortos__1935,control_humberto_de_campos_sepultando_os_meus_mortos__1935_000,1000,906,65,87.4961624490154,0.00875928432915005,0.5143487858719646,0.7652044609665427,4.3697571743929355,13.938461538461539,12.956586591177267,0.4624724061810154,0.5331125827814569,2.9209302325581397,3.5846153846153848,1.0949227373068433
control,humberto_de_campos,sepultando_os_meus_mortos__1935,control_humberto_de_campos_sepultando_os_meus_mortos__1935_001,1000,924,66,89.88306066228144,0.008998044209311815,0.5119047619047619,0.7653575757575757,4.428571428571429,14.0,9.796412454041375,0.45346320346320346,0.5097402597402597,2.728637413394919,3.6515151515151514,1.104978354978355
control,humberto_de_campos,sepultando_os_meus_mortos__1935,control_humberto_de_campos_sepultando_os_meus_mortos__1935_002,1000,931,49,101.29666655514035,0.010140558770197382,0.49731471535982813,0.7488100961538462,4.374865735767991,19.0,12.92679545812985,0.4747583243823845,0.518796992481203,2.8686868686868685,4.26530612244898,1.0494092373791621
control,humberto_de_campos,sepultando_os_meus_mortos__1935,control_humberto_de_campos_sepultando_os_meus_mortos__1935_003,1000,901,71,93.52045636800152,0.009362436798618819,0.5083240843507214,0.7558603491271821,4.269700332963374,12.690140845070422,10.406649484886547,0.462819089900111,0.5394006659267481,2.7131050767414404,3.464788732394366,1.0499445061043284
control,humberto_de_campos,sepultando_os_meus_mortos__1935,control_humberto_de_campos_sepultando_os_meus_mortos__1935_004,1000,908,82,90.2404471268606,0.009033994045335107,0.5088105726872246,0.7376885043263287,4.296255506607929,11.073170731707316,10.166636597349095,0.4647577092511013,0.5187224669603524,2.870083432657926,3.268292682926829,1.0737885462555066
control,humberto_de_campos,sepultando_os_meus_mortos__1935,control_humberto_de_campos_sepultando_os_meus_mortos__1935_005,1000,936,62,83.91774417415444,0.008400749577220165,0.5395299145299145,0.7896296296296296,4.563034188034188,15.096774193548388,10.923058884791583,0.4305555555555556,0.49893162393162394,2.7602272727272728,3.8225806451612905,1.0854700854700854
control,humberto_de_campos,sepultando_os_meus_mortos__1935,control_humberto_de_campos_sepultando_os_meus_mortos__1935_006,1000,934,56,105.278120400387,0.010539095868591796,0.4614561027837259,0.7251736526946108,4.262312633832977,16.678571428571427,14.735897789869112,0.4892933618843683,0.5738758029978587,2.8906426155580607,3.982142857142857,1.037473233404711
control,humberto_de_campos,sepultando_os_meus_mortos__1935,control_humberto_de_campos_sepultando_os_meus_mortos__1935_007,1000,924,49,95.90337512415435,0.009600727910587066,0.5205627705627706,0.7626909090909091,4.3495670995671,18.857142857142858,13.835771443203715,0.46645021645021645,0.525974025974026,3.044267877412032,4.244897959183674,1.076839826839827
control,humberto_de_campos,sepultando_os_meus_mortos__1935,control_humberto_de_campos_sepultando_os_meus_mortos__1935_008,1000,936,74,89.25962451603478,0.008935508935508936,0.49145299145299143,0.7340860215053764,4.238247863247863,12.64864864864865,8.099770487960342,0.47649572649572647,0.5438034188034188,2.5794285714285716,3.554054054054054,1.0950854700854702
control,humberto_de_campos,sepultando_os_meus_mortos__1935,control_humberto_de_campos_sepultando_os_meus_mortos__1935_009,1000,915,76,78.83185523604766,0.007891810453061664,0.4885245901639344,0.7651838235294117,4.226229508196721,12.039473684210526,9.368818368275079,0.4546448087431694,0.5355191256830601,2.7202797202797204,3.3157894736842106,1.062295081967213
control,humberto_de_campos,sepultando_os_meus_mortos__1935,control_humberto_de_campos_sepultando_os_meus_mortos__1935_010,1000,936,66,83.30137336547592,0.008339046574340692,0.5085470085470085,0.7698327359617682,4.407051282051282,14.181818181818182,11.74722287091989,0.44017094017094016,0.5149572649572649,2.782857142857143,3.742424242424242,1.110042735042735
control,humberto_de_campos,sepultando_os_meus_mortos__1935,control_humberto_de_campos_sepultando_os_meus_mortos__1935_011,1000,915,58,95.1954373077727,0.009529958986500222,0.5049180327868853,0.7388112745098041,4.311475409836065,15.775862068965518,13.424171589991197,0.473224043715847,0.5442622950819672,2.7912341407151096,3.7241379310344827,1.0699453551912568
control,humberto_de_campos,sepultando_os_meus_mortos__1935,control_humberto_de_campos_sepultando_os_meus_mortos__1935_012,1000,924,68,92.48327430145612,0.0092583472865163,0.512987012987013,0.7470424242424244,4.462121212121212,13.588235294117647,11.242298401857218,0.4588744588744589,0.5411255411255411,2.743972445464983,3.573529411764706,1.0725108225108224
control,humberto_de_campos,sepultando_os_meus_mortos__1935,control_humberto_de_campos_sepultando_os_meus_mortos__1935_013,1000,927,77,94.05012515579016,0.009415169116567762,0.47680690399137,0.7529106280193236,4.393743257820928,12.03896103896104,10.979841692660449,0.4617044228694714,0.5296655879180151,2.6550522648083623,3.272727272727273,1.0916936353829558
control,humberto_de_campos,sepultando_os_meus_mortos__1935,control_humberto_de_campos_sepultando_os_meus_mortos__1935_014,1000,916,54,95.46442668904102,0.0095568759395805,0.4923580786026201,0.7464749082007344,4.390829694323144,16.962962962962962,12.333277722041235,0.47707423580786024,0.5447598253275109,2.646788990825688,4.222222222222222,1.054585152838428
control,humberto_de_campos,sepultando_os_meus_mortos__1935,control_humberto_de_campos_sepultando_os_meus_mortos__1935_015,1000,936,53,97.27244502885529,0.00973764797294209,0.5085470085470085,0.744336917562724,4.521367521367521,17.660377358490567,13.79491757137377,0.452991452991453,0.5021367521367521,2.865990990990991,3.830188679245283,1.0534188034188035
control,humberto_de_campos,sepultando_os_meus_mortos__1935,control_humberto_de_campos_sepultando_os_meus_mortos__1935_016,1000,912,52,95.5101569713758,0.009561499797793055,0.5175438596491229,0.7614391143911439,4.419956140350878,17.53846153846154,13.7455748662021,0.45394736842105265,0.5164473684210527,2.904377880184332,3.9615384615384617,1.0723684210526316
control,humberto_de_campos,sepultando_os_meus_mortos__1935,control_humberto_de_campos_sepultando_os_meus_mortos__1935_017,1000,924,52,96.48900882667117,0.009659354729777265,0.5021645021645021,0.7423515151515152,4.42965367965368,17.76923076923077,11.34869593425976,0.48484848484848486,0.5292207792207793,2.8373151308304894,4.4423076923076925,1.0606060606060606
control,humberto_de_campos,sepultando_os_meus_mortos__1935,control_humberto_de_campos_sepultando_os_meus_mortos__1935_018,1000,893,71,85.32207075311399,0.008541772329880133,0.5195968645016797,0.7434256926952141,4.438969764837626,12.577464788732394,10.995084653173448,0.46808510638297873,0.541993281075028,2.8287752675386444,3.8028169014084505,1.0481522956326987
control,humberto_de_campos,sepultando_os_meus_mortos__1935,control_humberto_de_campos_sepultando_os_meus_mortos__1935_019,1000,929,50,104.32876305992416,0.01044411862959801,0.511302475780409,0.7486506024096385,4.501614639397201,18.58,12.208341410691299,0.45748116254036597,0.5231431646932185,2.811512415349887,4.14,1.0516684607104414
control,humberto_de_campos,sepultando_os_meus_mortos__1935,control_humberto_de_campos_sepultando_os_meus_mortos__1935_020,1000,941,52,91.88226511918381,0.009198001220973613,0.5015940488841658,0.7710807600950119,4.360255047821466,18.096153846153847,14.950250339278623,0.4495217853347503,0.5026567481402763,3.0556173526140156,4.0,1.073326248671626
control,humberto_de_campos,sepultando_os_meus_mortos__1935,control_humberto_de_campos_sepultando_os_meus_mortos__1935_021,1000,921,54,92.6387665769516,0.009273946088844829,0.5342019543973942,0.7583698296836983,4.537459283387622,17.055555555555557,13.14790036281905,0.44299674267100975,0.48859934853420195,2.876430205949657,3.9814814814814814,1.0922909880564604
control,humberto_de_campos,sepultando_os_meus_mortos__1935,control_humberto_de_campos_sepultando_os_meus_mortos__1935_022,1000,918,52,112.30248574859623,0.011242495301767866,0.4684095860566449,0.7184126984126984,4.301742919389978,17.653846153846153,11.081662981604783,0.5010893246187363,0.5599128540305011,2.8093076049943244,4.230769230769231,1.0130718954248366
control,humberto_de_campos,sepultando_os_meus_mortos__1935,control_humberto_de_campos_sepultando_os_meus_mortos__1935_023,1000,911,56,105.45582049375784,0.010557170601078395,0.4862788144895719,0.7300615763546798,4.312843029637761,16.267857142857142,12.661092075765836,0.48518111964873767,0.5126234906695939,2.6978085351787775,4.089285714285714,1.0274423710208562
control,humberto_de_campos,sepultando_os_meus_mortos__1935,control_humberto_de_campos_sepultando_os_meus_mortos__1935_024,1000,917,61,79.05918617082635,0.007914549532603468,0.5474372955288986,0.7747432762836186,4.600872410032715,15.032786885245901,10.803714013966017,0.43293347873500543,0.49073064340239914,3.1261574074074074,3.622950819672131,1.0883315158124318
control,humberto_de_campos,sepultando_os_meus_mortos__1935,control_humberto_de_campos_sepultando_os_meus_mortos__1935_025,1000,909,87,95.99639831969996,0.009610212122533839,0.45654565456545654,0.741679012345679,4.50935093509351,10.448275862068966,9.531265695749992,0.44774477447744776,0.5423542354235423,2.6590636254501803,3.0344827586206895,1.118811881188119
control,humberto_de_campos,sepultando_os_meus_mortos__1935,control_humberto_de_campos_sepultando_os_meus_mortos__1935_026,1000,908,63,78.8148421277339,0.007890173831530583,0.5605726872246696,0.7916069221260815,4.476872246696035,14.412698412698413,13.149488396873897,0.4460352422907489,0.5022026431718062,2.7371495327102804,3.6031746031746033,1.0671806167400881
control,humberto_de_campos,sepultando_os_meus_mortos__1935,control_humberto_de_campos_sepultando_os_meus_mortos__1935_027,1000,919,58,87.7615708042403,0.008785717164389634,0.5092491838955386,0.7494146341463415,4.47986942328618,15.844827586206897,11.843522489963595,0.46789989118607184,0.528835690968444,2.74052812858783,4.275862068965517,1.089227421109902
control,humberto_de_campos,sepultando_os_meus_mortos__1935,control_humberto_de_campos_sepultando_os_meus_mortos__1935_028,1000,915,61,90.63274508047418,0.009073190563307864,0.521311475409836,0.7665563725490196,4.469945355191257,15.0,12.88664323128765,0.4633879781420765,0.5333333333333333,2.8411967779056386,3.6721311475409837,1.0262295081967212
control,humberto_de_campos,sepultando_os_meus_mortos__1935,control_humberto_de_campos_sepultando_os_meus_mortos__1935_029,1000,917,66,80.36732553285867,0.008045506278780722,0.5343511450381679,0.7628239608801957,4.569247546346783,13.893939393939394,15.449947325475362,0.4296619411123228,0.495092693565976,2.9214780600461894,3.5,1.074154852780807
control,humberto_de_campos,sepultando_os_meus_mortos__1935,control_humberto_de_campos_sepultando_os_meus_mortos__1935_030,1000,923,54,84.25584761171412,0.008434723139437324,0.5189599133261105,0.7727669902912622,4.543878656554713,17.09259259259259,12.944709370467576,0.47020585048754066,0.5341278439869989,3.1392694063926943,4.055555555555555,1.0920910075839654
control,humberto_de_campos,sepultando_os_meus_mortos__1935,control_humberto_de_campos_sepultando_os_meus_mortos__1935_031,1000,929,45,99.0219468136508,0.009912865149771723,0.5069967707212056,0.750987951807229,4.603875134553283,20.644444444444446,14.077808471421418,0.45532831001076424,0.5371367061356297,2.8434684684684686,4.711111111111111,1.0656620021528525
control,humberto_de_campos,sepultando_os_meus_mortos__1935,control_humberto_de_campos_sepultando_os_meus_mortos__1935_032,1000,923,56,103.45932583583843,0.010357153768598576,0.4875406283856988,0.7289927184466019,4.221018418201517,16.482142857142858,12.330263395733414,0.49079089924160346,0.5655471289274107,2.9451428571428573,3.7142857142857144,1.0845070422535212
control,humberto_de_campos,sepultando_os_meus_mortos__1935,control_humberto_de_campos_sepultando_os_meus_mortos__1935_033,1000,910,72,94.19152276295134,0.00942951438000943,0.49340659340659343,0.7387792848335388,4.259340659340659,12.63888888888889,12.603246446358744,0.44835164835164837,0.5230769230769231,2.7104337631887456,3.361111111111111,1.0483516483516484
control,humberto_de_campos,sepultando_os_meus_mortos__1935,control_humberto_de_campos_sepultando_os_meus_mortos__1935_034,1000,932,50,98.9380905892538,0.00990443613632487,0.5257510729613734,0.7510084033613446,4.448497854077253,18.64,12.818361829812732,0.4699570815450644,0.5214592274678111,2.929054054054054,4.02,1.1180257510729614
control,humberto_de_campos,sepultando_os_meus_mortos__1935,control_humberto_de_campos_sepultando_os_meus_mortos__1935_035,1000,920,56,94.25803402646503,0.00943605998959171,0.5152173913043478,0.7544457978075517,4.488043478260869,16.428571428571427,12.084312650908117,0.45869565217391306,0.5521739130434783,2.9379310344827587,3.857142857142857,1.0815217391304348
control,humberto_de_campos,sepultando_os_meus_mortos__1935,control_humberto_de_campos_sepultando_os_meus_mortos__1935_036,1000,907,96,90.17211471721232,0.009027164243765075,0.48732083792723263,0.7343564356435642,4.314222712238148,9.447916666666666,9.826483975786502,0.4432194046306505,0.5479603087100331,2.553421368547419,2.8541666666666665,1.0859977949283353
control,humberto_de_campos,sepultando_os_meus_mortos__1935,control_humberto_de_campos_sepultando_os_meus_mortos__1935_037,1000,913,100,90.91029056982686,0.009100997290597797,0.4424972617743702,0.7296805896805897,4.182913472070099,9.13,7.799557679766206,0.4665936473165389,0.5914567360350493,2.5323565323565322,2.93,1.0865279299014239
control,humberto_de_campos,sepultando_os_meus_mortos__1935,control_humberto_de_campos_sepultando_os_meus_mortos__1935_038,1000,918,63,97.01871549878727,0.009712451562474014,0.514161220043573,0.7377289377289378,4.52723311546841,14.571428571428571,11.352524767385637,0.477124183006536,0.5490196078431373,2.9114942528735632,3.6507936507936507,1.0729847494553377
control,humberto_de_campos,sepultando_os_meus_mortos__1935,control_humberto_de_campos_sepultando_os_meus_mortos__1935_039,1000,915,57,77.66132162799725,0.0077746290251222636,0.5234972677595628,0.7748039215686274,4.591256830601093,16.05263157894737,10.848916273198094,0.4448087431693989,0.521311475409836,2.760644418872267,4.157894736842105,1.0819672131147542
control,humberto_de_campos,sepultando_os_meus_mortos__1935,control_humberto_de_campos_sepultando_os_meus_mortos__1935_040,1000,917,55,104.74628637073383,0.010486063821174991,0.5103598691384951,0.7499633251833742,4.4187568157033805,16.672727272727272,13.977975592083876,0.460196292257361,0.5376226826608506,2.7660550458715596,4.036363636363636,1.0468920392584515
control,humberto_de_campos,sepultando_os_meus_mortos__1935,control_humberto_de_campos_sepultando_os_meus_mortos__1935_041,1453,1344,106,89.86146541950113,0.008992837641385669,0.5148809523809523,0.7516787148594377,4.5007440476190474,12.679245283018869,12.256340038058484,0.453125,0.4992559523809524,2.9352,3.19811320754717,1.0453869047619047
control,humberto_de_campos,sombras_que_sofrem,control_humberto_de_campos_sombras_que_sofrem_000,1000,925,71,88.00584368151935,0.00881010881010881,0.5037837837837837,0.7408353510895884,4.515675675675675,13.028169014084508,12.20710002472691,0.46918918918918917,0.5372972972972972,2.7802071346375143,3.323943661971831,1.0810810810810811
control,humberto_de_campos,sombras_que_sofrem,control_humberto_de_campos_sombras_que_sofrem_001,1000,901,71,115.20064646385013,0.01153286471821433,0.462819089900111,0.7307107231920199,4.402885682574917,12.690140845070422,9.241046750806165,0.47058823529411764,0.516093229744728,2.623962040332147,3.563380281690141,1.118756936736959
control,humberto_de_campos,sombras_que_sofrem,control_humberto_de_campos_sombras_que_sofrem_002,1000,923,74,82.30732842760371,0.008239659884889177,0.4886240520043337,0.7450485436893204,4.400866738894908,12.472972972972974,9.884772582071351,0.47778981581798485,0.5276273022751896,2.7083811710677383,3.2162162162162162,1.0617551462621886
control,humberto_de_campos,sombras_que_sofrem,control_humberto_de_campos_sombras_que_sofrem_003,1000,915,79,101.81253545940459,0.01019239277301479,0.5103825136612021,0.7526838235294117,4.498360655737705,11.582278481012658,8.683765727700603,0.44371584699453553,0.4819672131147541,2.3701527614571094,3.240506329113924,1.042622950819672
control,humberto_de_campos,sombras_que_sofrem,control_humberto_de_campos_sombras_que_sofrem_004,1000,928,56,106.27229488703924,0.010638693598184727,0.4978448275862069,0.7313027744270205,4.100215517241379,16.571428571428573,13.332100283120573,0.4956896551724138,0.5571120689655172,3.0669693530079454,3.642857142857143,1.0808189655172413
control,humberto_de_campos,sombras_que_sofrem,control_humberto_de_campos_sombras_que_sofrem_005,1000,900,105,85.18518518518519,0.008527994067482388,0.48333333333333334,0.7445942571785269,4.208888888888889,8.571428571428571,8.425423140830425,0.4766666666666667,0.5788888888888889,2.4926108374384235,2.657142857142857,1.1077777777777778
control,humberto_de_campos,sombras_que_sofrem,control_humberto_de_campos_sombras_que_sofrem_006,1000,922,89,114.08284357781113,0.01142067120290357,0.46203904555314534,0.7167557715674361,4.074837310195227,10.359550561797754,7.717260955283156,0.46746203904555317,0.5553145336225597,2.559101654846336,3.157303370786517,1.0921908893709327
control,humberto_de_campos,sombras_que_sofrem,control_humberto_de_campos_sombras_que_sofrem_007,1000,937,71,95.81203892164757,0.009591440221109379,0.5005336179295624,0.7368019093078759,4.354322305229456,13.19718309859155,8.2455617055307,0.4471718249733191,0.5197438633938101,2.6940639269406392,3.535211267605634,1.0864461045891143
control,humberto_de_campos,sombras_que_sofrem,control_humberto_de_campos_sombras_que_sofrem_008,1000,925,61,88.66033601168736,0.008875628875628875,0.5383783783783784,0.7615133171912832,4.4172972972972975,15.163934426229508,11.470818753730963,0.44756756756756755,0.5005405405405405,2.9655963302752295,3.819672131147541,1.0908108108108108
control,humberto_de_campos,sombras_que_sofrem,control_humberto_de_campos_sombras_que_sofrem_009,1000,930,56,103.50329517863337,0.010361470884405708,0.49032258064516127,0.7489410348977136,4.374193548387097,16.607142857142858,12.90027487446429,0.4752688172043011,0.5333333333333333,2.817873303167421,3.7142857142857144,1.0591397849462365
control,humberto_de_campos,sombras_que_sofrem,control_humberto_de_campos_sombras_que_sofrem_010,1000,914,70,103.56764935431819,0.01036810859910699,0.5098468271334792,0.7408957055214724,4.2210065645514225,13.057142857142857,11.065888014570742,0.4682713347921225,0.5142231947483589,2.63986013986014,3.5714285714285716,1.0426695842450766
control,humberto_de_campos,sombras_que_sofrem,control_humberto_de_campos_sombras_que_sofrem_011,1000,926,59,92.31745261674962,0.009241725526822718,0.5129589632829373,0.7400604594921403,4.357451403887689,15.694915254237289,14.122051799463012,0.48056155507559395,0.5453563714902808,2.990877993158495,3.711864406779661,1.1036717062634989
control,humberto_de_campos,sombras_que_sofrem,control_humberto_de_campos_sombras_que_sofrem_012,1000,939,53,86.62604157097313,0.00867183934276586,0.5218317358892439,0.7565238095238096,4.374866879659212,17.71698113207547,15.355384229927317,0.483493077742279,0.5452609158679447,3.168728908886389,4.132075471698113,1.1043663471778489
control,humberto_de_campos,sombras_que_sofrem,control_humberto_de_campos_sombras_que_sofrem_013,1000,922,69,85.70917697545184,0.008580223797108207,0.5238611713665944,0.7723086269744834,4.478308026030369,13.36231884057971,7.74404121458062,0.4631236442516269,0.5292841648590022,2.6755196304849886,3.8260869565217392,1.0770065075921909
control,humberto_de_campos,sombras_que_sofrem,control_humberto_de_campos_sombras_que_sofrem_014,1000,921,75,108.36542916458883,0.010848321767455035,0.5135722041259501,0.7428102189781022,4.239956568946797,12.28,8.1544425519672,0.4766558089033659,0.5266015200868621,2.7101616628175518,3.533333333333333,1.0760043431053203
control,humberto_de_campos,sombras_que_sofrem,control_humberto_de_campos_sombras_que_sofrem_015,1000,908,61,111.58764967299967,0.011171067905521907,0.5044052863436124,0.72336217552534,4.279735682819383,14.885245901639344,14.67807371184489,0.4713656387665198,0.5088105726872246,2.9421296296296298,3.7704918032786887,1.0451541850220265
control,humberto_de_campos,sombras_que_sofrem,control_humberto_de_campos_sombras_que_sofrem_016,1000,922,58,85.35627067442746,0.008544894849274932,0.5314533622559653,0.7683961117861483,4.540130151843818,15.89655172413793,11.954929231784678,0.4522776572668113,0.5119305856832972,2.6927437641723357,4.310344827586207,1.0433839479392624
control,humberto_de_campos,sombras_que_sofrem,control_humberto_de_campos_sombras_que_sofrem_017,1000,926,58,96.0026869556699,0.009610647364427061,0.5151187904967602,0.7678960096735187,4.356371490280778,15.96551724137931,11.32888514045247,0.47300215982721383,0.5453563714902808,2.4709236031927024,4.310344827586207,1.0561555075593954
control,humberto_de_campos,sombras_que_sofrem,control_humberto_de_campos_sombras_que_sofrem_018,1000,915,68,91.20606766400908,0.00913058554842104,0.5005464480874317,0.73625,4.269945355191257,13.455882352941176,10.74905443656682,0.4808743169398907,0.5453551912568306,2.8619883040935674,3.323529411764706,1.1114754098360655
control,humberto_de_campos,sombras_que_sofrem,control_humberto_de_campos_sombras_que_sofrem_019,1000,933,71,103.78074852180785,0.010389210125627331,0.46516613076098606,0.7312949640287771,4.187566988210075,13.140845070422536,11.272921281346441,0.5058949624866024,0.579849946409432,2.671264367816092,3.591549295774648,1.0535905680600215
control,humberto_de_campos,sombras_que_sofrem,control_humberto_de_campos_sombras_que_sofrem_020,1000,928,50,101.83654131985732,0.010194639735148607,0.49461206896551724,0.7453799758745477,4.345905172413793,18.56,13.304375220204816,0.48814655172413796,0.5581896551724138,3.069004524886878,4.12,1.1142241379310345
control,humberto_de_campos,sombras_que_sofrem,control_humberto_de_campos_sombras_que_sofrem_021,1000,915,47,99.75812953507122,0.009986727409692578,0.5169398907103825,0.7465073529411764,4.456830601092896,19.46808510638298,19.00487178731631,0.4557377049180328,0.5147540983606558,3.593142857142857,3.893617021276596,1.0502732240437158
control,humberto_de_campos,sombras_que_sofrem,control_humberto_de_campos_sombras_que_sofrem_022,1000,923,46,90.05445289454872,0.009015212583695063,0.49295774647887325,0.7579975728155339,4.62513542795233,20.065217391304348,16.757090872760653,0.4723726977248104,0.5265438786565547,3.2148481439820022,4.086956521739131,1.0400866738894907
control,humberto_de_campos,sombras_que_sofrem,control_humberto_de_campos_sombras_que_sofrem_023,1000,915,80,122.83436352235063,0.012296875560497902,0.4448087431693989,0.7022426470588234,4.340983606557377,11.4375,8.87108188159708,0.4743169398907104,0.5387978142076503,2.5253239104829213,3.3875,1.1027322404371585
control,humberto_de_campos,sombras_que_sofrem,control_humberto_de_campos_sombras_que_sofrem_024,1000,905,70,102.70748756142974,0.010282110203882072,0.4839779005524862,0.753424317617866,4.198895027624309,12.928571428571429,10.504857962691666,0.4552486187845304,0.5292817679558011,2.572941176470588,3.7142857142857144,1.0740331491712707
control,humberto_de_campos,sombras_que_sofrem,control_humberto_de_campos_sombras_que_sofrem_025,1000,896,58,69.80428890306122,0.006988228252194733,0.5591517857142857,0.8103262233375159,4.505580357142857,15.448275862068966,14.455845272573644,0.4252232142857143,0.49888392857142855,3.0176678445229683,3.7758620689655173,1.1171875
control,humberto_de_campos,sombras_que_sofrem,control_humberto_de_campos_sombras_que_sofrem_026,1000,928,50,98.84066587395957,0.009894729010899082,0.5204741379310345,0.7438238841978287,4.4967672413793105,18.56,12.88589927013245,0.47844827586206895,0.5301724137931034,2.7831460674157302,4.04,1.0678879310344827
control,humberto_de_campos,sombras_que_sofrem,control_humberto_de_campos_sombras_que_sofrem_027,1000,925,64,101.63330898466033,0.010174330174330174,0.5156756756756756,0.7558716707021792,4.434594594594595,14.453125,13.963042388189438,0.4540540540540541,0.5243243243243243,2.919447640966628,3.71875,1.105945945945946
control,humberto_de_campos,sombras_que_sofrem,control_humberto_de_campos_sombras_que_sofrem_028,1000,919,61,98.20486619675785,0.009831184317518568,0.514689880304679,0.741780487804878,4.47442872687704,15.065573770491802,9.861115642764148,0.45701849836779107,0.5125136017410229,2.647126436781609,4.081967213114754,1.060935799782372
control,humberto_de_campos,sombras_que_sofrem,control_humberto_de_campos_sombras_que_sofrem_029,1000,904,69,81.39830840316391,0.00814884504944188,0.5022123893805309,0.7511552795031057,4.350663716814159,13.101449275362318,10.427312140686643,0.4668141592920354,0.5121681415929203,2.550947867298578,3.4927536231884058,1.0586283185840708
control,humberto_de_campos,sombras_que_sofrem,control_humberto_de_campos_sombras_que_sofrem_030,1000,930,68,120.45323158746676,0.012058289060962764,0.46021505376344085,0.7189410348977137,4.184946236559139,13.676470588235293,10.905262054826057,0.45806451612903226,0.543010752688172,2.8114285714285714,3.6323529411764706,1.0881720430107527
control,humberto_de_campos,sombras_que_sofrem,control_humberto_de_campos_sombras_que_sofrem_031,1000,940,60,116.18379357175192,0.01163075249813065,0.46808510638297873,0.7284542211652796,4.209574468085107,15.666666666666666,15.090467925886932,0.44680851063829785,0.5180851063829788,2.8686868686868685,3.566666666666667,1.1085106382978724
control,humberto_de_campos,sombras_que_sofrem,control_humberto_de_campos_sombras_que_sofrem_032,1000,927,99,78.57293306754455,0.007865778504709915,0.46494066882416396,0.7438043478260868,4.174757281553398,9.363636363636363,8.388850880787656,0.44336569579288027,0.5609492988133765,2.563549160671463,2.9494949494949494,1.0906148867313916
control,humberto_de_campos,sombras_que_sofrem,control_humberto_de_campos_sombras_que_sofrem_033,1000,910,82,88.73324477720082,0.008883086110808883,0.48131868131868133,0.7327990135635017,4.397802197802198,11.097560975609756,10.142412466298435,0.4582417582417582,0.5362637362637362,2.660756501182033,3.182926829268293,1.0450549450549451
control,humberto_de_campos,sombras_que_sofrem,control_humberto_de_campos_sombras_que_sofrem_034,1000,932,58,87.58680395660262,0.008768088215634118,0.528969957081545,0.7542977190876351,4.416309012875536,16.06896551724138,13.152765631510038,0.47532188841201717,0.5064377682403434,3.0498301245753114,3.810344827586207,1.0686695278969958
control,humberto_de_campos,sombras_que_sofrem,control_humberto_de_campos_sombras_que_sofrem_035,1000,920,67,100.77977315689981,0.010088943558688555,0.5456521739130434,0.7666869671132766,4.496739130434783,13.73134328358209,12.153965128502012,0.44782608695652176,0.5032608695652174,2.836027713625866,3.582089552238806,1.0826086956521739
control,humberto_de_campos,sombras_que_sofrem,control_humberto_de_campos_sombras_que_sofrem_036,1000,928,97,82.56075356718192,0.008264981586876465,0.5075431034482759,0.7465259348612785,4.336206896551724,9.56701030927835,8.882865721876213,0.4525862068965517,0.5301724137931034,2.7343565525383706,2.865979381443299,1.1023706896551724
control,humberto_de_campos,sombras_que_sofrem,control_humberto_de_campos_sombras_que_sofrem_037,1000,926,68,105.35571841077768,0.010546961648473527,0.4838012958963283,0.7425030229746069,4.286177105831533,13.617647058823529,11.632901377716042,0.48596112311015116,0.5464362850971922,2.52073732718894,3.6029411764705883,1.0367170626349893
control,humberto_de_campos,sombras_que_sofrem,control_humberto_de_campos_sombras_que_sofrem_038,1000,908,59,98.68229540647015,0.009879109617318069,0.5055066079295154,0.7527194066749073,4.427312775330397,15.389830508474576,12.968040178568524,0.4845814977973568,0.5616740088105727,2.6215277777777777,3.6610169491525424,1.0418502202643172
control,humberto_de_campos,sombras_que_sofrem,control_humberto_de_campos_sombras_que_sofrem_039,1000,937,47,93.42015492574339,0.009351996278357004,0.5176093916755603,0.7564200477326969,4.504802561366062,19.93617021276596,17.02739251826385,0.4813233724653148,0.551760939167556,3.0556173526140156,4.148936170212766,1.0437566702241194
control,humberto_de_campos,sombras_que_sofrem,control_humberto_de_campos_sombras_que_sofrem_040,1000,927,54,103.66227603164795,0.010377422233405794,0.48004314994606256,0.7333574879227052,4.272923408845739,17.166666666666668,12.797207450007148,0.4670981661272923,0.5188781014023732,2.7698412698412698,3.9074074074074074,1.0733549083063647
control,humberto_de_campos,sombras_que_sofrem,control_humberto_de_campos_sombras_que_sofrem_041,1000,910,63,100.08453085376162,0.01001946348481002,0.5252747252747253,0.7346115906288533,4.327472527472527,14.444444444444445,11.91341484473644,0.46263736263736266,0.5142857142857142,2.6511627906976742,3.9206349206349205,1.0725274725274725
control,humberto_de_campos,sombras_que_sofrem,control_humberto_de_campos_sombras_que_sofrem_042,1000,907,75,102.88713655520155,0.010300069851607925,0.503858875413451,0.7279579207920793,4.357221609702315,12.093333333333334,9.950776630773879,0.47078280044101434,0.5402425578831312,2.9397163120567376,3.24,1.0882028665931642
control,humberto_de_campos,sombras_que_sofrem,control_humberto_de_campos_sombras_que_sofrem_043,1000,938,68,95.5396638495006,0.009564162720472951,0.47761194029850745,0.7258045292014303,4.244136460554371,13.794117647058824,10.672337556849278,0.48507462686567165,0.5565031982942431,2.7958950969213228,3.4558823529411766,1.079957356076759
control,humberto_de_campos,sombras_que_sofrem,control_humberto_de_campos_sombras_que_sofrem_044,1000,916,54,106.19076676646135,0.010630682224926623,0.527292576419214,0.7487515299877601,4.3744541484716155,16.962962962962962,12.698735666086874,0.4596069868995633,0.5283842794759825,2.7752293577981653,4.185185185185185,1.0731441048034935
control,humberto_de_campos,sombras_que_sofrem,control_humberto_de_campos_sombras_que_sofrem_045,1000,928,68,108.54823127229488,0.010866532753040956,0.4515086206896552,0.7117008443908324,4.290948275862069,13.647058823529411,22.191522431326547,0.4816810344827586,0.5646551724137931,3.7177142857142855,3.0441176470588234,1.105603448275862
control,humberto_de_campos,sombras_que_sofrem,control_humberto_de_campos_sombras_que_sofrem_046,1000,926,61,102.72007613041065,0.010283112486136245,0.5161987041036717,0.7411850060459493,4.190064794816415,15.180327868852459,11.514080043006663,0.4794816414686825,0.531317494600432,2.9625,3.721311475409836,1.0874730021598271
control,humberto_de_campos,sombras_que_sofrem,control_humberto_de_campos_sombras_que_sofrem_047,1000,931,58,86.52904318491487,0.008662208516683414,0.5209452201933404,0.7718629807692309,4.35016111707841,16.051724137931036,12.465708015900791,0.48764769065520946,0.5370569280343717,3.0318181818181817,3.810344827586207,1.046186895810956
control,humberto_de_campos,sombras_que_sofrem,control_humberto_de_campos_sombras_que_sofrem_048,1000,917,47,95.32768296410109,0.009543175248698766,0.5158124318429662,0.7544621026894865,4.3893129770992365,19.51063829787234,11.776052765740816,0.4732824427480916,0.5321701199563795,2.8529411764705883,4.404255319148936,1.0501635768811342
control,humberto_de_campos,sombras_que_sofrem,control_humberto_de_campos_sombras_que_sofrem_049,1000,910,62,89.047216519744,0.008914517825408915,0.5263736263736264,0.7521454993834772,4.4593406593406595,14.67741935483871,13.74394200101875,0.46263736263736266,0.5318681318681319,2.862950058072009,3.5806451612903225,1.0538461538461539
control,humberto_de_campos,sombras_que_sofrem,control_humberto_de_campos_sombras_que_sofrem_050,1000,920,56,88.8468809073724,0.008894355868855562,0.5032608695652174,0.7471132764920829,4.428260869565217,16.428571428571427,12.585219708135446,0.4815217391304348,0.5597826086956522,2.9714285714285715,4.089285714285714,1.075
control,humberto_de_campos,sombras_que_sofrem,control_humberto_de_campos_sombras_que_sofrem_051,551,385,103,115.36515432619329,0.011566558441558442,0.6181818181818182,0.7362237762237762,3.92987012987013,3.737864077669903,4.577193707278763,0.41818181818181815,0.45194805194805193,2.133956386292835,1.6699029126213591,1.1688311688311688
control,humberto_de_campos,últimas_crônicas__1936,control_humberto_de_campos_últimas_crônicas__1936_000,1000,927,48,108.54981037530445,0.01086670347925564,0.49083063646170444,0.738804347826087,4.601941747572815,19.3125,15.700525800643323,0.4638619201725998,0.5210355987055016,2.8826185101580135,4.020833333333333,1.0453074433656957
control,humberto_de_campos,últimas_crônicas__1936,control_humberto_de_campos_últimas_crônicas__1936_001,1000,919,63,94.03702041652409,0.009413945725793642,0.5114254624591947,0.7473536585365853,4.2742110990206745,14.587301587301587,13.923412873713911,0.47878128400435255,0.5331882480957563,2.9123414071510956,3.5873015873015874,1.0707290533188247
control,humberto_de_campos,últimas_crônicas__1936,control_humberto_de_campos_últimas_crônicas__1936_002,1000,923,65,75.89834364131283,0.00759806628860431,0.5070422535211268,0.7557402912621359,4.611050920910076,14.2,9.896697195762604,0.457204767063922,0.5200433369447454,2.8587830080367396,3.923076923076923,1.0790899241603467
control,humberto_de_campos,últimas_crônicas__1936,control_humberto_de_campos_últimas_crônicas__1936_003,1000,924,58,109.93515863645733,0.011005426498384244,0.4989177489177489,0.7279636363636363,4.386363636363637,15.931034482758621,10.650986790880017,0.4686147186147186,0.5270562770562771,2.9325714285714284,3.8448275862068964,1.0714285714285714
control,humberto_de_campos,últimas_crônicas__1936,control_humberto_de_campos_últimas_crônicas__1936_004,1000,930,52,98.60099433460516,0.00987071310346424,0.5150537634408602,0.755282791817088,4.524731182795699,17.884615384615383,14.133503357616727,0.4591397849462366,0.5258064516129032,2.6813063063063063,4.115384615384615,1.060215053763441
control,humberto_de_campos,últimas_crônicas__1936,control_humberto_de_campos_últimas_crônicas__1936_005,1000,919,51,99.41259423534831,0.009952088682166132,0.5223068552774756,0.7458536585365854,4.500544069640914,18.019607843137255,12.919798147027626,0.48313384113166485,0.5418933623503809,2.8475540386803186,4.098039215686274,1.0544069640914038
control,humberto_de_campos,últimas_crônicas__1936,control_humberto_de_campos_últimas_crônicas__1936_006,1000,906,43,109.5468522335765,0.010966789847913846,0.5286975717439294,0.7485006195786864,4.490066225165563,21.069767441860463,15.498530086096476,0.47019867549668876,0.5342163355408388,2.8714121699196324,4.511627906976744,1.0452538631346577
control,humberto_de_campos,últimas_crônicas__1936,control_humberto_de_campos_últimas_crônicas__1936_007,1000,922,59,84.50929555196898,0.008460105374475071,0.5292841648590022,0.7628918590522479,4.7017353579175705,15.627118644067796,13.41501600482282,0.44577006507592193,0.5303687635574837,3.002288329519451,3.8813559322033897,1.1030368763557483
control,humberto_de_campos,últimas_crônicas__1936,control_humberto_de_campos_últimas_crônicas__1936_008,1000,906,66,108.06056264588786,0.010817996658251314,0.5253863134657837,0.7243246592317224,4.4072847682119205,13.727272727272727,12.829352536327677,0.46578366445916114,0.5066225165562914,2.6128654970760232,3.712121212121212,1.0386313465783665
control,humberto_de_campos,últimas_crônicas__1936,control_humberto_de_campos_últimas_crônicas__1936_009,1000,933,51,101.59806729321106,0.01017070780950278,0.5005359056806002,0.7577817745803357,4.578778135048232,18.294117647058822,11.984130221364826,0.45016077170418006,0.5026795284030011,2.894263217097863,4.568627450980392,1.0632368703108253
control,humberto_de_campos,últimas_crônicas__1936,control_humberto_de_campos_últimas_crônicas__1936_010,1000,913,67,96.28477066685541,0.009639034607328838,0.5125958378970427,0.7600737100737099,4.263964950711939,13.626865671641792,8.922277704135706,0.4611171960569551,0.5180722891566265,2.5488372093023255,3.8507462686567164,1.0109529025191675
control,humberto_de_campos,últimas_crônicas__1936,control_humberto_de_campos_últimas_crônicas__1936_011,1000,925,58,90.55368882395909,0.009065169065169066,0.5167567567567568,0.7550847457627119,4.44,15.948275862068966,13.440061593907895,0.4540540540540541,0.5113513513513513,2.9680365296803655,3.6379310344827585,1.0854054054054054
control,humberto_de_campos,últimas_crônicas__1936,control_humberto_de_campos_últimas_crônicas__1936_012,1000,898,75,99.28026150663935,0.009939094184276716,0.5178173719376392,0.7592490613266585,4.4465478841870825,11.973333333333333,9.563783537677729,0.43875278396436523,0.5077951002227171,2.6104513064133017,3.4,1.0935412026726057
control,humberto_de_campos,últimas_crônicas__1936,control_humberto_de_campos_últimas_crônicas__1936_013,1000,921,45,87.9467038259174,0.008804229806920643,0.5222584147665581,0.7539659367396594,4.635179153094462,20.466666666666665,14.212044969750911,0.4733984799131379,0.5244299674267101,3.276330690826727,4.533333333333333,1.014115092290988
control,humberto_de_campos,últimas_crônicas__1936,control_humberto_de_campos_últimas_crônicas__1936_014,1000,928,47,85.83531510107015,0.008592790983149202,0.552801724137931,0.7833896260554886,4.622844827586207,19.74468085106383,12.333086592501651,0.44935344827586204,0.509698275862069,3.0090293453724604,4.340425531914893,1.0581896551724137
control,humberto_de_campos,últimas_crônicas__1936,control_humberto_de_campos_últimas_crônicas__1936_015,1000,926,50,81.28507386795665,0.008137294962348957,0.5345572354211663,0.7744498186215236,4.617710583153348,18.52,13.6619764309561,0.4654427645788337,0.5269978401727862,3.0941043083900226,4.1,1.0831533477321815
control,humberto_de_campos,últimas_crônicas__1936,control_humberto_de_campos_últimas_crônicas__1936_016,1000,934,35,95.44268624277245,0.009554498279823093,0.5299785867237687,0.7492455089820358,4.795503211991434,26.685714285714287,13.405268534788698,0.4668094218415418,0.5096359743040685,3.1306755260243633,5.542857142857143,1.0460385438972162
control,humberto_de_campos,últimas_crônicas__1936,control_humberto_de_campos_últimas_crônicas__1936_017,1000,921,48,98.36827033826472,0.00984751923712411,0.5309446254071661,0.7527250608272507,4.5559174809989145,19.1875,14.052959726809629,0.44842562432138977,0.507057546145494,3.2022857142857144,4.479166666666667,1.1064060803474485
control,humberto_de_campos,últimas_crônicas__1936,control_humberto_de_campos_últimas_crônicas__1936_018,1000,942,49,93.31007343097083,0.009340923397659354,0.5127388535031847,0.734306049822064,4.3789808917197455,19.224489795918366,12.876596879170808,0.4713375796178344,0.5329087048832272,2.9140625,4.408163265306122,1.1146496815286624
control,humberto_de_campos,últimas_crônicas__1936,control_humberto_de_campos_últimas_crônicas__1936_019,1000,920,100,88.58695652173913,0.008868335146898804,0.4467391304347826,0.7444457978075517,4.2043478260869565,9.2,7.475292636412303,0.4434782608695652,0.5271739130434783,2.427890345649583,2.91,1.0869565217391304
control,humberto_de_campos,últimas_crônicas__1936,control_humberto_de_campos_últimas_crônicas__1936_020,1000,940,69,108.48800362154822,0.010860353930165635,0.48617021276595745,0.7256599286563614,4.26063829787234,13.623188405797102,7.508645160940092,0.4765957446808511,0.5425531914893617,2.453514739229025,3.652173913043478,1.025531914893617
control,humberto_de_campos,últimas_crônicas__1936,control_humberto_de_campos_últimas_crônicas__1936_021,1000,919,40,91.40843586194484,0.009150800932148945,0.5353645266594124,0.7616951219512195,4.698585418933623,22.975,15.27168540142181,0.47116430903155604,0.529923830250272,3.190260475651189,4.875,1.0826985854189337
control,humberto_de_campos,últimas_crônicas__1936,control_humberto_de_campos_últimas_crônicas__1936_022,1000,914,43,80.2972482511288,0.0080385197044394,0.5547045951859956,0.7677300613496931,4.5568927789934355,21.25581395348837,14.887317879316118,0.4234135667396061,0.4759299781181619,3.068259385665529,4.837209302325581,1.0240700218818382
control,humberto_de_campos,últimas_crônicas__1936,control_humberto_de_campos_últimas_crônicas__1936_023,1000,918,59,86.38652749892017,0.008648073309052205,0.5250544662309368,0.7660073260073259,4.593681917211329,15.559322033898304,12.674906727755873,0.4684095860566449,0.528322440087146,2.834096109839817,3.76271186440678,1.0577342047930283
control,humberto_de_campos,últimas_crônicas__1936,control_humberto_de_campos_últimas_crônicas__1936_024,1000,924,54,83.32396319409307,0.00834142383438158,0.5238095238095238,0.7596606060606061,4.559523809523809,17.11111111111111,13.222689067388657,0.4512987012987013,0.5183982683982684,2.759637188208617,4.407407407407407,1.0432900432900434
control,humberto_de_campos,últimas_crônicas__1936,control_humberto_de_campos_últimas_crônicas__1936_025,1000,900,74,80.81481481481481,0.008090470893585465,0.5177777777777778,0.741111111111111,4.514444444444444,12.162162162162161,10.697343730694191,0.4666666666666667,0.5211111111111111,2.65947242206235,3.4054054054054053,1.1111111111111112
control,humberto_de_campos,últimas_crônicas__1936,control_humberto_de_campos_últimas_crônicas__1936_026,1000,914,41,88.86803384263271,0.008896537013380756,0.5251641137855579,0.7611042944785276,4.49781181619256,22.29268292682927,13.102306448305896,0.4649890590809628,0.5415754923413567,2.9320498301245754,4.463414634146342,1.0350109409190371
control,humberto_de_campos,últimas_crônicas__1936,control_humberto_de_campos_últimas_crônicas__1936_027,1000,903,67,88.64263210241731,0.008874090553046877,0.540420819490587,0.7597388059701492,4.5758582502768546,13.477611940298507,9.10200602615467,0.4429678848283499,0.4950166112956811,2.672209026128266,3.373134328358209,1.0830564784053156
control,humberto_de_campos,últimas_crônicas__1936,control_humberto_de_campos_últimas_crônicas__1936_028,1000,901,94,83.73973424521527,0.008383277839437661,0.5416204217536071,0.77286783042394,4.678135405105438,9.585106382978724,9.407341603902372,0.4117647058823529,0.49056603773584906,2.578181818181818,2.7872340425531914,1.1165371809101
control,humberto_de_campos,últimas_crônicas__1936,control_humberto_de_campos_últimas_crônicas__1936_029,1000,925,68,96.95836376917458,0.009706329706329706,0.49513513513513513,0.744721549636804,4.450810810810811,13.602941176470589,16.277139965827164,0.4572972972972973,0.5113513513513513,3.1091954022988504,3.2205882352941178,1.0756756756756756
control,humberto_de_campos,últimas_crônicas__1936,control_humberto_de_campos_últimas_crônicas__1936_030,1000,928,62,91.43226070154577,0.009153089312948703,0.49676724137931033,0.7403618817852835,4.2844827586206895,14.96774193548387,13.472753558554082,0.47844827586206895,0.5441810344827587,3.0786773090079818,3.8870967741935485,1.0808189655172413
control,humberto_de_campos,últimas_crônicas__1936,control_humberto_de_campos_últimas_crônicas__1936_031,1000,915,60,105.10914031473021,0.010522413937415551,0.5016393442622951,0.731017156862745,4.380327868852459,15.25,10.022682608297375,0.46775956284153003,0.5147540983606558,2.791954022988506,3.933333333333333,1.0797814207650274
control,humberto_de_campos,últimas_crônicas__1936,control_humberto_de_campos_últimas_crônicas__1936_032,1000,905,66,103.04935746772077,0.010316335011978683,0.4895027624309392,0.7300372208436725,4.348066298342541,13.712121212121213,11.11068984509029,0.4662983425414365,0.5093922651933702,2.6864801864801864,3.8181818181818183,1.0674033149171271
control,humberto_de_campos,últimas_crônicas__1936,control_humberto_de_campos_últimas_crônicas__1936_033,1000,921,51,97.92028444746245,0.009802671953925318,0.5200868621064061,0.7375425790754258,4.404994571118349,18.058823529411764,11.910469549536103,0.4571118349619978,0.5298588490770901,2.979498861047836,4.03921568627451,1.1161780673181325
control,humberto_de_campos,últimas_crônicas__1936,control_humberto_de_campos_últimas_crônicas__1936_034,1000,929,56,84.65414736959194,0.0084745369511154,0.5468245425188375,0.7723734939759035,4.41334768568353,16.589285714285715,12.140217675317096,0.44671689989235736,0.5048439181916039,3.2290249433106575,3.892857142857143,1.1108719052744886
control,humberto_de_campos,últimas_crônicas__1936,control_humberto_de_campos_últimas_crônicas__1936_035,627,540,59,82.44170096021948,0.008259465402322546,0.6425925925925926,0.7864625850340138,4.368518518518519,9.152542372881356,12.873324882730962,0.40925925925925927,0.45,3.389344262295082,2.6271186440677967,1.1759259259259258
psychographed,andre_luiz,agenda_cristã,psychographed_andre_luiz_agenda_cristã_000,1000,818,89,71.01822681595638,0.00711051524301742,0.636919315403423,0.8126981919332407,5.678484107579462,9.191011235955056,10.150415284020452,0.3484107579462103,0.39119804400978,2.791268758526603,3.033707865168539,1.21760391198044
psychographed,andre_luiz,agenda_cristã,psychographed_andre_luiz_agenda_cristã_001,1000,957,129,83.61640401419885,0.008370386887195429,0.5433646812957158,0.7814801864801865,5.105538140020899,7.4186046511627906,9.344150161413724,0.41274817136886105,0.4482758620689655,2.5101070154577885,2.511627906976744,1.0731452455590387
psychographed,andre_luiz,agenda_cristã,psychographed_andre_luiz_agenda_cristã_002,1000,939,117,106.17871186010088,0.010629190878106046,0.5058572949946751,0.7352738095238095,4.985090521831736,8.025641025641026,7.533925026072919,0.43769968051118213,0.47177848775292863,2.409893992932862,2.6324786324786325,1.0905218317358893
psychographed,andre_luiz,agenda_cristã,psychographed_andre_luiz_agenda_cristã_003,1000,924,120,130.73686774985475,0.01308785111602013,0.5378787878787878,0.7367999999999999,5.036796536796537,7.7,7.335529974037323,0.4296536796536797,0.45346320346320346,2.149577804583836,2.775,1.079004329004329
psychographed,andre_luiz,agenda_cristã,psychographed_andre_luiz_agenda_cristã_004,1000,936,113,80.65326174300533,0.008073952191599251,0.5811965811965812,0.7767861409796895,5.443376068376068,8.283185840707965,7.133951016586542,0.3814102564102564,0.391025641025641,2.636038186157518,2.725663716814159,1.110042735042735
psychographed,andre_luiz,agenda_cristã,psychographed_andre_luiz_agenda_cristã_005,1000,922,122,114.03578940434122,0.011415960676525798,0.4891540130151844,0.7156136087484812,4.989154013015185,7.557377049180328,5.291578803616469,0.44468546637744033,0.4490238611713666,2.0850546780072903,2.6065573770491803,1.0813449023861172
psychographed,andre_luiz,agenda_cristã,psychographed_andre_luiz_agenda_cristã_006,1000,927,113,119.60494758119417,0.011973411059154103,0.5221143473570659,0.7276449275362319,4.851132686084142,8.20353982300885,6.513647065133488,0.4401294498381877,0.44228694714131606,2.0952380952380953,2.575221238938053,1.0884573894282632
psychographed,andre_luiz,agenda_cristã,psychographed_andre_luiz_agenda_cristã_007,1467,1384,141,125.30697651107621,0.012539758170016593,0.45809248554913296,0.7097509727626459,4.79985549132948,9.815602836879433,8.840271197726551,0.4508670520231214,0.4797687861271676,2.2877358490566038,2.921985815602837,1.083815028901734
psychographed,andre_luiz,ação_e_reação,psychographed_andre_luiz_ação_e_reação_000,1000,897,44,88.9376082047305,0.008903686892817328,0.5518394648829431,0.7663909774436091,5.301003344481606,20.386363636363637,30.882634064743563,0.41917502787068006,0.4559643255295429,3.3465577596266045,4.0227272727272725,1.1137123745819397
psychographed,andre_luiz,ação_e_reação,psychographed_andre_luiz_ação_e_reação_001,1000,950,54,109.85041551246537,0.010996616937496534,0.5557894736842105,0.7708930669800236,5.126315789473685,17.59259259259259,16.388250667631684,0.4378947368421053,0.46842105263157896,3.141280353200883,4.277777777777778,1.0978947368421053
psychographed,andre_luiz,ação_e_reação,psychographed_andre_luiz_ação_e_reação_002,1000,972,42,87.72375484766889,0.008781409857047801,0.558641975308642,0.7903780068728522,5.327160493827161,23.142857142857142,19.29170982643091,0.4331275720164609,0.4742798353909465,3.1961620469083156,4.928571428571429,1.0997942386831276
psychographed,andre_luiz,ação_e_reação,psychographed_andre_luiz_ação_e_reação_003,1000,969,50,106.09599333731646,0.010620559663621864,0.5552115583075335,0.7610114942528736,5.218782249742002,19.38,12.021464137117409,0.45717234262125905,0.49122807017543857,2.790722761596548,4.54,1.085655314757482
psychographed,andre_luiz,ação_e_reação,psychographed_andre_luiz_ação_e_reação_004,1000,932,61,98.822965978375,0.009892911309543017,0.5611587982832618,0.774201680672269,5.062231759656652,15.278688524590164,13.315996970907305,0.44527896995708155,0.47746781115879827,2.745475113122172,3.8360655737704916,1.094420600858369
psychographed,andre_luiz,ação_e_reação,psychographed_andre_luiz_ação_e_reação_005,1000,945,70,79.37067831247725,0.007945475742085912,0.5767195767195767,0.7863475177304965,5.147089947089947,13.5,11.511174694927659,0.42962962962962964,0.45291005291005293,2.6519774011299435,3.6857142857142855,1.0941798941798941
psychographed,andre_luiz,ação_e_reação,psychographed_andre_luiz_ação_e_reação_006,1000,935,63,91.28084875175155,0.009137857985319882,0.586096256684492,0.7802033492822966,5.498395721925133,14.841269841269842,12.868327488673776,0.4213903743315508,0.44919786096256686,2.936579841449604,3.6984126984126986,1.1058823529411765
psychographed,andre_luiz,ação_e_reação,psychographed_andre_luiz_ação_e_reação_007,1000,933,63,78.39271949444507,0.007847683185441766,0.5959271168274384,0.8115947242206236,5.457663451232583,14.80952380952381,11.351326253339323,0.4137191854233655,0.43729903536977494,2.845197740112994,4.0,1.0943193997856377
psychographed,andre_luiz,ação_e_reação,psychographed_andre_luiz_ação_e_reação_008,1000,938,101,96.0852151063143,0.00961877606934075,0.5575692963752665,0.7790107270560189,5.074626865671642,9.287128712871286,7.389230367167921,0.42857142857142855,0.4605543710021322,2.4051222351571595,3.0594059405940595,1.0597014925373134
psychographed,andre_luiz,ação_e_reação,psychographed_andre_luiz_ação_e_reação_009,1000,926,80,95.65282293615215,0.009575623139338043,0.5604751619870411,0.7752962515114874,5.109071274298056,11.575,11.056417819529072,0.4330453563714903,0.46004319654427644,2.5034324942791764,3.4375,1.0755939524838012
psychographed,andre_luiz,ação_e_reação,psychographed_andre_luiz_ação_e_reação_010,1000,941,60,102.56572416573592,0.010267483663825265,0.5887353878852285,0.7838479809976246,5.18278427205101,15.683333333333334,15.334592339616405,0.43889479277364507,0.4537725823591923,2.7583518930957682,3.816666666666667,1.0743889479277364
psychographed,andre_luiz,ação_e_reação,psychographed_andre_luiz_ação_e_reação_011,1000,951,36,112.73760201503536,0.011285627317505119,0.5394321766561514,0.7520070422535212,5.070452155625657,26.416666666666668,22.570106827886793,0.47213459516298634,0.5120925341745531,3.2445887445887447,5.083333333333333,1.0767613038906414
psychographed,andre_luiz,ação_e_reação,psychographed_andre_luiz_ação_e_reação_012,1000,948,54,85.54540760917943,0.008563574066895683,0.5812236286919831,0.7908009422850414,5.334388185654008,17.555555555555557,11.870702601232733,0.41877637130801687,0.4609704641350211,2.640088593576966,4.166666666666667,1.0981012658227849
psychographed,andre_luiz,ação_e_reação,psychographed_andre_luiz_ação_e_reação_013,1000,945,68,87.72430783012794,0.008781723612232086,0.5777777777777777,0.7878014184397163,5.196825396825397,13.897058823529411,12.00629700699051,0.41798941798941797,0.46455026455026455,2.5977528089887643,3.8529411764705883,1.0888888888888888
psychographed,andre_luiz,ação_e_reação,psychographed_andre_luiz_ação_e_reação_014,1000,932,74,95.32317780765901,0.009542556575374672,0.5633047210300429,0.7724129651860745,5.138412017167382,12.594594594594595,14.258159275191435,0.4281115879828326,0.4613733905579399,2.419795221843003,3.5405405405405403,1.0643776824034334
psychographed,andre_luiz,ação_e_reação,psychographed_andre_luiz_ação_e_reação_015,1000,964,49,92.90904082229989,0.009300551957704786,0.5778008298755186,0.7791329479768787,5.4979253112033195,19.6734693877551,15.127199121763125,0.4190871369294606,0.45954356846473027,2.697724810400867,4.979591836734694,1.1026970954356847
psychographed,andre_luiz,ação_e_reação,psychographed_andre_luiz_ação_e_reação_016,1000,951,47,87.72657261546593,0.008781891637611379,0.5772870662460567,0.7813615023474177,5.375394321766562,20.23404255319149,12.79496703903938,0.4363827549947424,0.45110410094637227,2.845564074479737,4.76595744680851,1.1093585699263933
psychographed,andre_luiz,ação_e_reação,psychographed_andre_luiz_ação_e_reação_017,1000,950,50,91.2354570637119,0.009133159558538073,0.56,0.7842303172737954,5.112631578947369,19.0,12.779671357276758,0.4652631578947368,0.4831578947368421,2.8516483516483517,4.28,1.0821052631578947
psychographed,andre_luiz,ação_e_reação,psychographed_andre_luiz_ação_e_reação_018,1000,952,44,101.31258385707224,0.010141911654251606,0.5630252100840336,0.7713012895662368,5.218487394957983,21.636363636363637,17.485176720830637,0.43592436974789917,0.4737394957983193,2.9563794983642313,4.681818181818182,1.1029411764705883
psychographed,andre_luiz,ação_e_reação,psychographed_andre_luiz_ação_e_reação_019,1000,978,34,99.5730195173155,0.009967493663043456,0.5071574642126789,0.7526279863481229,5.067484662576687,28.764705882352942,21.127148444219422,0.4652351738241309,0.5030674846625767,3.2389006342494713,5.352941176470588,1.1134969325153374
psychographed,andre_luiz,ação_e_reação,psychographed_andre_luiz_ação_e_reação_020,1000,968,37,86.10238371695922,0.008619142444469135,0.5361570247933884,0.777433831990794,5.193181818181818,26.16216216216216,22.5142759677517,0.4380165289256198,0.4834710743801653,3.278969957081545,5.162162162162162,1.1208677685950412
psychographed,andre_luiz,ação_e_reação,psychographed_andre_luiz_ação_e_reação_021,1000,961,40,102.21749153511398,0.01023239680887964,0.5619146722164412,0.7765197215777262,5.2445369406867846,24.025,20.511566858726322,0.43496357960457854,0.4838709677419355,2.923160173160173,4.95,1.1103017689906347
psychographed,andre_luiz,ação_e_reação,psychographed_andre_luiz_ação_e_reação_022,1000,953,51,86.98438355048232,0.008707575370127065,0.55299055613851,0.7732201405152224,5.040923399790136,18.686274509803923,12.717889509336965,0.44491080797481636,0.472193074501574,2.6986899563318776,4.568627450980392,1.0724029380902413
psychographed,andre_luiz,ação_e_reação,psychographed_andre_luiz_ação_e_reação_023,1000,944,56,91.5460715311692,0.009164315114042813,0.5667372881355932,0.7844970414201184,5.153601694915254,16.857142857142858,13.27245882515015,0.4279661016949153,0.4661016949152542,2.7764182424916575,4.232142857142857,1.097457627118644
psychographed,andre_luiz,ação_e_reação,psychographed_andre_luiz_ação_e_reação_024,1000,933,49,100.49523888297267,0.010060306639250376,0.5326902465166131,0.7535011990407675,5.166130760986066,19.040816326530614,14.001398157113423,0.4480171489817792,0.4855305466237942,3.107865168539326,4.6938775510204085,1.1329046087888532
psychographed,andre_luiz,ação_e_reação,psychographed_andre_luiz_ação_e_reação_025,1000,956,49,93.87965896955585,0.009397796227737738,0.5407949790794979,0.7706651108518087,5.273012552301255,19.510204081632654,18.99637177922872,0.4393305439330544,0.4560669456066946,2.996732026143791,4.530612244897959,1.104602510460251
psychographed,andre_luiz,ação_e_reação,psychographed_andre_luiz_ação_e_reação_026,1000,943,66,79.52778130759776,0.007961220570389033,0.5853658536585366,0.7901777251184835,5.096500530222693,14.287878787878787,10.84709869254971,0.43160127253446445,0.48462354188759277,2.4786036036036037,3.9393939393939394,1.1039236479321315
psychographed,andre_luiz,ação_e_reação,psychographed_andre_luiz_ação_e_reação_027,1000,964,38,90.67078734870267,0.009076494185269925,0.553941908713693,0.7896184971098266,5.147302904564316,25.36842105263158,15.347588620180485,0.43775933609958506,0.47406639004149376,3.211764705882353,5.026315789473684,1.1016597510373445
psychographed,andre_luiz,ação_e_reação,psychographed_andre_luiz_ação_e_reação_028,1000,953,55,86.25767857398462,0.00863482853792094,0.5445960125918153,0.7942857142857143,5.115424973767052,17.327272727272728,12.186511985804852,0.4281217208814271,0.4690451206715635,2.8322368421052633,4.181818181818182,1.0661070304302203
psychographed,andre_luiz,ação_e_reação,psychographed_andre_luiz_ação_e_reação_029,1000,941,43,94.45713685556211,0.00945576231713659,0.5409139213602551,0.7829572446555819,4.950053134962806,21.88372093023256,17.78451024794693,0.461211477151966,0.48884165781083955,2.987885462555066,4.627906976744186,1.1222104144527099
psychographed,andre_luiz,ação_e_reação,psychographed_andre_luiz_ação_e_reação_030,1000,942,58,93.17484144049116,0.009327385827517819,0.5573248407643312,0.7711862396204033,5.250530785562633,16.24137931034483,14.308558259895136,0.440552016985138,0.4723991507430998,2.7743016759776538,4.051724137931035,1.0955414012738853
psychographed,andre_luiz,ação_e_reação,psychographed_andre_luiz_ação_e_reação_031,1000,955,56,95.6333433842274,0.009573358797896978,0.5759162303664922,0.7898831775700935,5.268062827225131,17.053571428571427,13.442230420338337,0.418848167539267,0.4649214659685864,3.0099118942731278,4.160714285714286,1.1078534031413612
psychographed,andre_luiz,ação_e_reação,psychographed_andre_luiz_ação_e_reação_032,1000,943,49,72.06080636582105,0.0072137304037122344,0.5641569459172853,0.8098459715639811,5.255567338282079,19.244897959183675,17.454933940497703,0.41993637327677624,0.46447507953340406,2.712860310421286,4.3061224489795915,1.112407211028632
psychographed,andre_luiz,ação_e_reação,psychographed_andre_luiz_ação_e_reação_033,1000,935,61,97.57213531985472,0.009767660227415865,0.544385026737968,0.77561004784689,5.08235294117647,15.327868852459016,11.5994930803249,0.4288770053475936,0.4737967914438503,2.7118834080717487,3.819672131147541,1.0866310160427808
psychographed,andre_luiz,ação_e_reação,psychographed_andre_luiz_ação_e_reação_034,1000,944,46,89.36907497845446,0.008946384600176141,0.5572033898305084,0.7725207100591716,5.170550847457627,20.52173913043478,16.068791153952386,0.4258474576271186,0.4523305084745763,2.9635761589403975,4.304347826086956,1.0794491525423728
psychographed,andre_luiz,ação_e_reação,psychographed_andre_luiz_ação_e_reação_035,1000,953,52,106.53935382714772,0.01066512649131006,0.5603357817418678,0.765831381733021,5.108079748163694,18.326923076923077,13.599662260860283,0.44700944386149005,0.46379853095487933,2.848087431693989,4.25,1.0734522560335782
psychographed,andre_luiz,ação_e_reação,psychographed_andre_luiz_ação_e_reação_036,1000,967,52,89.59574970938596,0.008968849893268759,0.5646328852119958,0.7765322580645161,5.146845915201655,18.596153846153847,12.679874446394622,0.4415718717683557,0.4725956566701138,2.9794816414686824,4.211538461538462,1.0692864529472597
psychographed,andre_luiz,ação_e_reação,psychographed_andre_luiz_ação_e_reação_037,1000,958,48,102.2485083311178,0.01023553510775453,0.5511482254697286,0.7664842840512223,5.0375782881002085,19.958333333333332,14.419255547896901,0.4405010438413361,0.4603340292275574,2.9717391304347824,4.479166666666667,1.0949895615866387
psychographed,andre_luiz,ação_e_reação,psychographed_andre_luiz_ação_e_reação_038,1000,932,51,86.13623385952955,0.008622875398182765,0.5590128755364807,0.7829411764705883,5.175965665236052,18.274509803921568,15.004676958937194,0.41952789699570814,0.45493562231759654,2.701912260967379,4.431372549019608,1.1051502145922747
psychographed,andre_luiz,ação_e_reação,psychographed_andre_luiz_ação_e_reação_039,1000,949,59,87.83023780786387,0.008792288573804093,0.5774499473129611,0.799564705882353,5.312961011591149,16.084745762711865,10.33061623113667,0.422550052687039,0.45310853530031614,2.7168141592920354,4.033898305084746,1.0874604847207587
psychographed,andre_luiz,ação_e_reação,psychographed_andre_luiz_ação_e_reação_040,1000,951,48,95.53284439092836,0.009563340527976092,0.5594111461619348,0.7824765258215962,5.129337539432177,19.8125,15.344184905581223,0.41219768664563616,0.4490010515247108,2.6921397379912664,4.25,1.0515247108307044
psychographed,andre_luiz,ação_e_reação,psychographed_andre_luiz_ação_e_reação_041,1000,944,76,105.50578138465958,0.010561766450383737,0.5508474576271186,0.7624023668639054,4.935381355932203,12.421052631578947,10.961971535476561,0.4205508474576271,0.4523305084745763,2.678888888888889,3.4473684210526314,1.0625
psychographed,andre_luiz,ação_e_reação,psychographed_andre_luiz_ação_e_reação_042,1000,947,53,94.55748102438758,0.009465743607832457,0.5892291446673706,0.7904716981132076,5.215417106652587,17.867924528301888,12.97317658812817,0.3991552270327349,0.4392819429778247,2.7516483516483516,4.3584905660377355,1.0876451953537487
psychographed,andre_luiz,ação_e_reação,psychographed_andre_luiz_ação_e_reação_043,1000,956,47,92.65419022776211,0.009275121032224144,0.5648535564853556,0.7854142357059509,5.235355648535565,20.340425531914892,15.298834047834427,0.4351464435146444,0.45397489539748953,2.9640914036996735,4.617021276595745,1.098326359832636
psychographed,andre_luiz,ação_e_reação,psychographed_andre_luiz_ação_e_reação_044,1000,947,53,92.03743494991687,0.009213472610736921,0.5786694825765576,0.7903891509433962,5.147835269271384,17.867924528301888,16.22953019681711,0.4297782470960929,0.45195353748680045,3.0,4.188679245283019,1.1140443505807813
psychographed,andre_luiz,ação_e_reação,psychographed_andre_luiz_ação_e_reação_045,1000,951,75,91.19848385837697,0.009129448226243843,0.5814931650893796,0.7832863849765258,5.214511041009464,12.68,10.698485874178644,0.4069400630914827,0.4237644584647739,2.7752808988764044,3.1733333333333333,1.0799158780231335
psychographed,andre_luiz,ação_e_reação,psychographed_andre_luiz_ação_e_reação_046,1000,954,62,85.74731133174232,0.00858372875241156,0.560796645702306,0.784233918128655,5.0429769392033545,15.387096774193548,12.635529577358922,0.4392033542976939,0.46331236897274636,2.8835920177383594,4.0,1.1257861635220126
psychographed,andre_luiz,ação_e_reação,psychographed_andre_luiz_ação_e_reação_047,1000,957,43,97.72353302782446,0.009782575429668202,0.5297805642633229,0.7681118881118882,5.024033437826541,22.25581395348837,16.60077474131549,0.45768025078369906,0.4994775339602926,2.8572984749455337,4.72093023255814,1.1180773249738767
psychographed,andre_luiz,ação_e_reação,psychographed_andre_luiz_ação_e_reação_048,1000,952,47,86.94654332321164,0.00870379697620373,0.5409663865546218,0.7880187573270808,5.110294117647059,20.25531914893617,19.0078014052085,0.4422268907563025,0.45903361344537813,2.8322368421052633,4.361702127659575,1.0997899159663866
psychographed,andre_luiz,ação_e_reação,psychographed_andre_luiz_ação_e_reação_049,1000,974,43,99.8233327289823,0.009992592608224948,0.5256673511293635,0.7583885714285713,5.157084188911704,22.651162790697676,16.32644269907126,0.44455852156057496,0.47433264887063653,2.9561497326203208,5.441860465116279,1.1057494866529773
psychographed,andre_luiz,ação_e_reação,psychographed_andre_luiz_ação_e_reação_050,1000,957,31,108.05274668640791,0.010816577257206314,0.5308254963427377,0.7494988344988345,5.184952978056426,30.870967741935484,31.95131572381379,0.445141065830721,0.46812957157784746,3.7104700854700856,5.419354838709677,1.1191222570532915
psychographed,andre_luiz,ação_e_reação,psychographed_andre_luiz_ação_e_reação_051,1000,941,56,82.44106875246335,0.008252877201709363,0.59192348565356,0.8087173396674584,5.343251859723698,16.803571428571427,16.12054993174987,0.42720510095642933,0.44845908607863977,2.6855555555555557,4.160714285714286,1.0882040382571732
psychographed,andre_luiz,ação_e_reação,psychographed_andre_luiz_ação_e_reação_052,1000,935,52,90.31999771225944,0.009041670006527041,0.5647058823529412,0.7797727272727273,5.071657754010695,17.98076923076923,11.89131936882367,0.4160427807486631,0.453475935828877,3.1785714285714284,4.384615384615385,1.0737967914438502
psychographed,andre_luiz,ação_e_reação,psychographed_andre_luiz_ação_e_reação_053,1000,970,43,94.48400467637369,0.0094581511389146,0.5731958762886598,0.7729850746268658,5.184536082474227,22.558139534883722,17.371859529578686,0.4175257731958763,0.44329896907216493,3.092553191489362,4.744186046511628,1.0711340206185567
psychographed,andre_luiz,ação_e_reação,psychographed_andre_luiz_ação_e_reação_054,1000,939,49,91.2533556533189,0.009135064068066787,0.5612353567625133,0.7808690476190477,5.177848775292865,19.163265306122447,15.855658796416758,0.4291799787007455,0.47071352502662406,3.1024498886414253,4.428571428571429,1.1022364217252396
psychographed,andre_luiz,ação_e_reação,psychographed_andre_luiz_ação_e_reação_055,1000,928,57,83.09490190249703,0.00831845404158762,0.5571120689655172,0.7783956574185765,5.040948275862069,16.280701754385966,13.1532857424801,0.41810344827586204,0.4579741379310345,2.8980963045912653,4.017543859649122,1.0614224137931034
psychographed,andre_luiz,ação_e_reação,psychographed_andre_luiz_ação_e_reação_056,1000,949,77,78.79182901195979,0.00788749427556433,0.5637513171759747,0.789858823529412,5.036880927291886,12.324675324675324,10.965638845238171,0.4320337197049526,0.47839831401475236,2.7316798196166854,3.5454545454545454,1.1159114857744994
psychographed,andre_luiz,ação_e_reação,psychographed_andre_luiz_ação_e_reação_057,1000,962,36,80.86929084850082,0.008095344203564806,0.5717255717255717,0.7996407879490149,5.261954261954262,26.72222222222222,13.80541582759605,0.4282744282744283,0.448024948024948,3.060085836909871,5.472222222222222,1.1133056133056134
psychographed,andre_luiz,ação_e_reação,psychographed_andre_luiz_ação_e_reação_058,1000,959,55,78.22277507092133,0.007830442723696613,0.5766423357664233,0.7924767441860465,5.303441084462983,17.436363636363637,10.288146111580216,0.4129301355578728,0.4421272158498436,2.7524644030668126,4.4,1.1032325338894682
psychographed,andre_luiz,ação_e_reação,psychographed_andre_luiz_ação_e_reação_059,1000,961,40,100.22511670010752,0.01003295178633368,0.5556711758584808,0.7764385150812064,5.286160249739854,24.025,14.69946852780739,0.4266389177939646,0.4588969823100936,3.0,5.05,1.1082206035379814
psychographed,andre_luiz,ação_e_reação,psychographed_andre_luiz_ação_e_reação_060,1000,952,51,84.65150766188829,0.008474052081400384,0.5682773109243697,0.7872332942555686,5.331932773109243,18.666666666666668,18.06705013702001,0.421218487394958,0.4569327731092437,3.133771929824561,4.313725490196078,1.096638655462185
psychographed,andre_luiz,ação_e_reação,psychographed_andre_luiz_ação_e_reação_061,1000,963,40,89.67304276938306,0.008976625799055706,0.5565939771547248,0.7705324074074075,5.318795430944964,24.075,17.206666585948597,0.44963655244029077,0.48598130841121495,3.0998925886143933,4.575,1.0861889927310489
psychographed,andre_luiz,ação_e_reação,psychographed_andre_luiz_ação_e_reação_062,1000,967,34,107.75444904174897,0.010786599609044644,0.5853154084798345,0.7605184331797235,5.5687693898655635,28.441176470588236,22.3924766468701,0.41675284384694933,0.4436401240951396,3.386509635974304,5.205882352941177,1.1458117890382626
psychographed,andre_luiz,ação_e_reação,psychographed_andre_luiz_ação_e_reação_063,1000,941,46,90.68517562770968,0.0090781649218803,0.5642933049946866,0.7782541567695962,5.399574920297556,20.456521739130434,18.776380307900634,0.43251859723698194,0.46865037194473963,3.0232815964523283,4.130434782608695,1.1009564293304994
psychographed,andre_luiz,ação_e_reação,psychographed_andre_luiz_ação_e_reação_064,1000,945,84,88.62013941379021,0.008871401668011838,0.5608465608465608,0.7831560283687943,5.26031746031746,11.25,9.91376508170524,0.4201058201058201,0.44656084656084655,2.7630385487528346,3.25,1.125925925925926
psychographed,andre_luiz,ação_e_reação,psychographed_andre_luiz_ação_e_reação_065,1342,1260,74,93.94053917863441,0.009401515438052371,0.5134920634920634,0.776442721791559,5.061111111111111,17.027027027027028,12.339754446911833,0.4444444444444444,0.48253968253968255,2.87940935192781,4.054054054054054,1.053968253968254
psychographed,andre_luiz,entre_a_terra_e_o_céu,psychographed_andre_luiz_entre_a_terra_e_o_céu_000,1000,875,120,122.46204081632654,0.012260215756783262,0.5074285714285715,0.7034407216494846,5.096,7.291666666666667,10.190187954868918,0.4502857142857143,0.4502857142857143,2.5558475689881734,2.2333333333333334,1.1108571428571428
psychographed,andre_luiz,entre_a_terra_e_o_céu,psychographed_andre_luiz_entre_a_terra_e_o_céu_001,1000,965,52,94.02668528014175,0.00941242233354116,0.5440414507772021,0.7737413394919169,5.313989637305699,18.557692307692307,14.006061135119685,0.45803108808290155,0.48808290155440415,2.8200654307524538,4.615384615384615,1.1150259067357513
psychographed,andre_luiz,entre_a_terra_e_o_céu,psychographed_andre_luiz_entre_a_terra_e_o_céu_002,1000,951,70,96.19626692142091,0.009629752614975926,0.5688748685594112,0.8014553990610328,5.255520504731861,13.585714285714285,8.524741901652853,0.41324921135646686,0.4437434279705573,2.5811870100783874,3.942857142857143,1.099894847528917
psychographed,andre_luiz,entre_a_terra_e_o_céu,psychographed_andre_luiz_entre_a_terra_e_o_céu_003,1000,941,83,96.67062308508031,0.009677346417346869,0.5674814027630181,0.800249406175772,5.3560042507970245,11.337349397590362,10.765045071152533,0.41339001062699254,0.436769394261424,2.3486766398158805,3.289156626506024,1.0882040382571732
psychographed,andre_luiz,entre_a_terra_e_o_céu,psychographed_andre_luiz_entre_a_terra_e_o_céu_004,1000,948,70,98.11906923747975,0.009822267965906104,0.5569620253164557,0.7769493521790342,5.10126582278481,13.542857142857143,9.25925901738473,0.4282700421940928,0.4451476793248945,2.4670391061452515,3.6142857142857143,1.0706751054852321
psychographed,andre_luiz,entre_a_terra_e_o_céu,psychographed_andre_luiz_entre_a_terra_e_o_céu_005,1000,947,65,92.4834608038055,0.00925812234473613,0.5659978880675819,0.7977830188679245,5.337909186906019,14.569230769230769,10.226615698218705,0.41077085533262936,0.4551214361140444,2.3878923766816142,3.9692307692307693,1.0950369588173179
psychographed,andre_luiz,entre_a_terra_e_o_céu,psychographed_andre_luiz_entre_a_terra_e_o_céu_006,1000,927,94,88.09198805114222,0.008818711978769853,0.5685005393743258,0.7676570048309179,5.074433656957929,9.861702127659575,9.267422997665266,0.41316073354908306,0.4519956850053937,2.55,3.095744680851064,1.0949298813376482
psychographed,andre_luiz,entre_a_terra_e_o_céu,psychographed_andre_luiz_entre_a_terra_e_o_céu_007,1000,938,77,80.24149735634954,0.008032713395971811,0.5202558635394456,0.7899880810488678,4.905117270788913,12.181818181818182,10.749481742538842,0.4232409381663113,0.4626865671641791,2.544724770642202,3.4675324675324677,1.1279317697228144
psychographed,andre_luiz,entre_a_terra_e_o_céu,psychographed_andre_luiz_entre_a_terra_e_o_céu_008,1000,939,83,92.22872087655846,0.00923270457389002,0.5612353567625133,0.7836904761904762,5.022364217252396,11.313253012048193,9.5374060160139,0.4536741214057508,0.4728434504792332,2.5057339449541285,3.4216867469879517,1.0702875399361023
psychographed,andre_luiz,entre_a_terra_e_o_céu,psychographed_andre_luiz_entre_a_terra_e_o_céu_009,1000,931,83,97.90472806229168,0.009801000196343394,0.5435016111707841,0.7633774038461539,4.967776584317938,11.216867469879517,9.542609823075017,0.4296455424274973,0.4597207303974221,2.5161290322580645,3.3012048192771086,1.0827067669172932
psychographed,andre_luiz,entre_a_terra_e_o_céu,psychographed_andre_luiz_entre_a_terra_e_o_céu_010,1000,949,70,92.98235289545536,0.009308043554618898,0.5521601685985248,0.7661764705882353,5.249736564805058,13.557142857142857,12.060129961732482,0.4172813487881981,0.4488935721812434,2.8587443946188342,3.585714285714286,1.1095890410958904
psychographed,andre_luiz,entre_a_terra_e_o_céu,psychographed_andre_luiz_entre_a_terra_e_o_céu_011,1000,941,77,80.58896802980527,0.008067470097451783,0.5696068012752391,0.791270783847981,5.320935175345377,12.220779220779221,11.569803258688673,0.4155154091392136,0.43783209351753455,2.5428571428571427,3.4285714285714284,1.1147715196599361
psychographed,andre_luiz,entre_a_terra_e_o_céu,psychographed_andre_luiz_entre_a_terra_e_o_céu_012,1000,941,75,93.71177924766313,0.00938114726298415,0.5866099893730075,0.7846080760095013,5.361317747077577,12.546666666666667,11.547344090982808,0.412327311370882,0.44739638682252925,2.6353340883352208,3.76,1.0945802337938364
psychographed,andre_luiz,entre_a_terra_e_o_céu,psychographed_andre_luiz_entre_a_terra_e_o_céu_013,1000,955,46,85.78712206353993,0.008587704567157298,0.5780104712041885,0.7859579439252337,5.524607329842932,20.76086956521739,14.137807441179,0.4167539267015707,0.44712041884816756,2.783754116355653,5.0,1.1340314136125655
psychographed,andre_luiz,entre_a_terra_e_o_céu,psychographed_andre_luiz_entre_a_terra_e_o_céu_014,1000,963,52,90.25533525489854,0.009034915576971652,0.5451713395638629,0.782337962962963,5.092419522326065,18.51923076923077,13.134643540909117,0.4423676012461059,0.48701973001038423,2.636761487964989,4.711538461538462,1.1163032191069575
psychographed,andre_luiz,entre_a_terra_e_o_céu,psychographed_andre_luiz_entre_a_terra_e_o_céu_015,1000,948,78,86.9919350531432,0.008708379559702191,0.5664556962025317,0.785206124852768,5.296413502109704,12.153846153846153,8.02891716535463,0.42616033755274263,0.45358649789029537,2.436651583710407,3.8076923076923075,1.0886075949367089
psychographed,andre_luiz,entre_a_terra_e_o_céu,psychographed_andre_luiz_entre_a_terra_e_o_céu_016,1000,948,64,82.80813259983265,0.00828955751896952,0.5464135021097046,0.785017667844523,5.169831223628692,14.8125,11.723207485581751,0.41561181434599154,0.4525316455696203,2.6031215161649945,3.78125,1.0812236286919832
psychographed,andre_luiz,entre_a_terra_e_o_céu,psychographed_andre_luiz_entre_a_terra_e_o_céu_017,1000,941,74,78.46582817700211,0.007854930246229679,0.5621679064824655,0.7905581947743466,5.279489904357067,12.716216216216216,11.527312185566972,0.39638682252922425,0.4410201912858661,2.624153498871332,3.6216216216216215,1.0882040382571732
psychographed,andre_luiz,entre_a_terra_e_o_céu,psychographed_andre_luiz_entre_a_terra_e_o_céu_018,1000,935,106,84.1888529840716,0.008427899094229866,0.5668449197860963,0.7782416267942583,5.207486631016042,8.820754716981131,7.577022327730768,0.4310160427807487,0.44278074866310163,2.318396226415094,2.9716981132075473,1.1122994652406417
psychographed,andre_luiz,entre_a_terra_e_o_céu,psychographed_andre_luiz_entre_a_terra_e_o_céu_019,1000,925,101,84.96712929145362,0.008505908505908506,0.5632432432432433,0.8000968523002423,5.262702702702703,9.158415841584159,7.477666646791707,0.3902702702702703,0.44,2.4649532710280373,3.089108910891089,1.0854054054054054
psychographed,andre_luiz,entre_a_terra_e_o_céu,psychographed_andre_luiz_entre_a_terra_e_o_céu_020,1000,936,83,96.54193147782891,0.0096645184880479,0.5534188034188035,0.7751851851851851,5.1431623931623935,11.27710843373494,7.448317110825966,0.4198717948717949,0.4583333333333333,2.3692660550458715,3.710843373493976,1.0929487179487178
psychographed,andre_luiz,entre_a_terra_e_o_céu,psychographed_andre_luiz_entre_a_terra_e_o_céu_021,1000,929,89,81.43297942971424,0.008152073048513418,0.5758880516684607,0.796542168674699,5.242195909580194,10.438202247191011,8.216118791986876,0.4101184068891281,0.4316469321851453,2.5872093023255816,3.168539325842697,1.1280947255113025
psychographed,andre_luiz,entre_a_terra_e_o_céu,psychographed_andre_luiz_entre_a_terra_e_o_céu_022,1000,927,105,99.05402936477182,0.009916099915890224,0.552319309600863,0.7711594202898551,5.110032362459547,8.82857142857143,7.101250249219557,0.42179072276159657,0.45307443365695793,2.35655253837072,2.876190476190476,1.064724919093851
psychographed,andre_luiz,entre_a_terra_e_o_céu,psychographed_andre_luiz_entre_a_terra_e_o_céu_023,1000,935,79,95.03274328691127,0.009513449140606213,0.5614973262032086,0.7783133971291867,5.148663101604278,11.835443037974683,8.557224173948642,0.40962566844919784,0.4588235294117647,2.5459704880817253,3.5443037974683542,1.0641711229946524
psychographed,andre_luiz,entre_a_terra_e_o_céu,psychographed_andre_luiz_entre_a_terra_e_o_céu_024,1000,930,70,101.14464099895942,0.010125351574707455,0.5473118279569893,0.7787484957882069,5.093548387096774,13.285714285714286,9.726462955908127,0.42473118279569894,0.44946236559139785,2.5914221218961626,3.8,1.049462365591398
psychographed,andre_luiz,entre_a_terra_e_o_céu,psychographed_andre_luiz_entre_a_terra_e_o_céu_025,1000,939,87,102.09578766979577,0.010220463179311112,0.5516506922257721,0.7571190476190477,5.169329073482428,10.793103448275861,9.64083500346371,0.4110756123535676,0.4440894568690096,2.5668571428571427,3.2758620689655173,1.099041533546326
psychographed,andre_luiz,entre_a_terra_e_o_céu,psychographed_andre_luiz_entre_a_terra_e_o_céu_026,1000,933,88,88.15734604343076,0.008825193547051599,0.5712754555198285,0.791810551558753,5.369774919614148,10.602272727272727,8.585849580357724,0.38692390139335475,0.42015005359056806,2.3502890173410407,3.3295454545454546,1.0610932475884245
psychographed,andre_luiz,entre_a_terra_e_o_céu,psychographed_andre_luiz_entre_a_terra_e_o_céu_027,1000,975,39,110.2853385930309,0.011039856789343442,0.5035897435897436,0.7396575342465754,5.196923076923077,25.0,18.581766635119795,0.4471794871794872,0.48923076923076925,3.0595744680851062,5.0256410256410255,1.1087179487179488
psychographed,andre_luiz,entre_a_terra_e_o_céu,psychographed_andre_luiz_entre_a_terra_e_o_céu_028,1000,954,48,90.91148820589903,0.009100688326172893,0.5387840670859538,0.7791812865497076,5.488469601677149,19.875,15.546469320502753,0.42033542976939203,0.4591194968553459,2.857456140350877,4.291666666666667,1.1226415094339623
psychographed,andre_luiz,entre_a_terra_e_o_céu,psychographed_andre_luiz_entre_a_terra_e_o_céu_029,1000,952,56,94.93503283666408,0.009503485936961535,0.582983193277311,0.7912309495896835,5.232142857142857,17.0,11.568121220467418,0.4369747899159664,0.4684873949579832,2.5938189845474615,4.410714285714286,1.0997899159663866
psychographed,andre_luiz,entre_a_terra_e_o_céu,psychographed_andre_luiz_entre_a_terra_e_o_céu_030,1000,961,51,105.96402247485439,0.010607440166493237,0.5421436004162331,0.769767981438515,5.327783558792924,18.84313725490196,14.901470580172592,0.42767950052029136,0.4713839750260146,2.751363140676118,4.529411764705882,1.1019771071800208
psychographed,andre_luiz,entre_a_terra_e_o_céu,psychographed_andre_luiz_entre_a_terra_e_o_céu_031,1000,934,65,111.62873872593299,0.011174838367633591,0.5556745182012848,0.7556646706586825,5.0203426124197,14.36923076923077,11.940324993346938,0.4207708779443255,0.45289079229122053,2.6142533936651584,3.9384615384615387,1.0877944325481799
psychographed,andre_luiz,entre_a_terra_e_o_céu,psychographed_andre_luiz_entre_a_terra_e_o_céu_032,1000,933,77,130.24863036752905,0.013038838211685043,0.5401929260450161,0.7562110311750601,5.072883172561629,12.116883116883116,10.816022297359954,0.4490889603429796,0.4908896034297964,2.535593220338983,3.4155844155844157,1.037513397642015
psychographed,andre_luiz,entre_a_terra_e_o_céu,psychographed_andre_luiz_entre_a_terra_e_o_céu_033,1000,945,78,103.06542370034434,0.010317460317460317,0.5492063492063493,0.7653664302600472,5.063492063492063,12.115384615384615,8.561962345808663,0.43174603174603177,0.47619047619047616,2.325084364454443,3.6025641025641026,1.0444444444444445
psychographed,andre_luiz,entre_a_terra_e_o_céu,psychographed_andre_luiz_entre_a_terra_e_o_céu_034,1000,937,85,112.03129039863595,0.011215098194820713,0.5165421558164355,0.7555131264916468,4.855923159018143,11.023529411764706,8.55566749977943,0.44610458911419426,0.4727854855923159,2.444954128440367,3.4352941176470586,1.08110992529349
psychographed,andre_luiz,entre_a_terra_e_o_céu,psychographed_andre_luiz_entre_a_terra_e_o_céu_035,1000,935,82,100.40893362692671,0.010051643783851871,0.5796791443850268,0.7898444976076556,5.181818181818182,11.402439024390244,10.429624500522142,0.39786096256684494,0.4374331550802139,2.647935779816514,3.1219512195121952,1.085561497326203
psychographed,andre_luiz,entre_a_terra_e_o_céu,psychographed_andre_luiz_entre_a_terra_e_o_céu_036,1000,941,68,85.12887345973544,0.008521943609107558,0.5557917109458024,0.7974821852731592,5.3294367693942615,13.838235294117647,10.488944171220934,0.40807651434643993,0.4665249734325186,2.553672316384181,3.911764705882353,1.0722635494155155
psychographed,andre_luiz,entre_a_terra_e_o_céu,psychographed_andre_luiz_entre_a_terra_e_o_céu_037,1000,937,67,97.01937084338968,0.009712302401736766,0.5506937033084311,0.7782219570405727,5.220917822838848,13.985074626865671,8.80720962691029,0.4215581643543223,0.4503735325506937,2.4823663253697386,3.791044776119403,1.0907150480256136
psychographed,andre_luiz,entre_a_terra_e_o_céu,psychographed_andre_luiz_entre_a_terra_e_o_céu_038,1000,921,72,95.79824601734649,0.009590237454562622,0.5656894679695983,0.7871046228710462,5.204125950054289,12.791666666666666,9.29297449689818,0.4147665580890337,0.43539630836047777,2.466130884041332,3.8333333333333335,1.0347448425624322
psychographed,andre_luiz,entre_a_terra_e_o_céu,psychographed_andre_luiz_entre_a_terra_e_o_céu_039,1000,956,62,106.13434638749321,0.010624548182873667,0.5397489539748954,0.770875145857643,5.332635983263598,15.419354838709678,11.548702464607224,0.4194560669456067,0.45397489539748953,2.557755775577558,3.8225806451612905,1.0554393305439331
psychographed,andre_luiz,entre_a_terra_e_o_céu,psychographed_andre_luiz_entre_a_terra_e_o_céu_040,1000,949,47,93.64857467402324,0.009374736009034604,0.5363540569020021,0.7815411764705882,5.3804004214963115,20.19148936170213,17.71120368805221,0.4351949420442571,0.4773445732349842,2.9735973597359737,4.212765957446808,1.1296101159114857
psychographed,andre_luiz,entre_a_terra_e_o_céu,psychographed_andre_luiz_entre_a_terra_e_o_céu_041,1000,958,67,96.80048465618613,0.009690163458790627,0.5751565762004175,0.7874970896391152,5.418580375782881,14.298507462686567,11.300528220877103,0.3987473903966597,0.430062630480167,2.5175824175824175,3.7611940298507465,1.0647181628392484
psychographed,andre_luiz,entre_a_terra_e_o_céu,psychographed_andre_luiz_entre_a_terra_e_o_céu_042,1000,950,66,89.70637119113573,0.008980089845266485,0.5778947368421052,0.7980258519388954,5.36,14.393939393939394,12.011205359086368,0.4052631578947368,0.4378947368421053,2.662597114317425,3.712121212121212,1.0778947368421052
psychographed,andre_luiz,entre_a_terra_e_o_céu,psychographed_andre_luiz_entre_a_terra_e_o_céu_043,1000,967,60,103.24150963170351,0.010334838490047338,0.5760082730093071,0.7852073732718894,5.245087900723888,16.116666666666667,12.338411116869501,0.40847983453981385,0.45087900723888313,2.4758771929824563,4.316666666666666,1.1137538779731126
psychographed,andre_luiz,entre_a_terra_e_o_céu,psychographed_andre_luiz_entre_a_terra_e_o_céu_044,1000,952,63,94.7143563307676,0.009481395081691983,0.5399159663865546,0.7722274325908558,5.285714285714286,15.11111111111111,10.819017810526042,0.4117647058823529,0.4495798319327731,2.6622073578595318,4.0,1.10609243697479
psychographed,andre_luiz,entre_a_terra_e_o_céu,psychographed_andre_luiz_entre_a_terra_e_o_céu_045,1000,921,92,100.72609081617135,0.010083557569749328,0.5982627578718784,0.7949756690997567,5.380021715526602,10.01086956521739,6.559915437580285,0.38653637350705755,0.4223669923995657,2.371194379391101,3.282608695652174,1.0716612377850163
psychographed,andre_luiz,entre_a_terra_e_o_céu,psychographed_andre_luiz_entre_a_terra_e_o_céu_046,1000,933,70,95.16490156682049,0.00952670098303042,0.5605573419078242,0.7887649880095924,5.067524115755627,13.32857142857143,8.649890880519704,0.40514469453376206,0.4512325830653805,2.5927189988623436,3.7714285714285714,1.0814576634512325
psychographed,andre_luiz,entre_a_terra_e_o_céu,psychographed_andre_luiz_entre_a_terra_e_o_céu_047,1000,944,53,95.27165326055731,0.00953726836457753,0.5466101694915254,0.7649822485207102,5.148305084745763,17.81132075471698,12.616336525006409,0.4480932203389831,0.4830508474576271,2.6825749167591564,4.169811320754717,1.125
psychographed,andre_luiz,entre_a_terra_e_o_céu,psychographed_andre_luiz_entre_a_terra_e_o_céu_048,1000,964,58,82.04059847454417,0.008212579120400892,0.5238589211618258,0.7617341040462429,5.182572614107884,16.620689655172413,11.676424207906994,0.43257261410788383,0.47925311203319504,2.6902944383860414,4.0344827586206895,1.08402489626556
psychographed,andre_luiz,entre_a_terra_e_o_céu,psychographed_andre_luiz_entre_a_terra_e_o_céu_049,1000,928,73,112.1943742568371,0.011231540378677974,0.5431034482758621,0.76167671893848,5.173491379310345,12.712328767123287,9.448460702428562,0.44288793103448276,0.47198275862068967,2.572247706422018,3.671232876712329,1.0991379310344827
psychographed,andre_luiz,entre_a_terra_e_o_céu,psychographed_andre_luiz_entre_a_terra_e_o_céu_050,1000,936,68,103.20786763094455,0.01033182503770739,0.5534188034188035,0.7772520908004779,5.188034188034188,13.764705882352942,9.530319491988564,0.4337606837606838,0.469017094017094,2.560090702947846,3.8970588235294117,1.0747863247863247
psychographed,andre_luiz,entre_a_terra_e_o_céu,psychographed_andre_luiz_entre_a_terra_e_o_céu_051,1000,923,73,109.30488338816967,0.010942343532243015,0.5601300108342362,0.7770509708737864,5.293607800650054,12.643835616438356,7.668419249180187,0.4257854821235103,0.4528710725893825,2.335227272727273,3.767123287671233,1.0162513542795233
psychographed,andre_luiz,entre_a_terra_e_o_céu,psychographed_andre_luiz_entre_a_terra_e_o_céu_052,1000,954,82,91.92234835998927,0.009201880412951707,0.5576519916142557,0.7825730994152046,5.0419287211740045,11.634146341463415,10.242799011419695,0.45073375262054505,0.4612159329140461,2.4824858757062147,3.4146341463414633,1.078616352201258
psychographed,andre_luiz,entre_a_terra_e_o_céu,psychographed_andre_luiz_entre_a_terra_e_o_céu_053,1000,939,69,99.75944771645453,0.009986580107222899,0.5601703940362087,0.7780357142857143,5.099041533546326,13.608695652173912,9.298928395958832,0.4174653887113951,0.44089456869009586,2.528748590755355,3.6956521739130435,1.0702875399361023
psychographed,andre_luiz,entre_a_terra_e_o_céu,psychographed_andre_luiz_entre_a_terra_e_o_céu_054,1000,950,79,110.6038781163435,0.011072042593311519,0.5421052631578948,0.7730669800235017,5.307368421052631,12.025316455696203,7.880394971056705,0.41368421052631577,0.4494736842105263,2.604703247480403,3.4177215189873418,1.0473684210526315
psychographed,andre_luiz,entre_a_terra_e_o_céu,psychographed_andre_luiz_entre_a_terra_e_o_céu_055,1000,935,74,98.21270267951614,0.00983178554661109,0.5401069518716578,0.7740789473684211,5.099465240641711,12.635135135135135,10.295071405872267,0.41818181818181815,0.46096256684491976,2.6920454545454544,3.5,1.0866310160427808
psychographed,andre_luiz,entre_a_terra_e_o_céu,psychographed_andre_luiz_entre_a_terra_e_o_céu_056,1000,943,66,102.08614235157981,0.010219451405259,0.5535524920466596,0.7815047393364929,5.193001060445387,14.287878787878787,9.577064065073372,0.4178154825026511,0.4559915164369035,2.567901234567901,3.621212121212121,1.0752916224814422
psychographed,andre_luiz,entre_a_terra_e_o_céu,psychographed_andre_luiz_entre_a_terra_e_o_céu_057,1000,951,68,103.64871334728733,0.010375781725607394,0.5751840168243953,0.7694953051643193,5.156677181913775,13.985294117647058,9.788187128699368,0.4227129337539432,0.45636172450052576,2.7363737486095663,3.838235294117647,1.0820189274447949
psychographed,andre_luiz,entre_a_terra_e_o_céu,psychographed_andre_luiz_entre_a_terra_e_o_céu_058,1000,956,69,117.40428213791775,0.011752721855900457,0.5449790794979079,0.7482847141190198,5.006276150627615,13.855072463768115,8.827288654776677,0.4361924686192469,0.4665271966527197,2.6128318584070795,3.652173913043478,1.100418410041841
psychographed,andre_luiz,entre_a_terra_e_o_céu,psychographed_andre_luiz_entre_a_terra_e_o_céu_059,1000,958,65,108.41567113114047,0.01085289581438167,0.5271398747390397,0.7641559953434226,5.021920668058455,14.738461538461538,8.507511473944067,0.44154488517745305,0.47286012526096033,2.5126791620727675,4.123076923076923,1.069937369519833
psychographed,andre_luiz,entre_a_terra_e_o_céu,psychographed_andre_luiz_entre_a_terra_e_o_céu_060,674,637,48,108.28821324448147,0.010845847773071493,0.5777080062794349,0.758903345724907,4.828885400313972,13.270833333333334,8.275817138238105,0.4301412872841444,0.46467817896389324,2.4312080536912752,3.7916666666666665,1.0941915227629513
psychographed,andre_luiz,libertação,psychographed_andre_luiz_libertação_000,1000,903,84,83.00129137647487,0.008309331054651531,0.5913621262458472,0.783134328358209,5.426356589147287,10.75,11.168487769058936,0.3798449612403101,0.40753045404208194,2.873205741626794,2.988095238095238,1.1273532668881505
psychographed,andre_luiz,libertação,psychographed_andre_luiz_libertação_001,1000,965,58,97.97846922065023,0.009808010663685422,0.5813471502590674,0.7784642032332565,5.274611398963731,16.637931034482758,14.714171301799228,0.42072538860103625,0.45181347150259066,2.7251908396946565,4.293103448275862,1.094300518134715
psychographed,andre_luiz,libertação,psychographed_andre_luiz_libertação_002,1000,974,48,92.21272594647698,0.00923074975044898,0.5616016427104723,0.7675199999999999,5.484599589322382,20.291666666666668,12.726216925002582,0.419917864476386,0.4353182751540041,2.834578441835646,4.791666666666667,1.108829568788501
psychographed,andre_luiz,libertação,psychographed_andre_luiz_libertação_003,1000,984,38,100.05618348866416,0.01001579700435865,0.5640243902439024,0.7755706214689264,5.5477642276422765,25.894736842105264,20.020764843800247,0.4166666666666667,0.4573170731707317,3.1281512605042017,5.2368421052631575,1.1189024390243902
psychographed,andre_luiz,libertação,psychographed_andre_luiz_libertação_004,1000,974,48,92.48679211870017,0.009258184534801024,0.5544147843942505,0.7679885714285715,5.34599589322382,20.291666666666668,13.086185994738456,0.43634496919917864,0.4527720739219713,2.823529411764706,4.416666666666667,1.0790554414784395
psychographed,andre_luiz,libertação,psychographed_andre_luiz_libertação_005,1000,972,44,79.25621094345374,0.007933783422969829,0.5874485596707819,0.8010080183276059,5.512345679012346,22.09090909090909,17.773599141599906,0.4156378600823045,0.4434156378600823,3.158288770053476,4.840909090909091,1.124485596707819
psychographed,andre_luiz,libertação,psychographed_andre_luiz_libertação_006,1000,973,42,83.99446937824868,0.008408088344139503,0.5755395683453237,0.7892448512585812,5.452209660842755,23.166666666666668,21.59355797527925,0.41007194244604317,0.4357656731757451,3.4014989293361886,4.690476190476191,1.0976361767728675
psychographed,andre_luiz,libertação,psychographed_andre_luiz_libertação_007,1000,971,43,89.49547166489366,0.008958773503774406,0.5932028836251287,0.7917660550458716,5.4037075180226575,22.58139534883721,15.143088926604378,0.40885684860968075,0.4232749742533471,2.7303974221267455,5.023255813953488,1.1318228630278064
psychographed,andre_luiz,libertação,psychographed_andre_luiz_libertação_008,1000,951,60,91.5080810392735,0.009160440533510433,0.6004206098843323,0.7918544600938967,5.22292323869611,15.85,9.833319209029403,0.4227129337539432,0.45846477392218715,2.5741150442477876,4.2,1.071503680336488
psychographed,andre_luiz,libertação,psychographed_andre_luiz_libertação_009,1000,964,46,93.87751588299099,0.009397500032316024,0.58298755186722,0.7784393063583815,5.20746887966805,20.956521739130434,13.074962003002616,0.43983402489626555,0.47199170124481327,2.7405405405405405,5.065217391304348,1.088174273858921
psychographed,andre_luiz,libertação,psychographed_andre_luiz_libertação_010,1000,966,56,92.20323289996529,0.009229878029157146,0.567287784679089,0.78401384083045,5.174948240165631,17.25,13.509586543319102,0.43167701863354035,0.45962732919254656,2.9727371864776444,4.178571428571429,1.0962732919254659
psychographed,andre_luiz,libertação,psychographed_andre_luiz_libertação_011,1000,962,70,90.162127584165,0.009025594873669796,0.6101871101871101,0.798574739281576,5.426195426195426,13.742857142857142,9.133432642590337,0.42411642411642414,0.4365904365904366,2.53429203539823,3.8714285714285714,1.0914760914760915
psychographed,andre_luiz,libertação,psychographed_andre_luiz_libertação_012,1000,964,62,91.25187238511734,0.009134663030036667,0.5964730290456431,0.7900924855491329,5.551867219917012,15.548387096774194,11.264671321400744,0.40975103734439833,0.4450207468879668,2.5334796926454444,4.096774193548387,1.1192946058091287
psychographed,andre_luiz,libertação,psychographed_andre_luiz_libertação_013,1000,963,57,92.75703630377983,0.009285345733943864,0.5711318795430945,0.7779861111111112,5.330218068535825,16.894736842105264,12.314139940515846,0.4257528556593977,0.44963655244029077,2.5637949836423117,4.526315789473684,1.09865005192108
psychographed,andre_luiz,libertação,psychographed_andre_luiz_libertação_014,1000,956,69,83.98837555364928,0.008407632149663738,0.5857740585774058,0.7872578763127188,5.49163179916318,13.855072463768115,10.114239298580586,0.41841004184100417,0.44142259414225943,2.5033407572383073,3.753623188405797,1.1119246861924685
psychographed,andre_luiz,libertação,psychographed_andre_luiz_libertação_015,1000,970,64,81.94282070358167,0.008202738501803326,0.6072164948453608,0.7986681974741676,5.474226804123711,15.15625,13.51760281771513,0.41030927835051545,0.44123711340206184,2.667032967032967,3.734375,1.131958762886598
psychographed,andre_luiz,libertação,psychographed_andre_luiz_libertação_016,1000,947,71,93.37551251158273,0.009347421812734551,0.5976768743400211,0.7845872641509435,5.308342133051743,13.338028169014084,9.174280740079741,0.40021119324181625,0.4371700105596621,2.8568207440811726,3.76056338028169,1.1235480464625132
psychographed,andre_luiz,libertação,psychographed_andre_luiz_libertação_017,1000,951,72,84.85174164999817,0.008494105927278764,0.5983175604626709,0.7967018779342723,5.375394321766562,13.208333333333334,9.417680623876207,0.4237644584647739,0.45425867507886436,2.4695945945945947,3.638888888888889,1.1051524710830705
psychographed,andre_luiz,libertação,psychographed_andre_luiz_libertação_018,1000,961,61,94.9193358894925,0.009501821019771073,0.562955254942768,0.7728190255220418,5.200832466181061,15.754098360655737,14.140577280521143,0.4183142559833507,0.4557752341311134,2.6750823271130626,4.114754098360656,1.0718002081165452
psychographed,andre_luiz,libertação,psychographed_andre_luiz_libertação_019,1000,947,54,82.47018038400596,0.008255735816453873,0.5913410770855333,0.792818396226415,5.474128827877508,17.537037037037038,14.188823148237546,0.41288278775079196,0.4625131995776135,2.7790055248618786,4.222222222222222,1.1151003167898628
psychographed,andre_luiz,libertação,psychographed_andre_luiz_libertação_020,1000,965,49,103.73432843834733,0.010384193666286845,0.5585492227979275,0.7721362586605082,5.248704663212435,19.693877551020407,15.806488052582548,0.44248704663212435,0.48186528497409326,2.8565264293419634,4.714285714285714,1.0974093264248705
psychographed,andre_luiz,libertação,psychographed_andre_luiz_libertação_021,1000,964,48,89.487095607858,0.008958002094078411,0.6058091286307054,0.8094219653179192,5.4512448132780085,20.083333333333332,13.6608219209371,0.41286307053941906,0.42738589211618255,2.966340933767644,4.854166666666667,1.137966804979253
psychographed,andre_luiz,libertação,psychographed_andre_luiz_libertação_022,1000,951,70,104.13522320298186,0.010424483922740606,0.5709779179810726,0.7773239436619718,5.234490010515247,13.585714285714285,10.62408699558677,0.40799158780231337,0.45951629863301785,2.5239154616240267,3.8142857142857145,1.077812828601472
psychographed,andre_luiz,libertação,psychographed_andre_luiz_libertação_023,1000,928,71,80.95830856123662,0.008104564222742998,0.603448275862069,0.7889143546441496,5.558189655172414,13.070422535211268,10.477775196142575,0.4084051724137931,0.43103448275862066,2.561142857142857,3.5492957746478875,1.0775862068965518
psychographed,andre_luiz,libertação,psychographed_andre_luiz_libertação_024,1000,951,62,91.86190638886954,0.009195860313243678,0.544689800210305,0.7758215962441315,5.1650893796004205,15.338709677419354,11.631358543217301,0.4437434279705573,0.47003154574132494,2.8229398663697105,3.9838709677419355,1.1419558359621451
psychographed,andre_luiz,libertação,psychographed_andre_luiz_libertação_025,1000,933,70,88.63983347291006,0.008873494059037026,0.5702036441586281,0.7980215827338129,5.242229367631297,13.32857142857143,10.578578663063023,0.4190782422293676,0.4587352625937835,2.6859410430839,3.7142857142857144,1.0857449088960343
psychographed,andre_luiz,libertação,psychographed_andre_luiz_libertação_026,1000,949,70,94.09272252640181,0.009419197645311742,0.5922023182297155,0.7953882352941177,5.476290832455216,13.557142857142857,8.73030144183499,0.41622760800842995,0.42887249736564803,2.546979865771812,3.7714285714285714,1.1022128556375133
psychographed,andre_luiz,libertação,psychographed_andre_luiz_libertação_027,1000,952,59,87.10101687733918,0.008719260574892418,0.5903361344537815,0.7880187573270809,5.301470588235294,16.135593220338983,10.113688705134285,0.40336134453781514,0.4495798319327731,2.5060908084163898,4.372881355932203,1.088235294117647
psychographed,andre_luiz,libertação,psychographed_andre_luiz_libertação_028,1000,971,46,106.25333433739092,0.010636287385732638,0.5736354273944387,0.7753211009174311,5.31513903192585,21.108695652173914,13.69739464415796,0.42018537590113286,0.45211122554067973,2.9935483870967743,4.695652173913044,1.114315139031926
psychographed,andre_luiz,libertação,psychographed_andre_luiz_libertação_029,1000,958,56,88.41052819679133,0.008850291119386218,0.6064718162839249,0.7979045401629803,5.39874739039666,17.107142857142858,11.101284628733886,0.40605427974947805,0.4373695198329854,2.710065645514223,4.303571428571429,1.1085594989561587
psychographed,andre_luiz,libertação,psychographed_andre_luiz_libertação_030,1000,947,65,80.24005111456286,0.008032487146457825,0.5923970432946146,0.8023584905660377,5.3980992608236535,14.569230769230769,9.812032222295285,0.40549102428722283,0.44561774023231254,2.659217877094972,3.7846153846153845,1.0992608236536432
psychographed,andre_luiz,libertação,psychographed_andre_luiz_libertação_031,1000,956,56,94.0984926734476,0.00941970251265088,0.5711297071129707,0.7959976662777131,5.2824267782426775,17.071428571428573,12.686969049913749,0.40376569037656906,0.4372384937238494,2.70939226519337,4.196428571428571,1.098326359832636
psychographed,andre_luiz,libertação,psychographed_andre_luiz_libertação_032,1000,959,56,80.20172211886513,0.008028543999164056,0.5860271115745568,0.7995581395348839,5.417101147028155,17.125,12.152399087070362,0.40145985401459855,0.43899895724713245,2.6550218340611353,4.178571428571429,1.0521376433785192
psychographed,andre_luiz,libertação,psychographed_andre_luiz_libertação_033,1000,952,70,97.31833910034602,0.009742067173872705,0.5997899159663865,0.8057913247362252,5.407563025210084,13.6,9.229455950534525,0.40336134453781514,0.43907563025210083,2.4448160535117056,3.8142857142857145,1.0577731092436975
psychographed,andre_luiz,libertação,psychographed_andre_luiz_libertação_034,1000,943,58,105.61721182705857,0.010572933200946521,0.5662778366914104,0.7695616113744076,5.23966065747614,16.25862068965517,12.823147637724611,0.43478260869565216,0.46659597030752914,2.9966442953020134,3.8793103448275863,1.127253446447508
psychographed,andre_luiz,libertação,psychographed_andre_luiz_libertação_035,1000,957,53,90.05851401268113,0.009015271747922158,0.599791013584117,0.8014219114219114,5.397074190177639,18.056603773584907,11.858306688657109,0.40752351097178685,0.4346917450365726,2.835706462212486,4.433962264150943,1.0950888192267503
psychographed,andre_luiz,libertação,psychographed_andre_luiz_libertação_036,1000,964,65,78.53256658804084,0.007861411650142406,0.5778008298755186,0.7893872832369941,5.285269709543568,14.830769230769231,11.567287070766197,0.4211618257261411,0.45954356846473027,2.753005464480874,3.8,1.0964730290456433
psychographed,andre_luiz,libertação,psychographed_andre_luiz_libertação_037,1000,916,88,86.81184569325528,0.008690672202734626,0.5622270742358079,0.77734394124847,5.156113537117904,10.409090909090908,8.401347786403035,0.41593886462882096,0.44541484716157204,2.461176470588235,3.2613636363636362,1.0851528384279476
psychographed,andre_luiz,libertação,psychographed_andre_luiz_libertação_038,1000,952,65,114.04561824729892,0.011416554003304791,0.5483193277310925,0.7597420867526378,5.264705882352941,14.646153846153846,9.601972184009139,0.41491596638655465,0.44537815126050423,2.4266517357222845,4.030769230769231,1.1050420168067228
psychographed,andre_luiz,libertação,psychographed_andre_luiz_libertação_039,1000,951,72,100.11045985132701,0.010021583928274945,0.5962145110410094,0.789694835680751,5.351209253417455,13.208333333333334,8.84580487513086,0.4069400630914827,0.4332281808622503,2.438340807174888,3.736111111111111,1.0799158780231335
psychographed,andre_luiz,libertação,psychographed_andre_luiz_libertação_040,1000,953,58,85.42086678286606,0.008551059458410856,0.5718782791185729,0.7878103044496488,5.145855194123819,16.43103448275862,14.490320275565551,0.4218258132214061,0.4522560335781742,2.8432671081677703,4.017241379310345,1.0818467995802727
psychographed,andre_luiz,libertação,psychographed_andre_luiz_libertação_041,1000,962,49,89.66506887504808,0.008975837279687435,0.5613305613305614,0.7771263035921206,5.048856548856548,19.632653061224488,15.351253192945494,0.4313929313929314,0.4792099792099792,2.8287895310796074,4.63265306122449,1.104989604989605
psychographed,andre_luiz,libertação,psychographed_andre_luiz_libertação_042,1000,939,67,75.42068295980248,0.00755010888051754,0.5516506922257721,0.8045238095238094,5.207667731629393,14.014925373134329,8.625703583352703,0.40894568690095845,0.4579339723109691,2.5382022471910113,4.223880597014926,1.073482428115016
psychographed,andre_luiz,libertação,psychographed_andre_luiz_libertação_043,1000,928,79,94.47458382877527,0.009457649815868765,0.5689655172413793,0.7805428226779252,5.077586206896552,11.746835443037975,10.340369890833218,0.41594827586206895,0.4482758620689655,2.652073732718894,3.4177215189873418,1.0862068965517242
psychographed,andre_luiz,libertação,psychographed_andre_luiz_libertação_044,1000,948,66,108.68984671259948,0.01088046195179982,0.5527426160337553,0.7617667844522968,5.0548523206751055,14.363636363636363,9.69322844494807,0.439873417721519,0.4578059071729958,2.588826815642458,4.196969696969697,1.080168776371308
psychographed,andre_luiz,libertação,psychographed_andre_luiz_libertação_045,1000,942,64,86.45831924666766,0.008655019843821566,0.5934182590233545,0.7976986951364176,5.426751592356688,14.71875,12.424105538729942,0.4033970276008493,0.4447983014861996,2.789237668161435,3.90625,1.0636942675159236
psychographed,andre_luiz,libertação,psychographed_andre_luiz_libertação_046,1000,953,62,88.43779350347772,0.008853069034539314,0.5928646379853095,0.7849648711943794,5.175236096537251,15.370967741935484,9.461695051999083,0.4260230849947534,0.4627492130115425,2.745011086474501,4.145161290322581,1.1070304302203569
psychographed,andre_luiz,libertação,psychographed_andre_luiz_libertação_047,1000,972,36,98.18117156937458,0.009828228503134098,0.5668724279835391,0.7831844215349371,5.367283950617284,27.0,19.661016137411504,0.42901234567901236,0.4742798353909465,3.061571125265393,5.305555555555555,1.0843621399176955
psychographed,andre_luiz,libertação,psychographed_andre_luiz_libertação_048,1000,953,48,88.48183622932606,0.008857477933460898,0.5886673662119623,0.8066510538641688,5.473242392444911,19.854166666666668,18.265392576460606,0.41028331584470096,0.43441762854144805,3.109170305676856,4.104166666666667,1.1028331584470095
psychographed,andre_luiz,libertação,psychographed_andre_luiz_libertação_049,1000,924,57,88.196435599033,0.00882919897004404,0.566017316017316,0.7963878787878789,5.365800865800866,16.210526315789473,11.158722246706029,0.3961038961038961,0.4318181818181818,2.6083995459704883,4.017543859649122,1.0811688311688312
psychographed,andre_luiz,libertação,psychographed_andre_luiz_libertação_050,1000,924,72,94.24017540900658,0.0094342277440869,0.5822510822510822,0.7808363636363637,5.378787878787879,12.833333333333334,12.439855304624729,0.40476190476190477,0.43506493506493504,2.556712962962963,3.4722222222222223,1.091991341991342
psychographed,andre_luiz,libertação,psychographed_andre_luiz_libertação_051,1000,933,83,91.69558719294558,0.009179397301611398,0.5894962486602358,0.7949040767386092,5.337620578778135,11.240963855421686,10.135931981977379,0.4115755627009646,0.4480171489817792,2.4953917050691246,3.4819277108433737,1.0889603429796355
psychographed,andre_luiz,libertação,psychographed_andre_luiz_libertação_052,1000,943,62,89.828608185109,0.00899239676417811,0.5779427359490986,0.7861729857819905,5.2598091198303285,15.209677419354838,10.737539059637085,0.4369034994697773,0.45387062566277836,2.5656565656565657,4.080645161290323,1.1166489925768823
psychographed,andre_luiz,libertação,psychographed_andre_luiz_libertação_053,1000,943,85,83.98097720660917,0.008407012898708328,0.5980911983032874,0.7884004739336494,5.2046659597030756,11.094117647058823,7.967025468120997,0.41251325556733826,0.4591728525980912,2.383654937570942,3.3411764705882354,1.0795334040296924
psychographed,andre_luiz,libertação,psychographed_andre_luiz_libertação_054,1000,965,48,94.32736449300653,0.009442521445617354,0.5647668393782384,0.7788568129330254,5.205181347150259,20.104166666666668,14.223278430290097,0.42590673575129534,0.45699481865284974,2.8064864864864867,4.770833333333333,1.0922279792746115
psychographed,andre_luiz,libertação,psychographed_andre_luiz_libertação_055,1000,970,46,95.82314804973961,0.009592203674741735,0.5628865979381443,0.7691504018369689,5.312371134020618,21.08695652173913,18.01427705165439,0.4381443298969072,0.4690721649484536,2.9066523605150216,4.543478260869565,1.081443298969072
psychographed,andre_luiz,libertação,psychographed_andre_luiz_libertação_056,1000,962,49,80.41545463582885,0.008049913356885261,0.5945945945945946,0.8023638470451913,5.393970893970894,19.632653061224488,11.435165736019997,0.40540540540540543,0.4386694386694387,2.8528138528138527,4.714285714285714,1.0935550935550935
psychographed,andre_luiz,libertação,psychographed_andre_luiz_libertação_057,1000,946,56,85.28174711369559,0.008537199234873654,0.5983086680761099,0.815702479338843,5.260042283298097,16.892857142857142,13.264720355983725,0.4090909090909091,0.4492600422832981,2.623059866962306,4.321428571428571,1.0761099365750528
psychographed,andre_luiz,libertação,psychographed_andre_luiz_libertação_058,1000,965,58,107.21361647292545,0.010732483391739944,0.5616580310880829,0.7635450346420324,5.106735751295337,16.637931034482758,8.541376526108715,0.42590673575129534,0.45595854922279794,2.561269146608315,4.551724137931035,1.100518134715026
psychographed,andre_luiz,libertação,psychographed_andre_luiz_libertação_059,1000,967,56,92.37623370609643,0.009247186127722075,0.5532574974146846,0.7764170506912443,5.210961737331955,17.267857142857142,8.469464208531248,0.42088934850051707,0.4622543950361944,2.5086767895878523,4.5,1.0992761116856256
psychographed,andre_luiz,libertação,psychographed_andre_luiz_libertação_060,1000,959,45,93.33671131620638,0.009343414003365545,0.556830031282586,0.7778720930232559,5.172054223149114,21.31111111111111,13.725600124054033,0.43899895724713245,0.4786235662148071,2.9816017316017316,4.844444444444444,1.0834202294056308
psychographed,andre_luiz,libertação,psychographed_andre_luiz_libertação_061,1000,960,56,86.54513888888889,0.008663538408063956,0.5989583333333334,0.7921370499419279,5.3375,17.142857142857142,14.127516933059312,0.43333333333333335,0.4427083333333333,2.9814410480349345,4.214285714285714,1.1041666666666667
psychographed,andre_luiz,libertação,psychographed_andre_luiz_libertação_062,1000,961,68,88.31418018648195,0.008840617412417621,0.5691987513007284,0.7870997679814385,5.116545265348595,14.132352941176471,11.267997906310109,0.4099895941727367,0.4464099895941727,2.7339246119733924,3.823529411764706,1.1019771071800208
psychographed,andre_luiz,libertação,psychographed_andre_luiz_libertação_063,572,542,42,113.22013589139581,0.011342941525533555,0.6143911439114391,0.7588036117381489,5.031365313653136,12.904761904761905,11.911997800955863,0.4003690036900369,0.4446494464944649,2.684824902723735,3.5238095238095237,1.0922509225092252
psychographed,andre_luiz,missionários_da_luz__1945,psychographed_andre_luiz_missionários_da_luz__1945_000,1000,902,64,101.96606703015226,0.01020792369158683,0.5421286031042128,0.7632254047322541,5.343680709534368,14.09375,20.108859016301746,0.3924611973392461,0.4279379157427938,3.365767878077374,3.046875,1.1008869179600886
psychographed,andre_luiz,missionários_da_luz__1945,psychographed_andre_luiz_missionários_da_luz__1945_001,1000,952,69,84.4749664571711,0.008456379397184742,0.5850840336134454,0.8126377491207504,5.53046218487395,13.797101449275363,11.68248994472277,0.4023109243697479,0.44537815126050423,2.861915367483296,3.63768115942029,1.0955882352941178
psychographed,andre_luiz,missionários_da_luz__1945,psychographed_andre_luiz_missionários_da_luz__1945_002,1000,967,69,91.82013690675433,0.009191518880831412,0.5336091003102379,0.7754147465437787,5.493278179937953,14.014492753623188,9.381592759959025,0.41675284384694933,0.44260599793174765,2.4928335170893052,3.63768115942029,1.0837642192347465
psychographed,andre_luiz,missionários_da_luz__1945,psychographed_andre_luiz_missionários_da_luz__1945_003,1000,962,66,75.70420252332934,0.007578297900878546,0.5696465696465697,0.8062804171494785,5.764033264033264,14.575757575757576,9.77637939745838,0.3981288981288981,0.4126819126819127,2.5297356828193833,3.757575757575758,1.1018711018711018
psychographed,andre_luiz,missionários_da_luz__1945,psychographed_andre_luiz_missionários_da_luz__1945_004,1000,947,62,89.07136302155754,0.008916551879642177,0.5617740232312566,0.785872641509434,5.542766631467793,15.274193548387096,11.064574908148206,0.4044350580781415,0.44878563885955647,2.626398210290828,4.096774193548387,1.1362196409714889
psychographed,andre_luiz,missionários_da_luz__1945,psychographed_andre_luiz_missionários_da_luz__1945_005,1000,953,69,69.6315495662342,0.0069704691950232345,0.6075550891920252,0.8115573770491803,5.6977964323189925,13.81159420289855,10.377337854034531,0.3987408184679958,0.4218258132214061,2.6033149171270717,3.782608695652174,1.04302203567681
psychographed,andre_luiz,missionários_da_luz__1945,psychographed_andre_luiz_missionários_da_luz__1945_006,1000,965,69,76.5658138473516,0.007664523896545052,0.5865284974093264,0.8120785219399538,5.615544041450777,13.985507246376812,12.606063360080071,0.40310880829015544,0.44559585492227977,2.6942604856512142,3.681159420289855,1.100518134715026
psychographed,andre_luiz,missionários_da_luz__1945,psychographed_andre_luiz_missionários_da_luz__1945_007,1000,980,60,80.96626405664307,0.00810489670842801,0.5530612244897959,0.7872644721906924,5.368367346938776,16.333333333333332,11.100550536897808,0.42959183673469387,0.45102040816326533,2.656554712892741,3.9833333333333334,1.0948979591836734
psychographed,andre_luiz,missionários_da_luz__1945,psychographed_andre_luiz_missionários_da_luz__1945_008,1000,975,47,95.72649572649573,0.009582477754962354,0.5528205128205128,0.770513698630137,5.453333333333333,20.74468085106383,14.385968466805812,0.4461538461538462,0.4430769230769231,2.9017094017094016,4.76595744680851,1.0953846153846154
psychographed,andre_luiz,missionários_da_luz__1945,psychographed_andre_luiz_missionários_da_luz__1945_009,1000,949,68,81.50113091146912,0.008158710256854872,0.571127502634352,0.794364705882353,5.623814541622761,13.955882352941176,12.439777073292671,0.41938883034773444,0.44151738672286617,2.7353266888150607,3.8088235294117645,1.0853530031612224
psychographed,andre_luiz,missionários_da_luz__1945,psychographed_andre_luiz_missionários_da_luz__1945_010,1000,951,74,76.86855719973772,0.0076949471470474295,0.5825446898002103,0.8090140845070423,5.323869610935857,12.85135135135135,10.184357948466765,0.41114616193480547,0.4668769716088328,2.5044444444444443,3.689189189189189,1.0651945320715037
psychographed,andre_luiz,missionários_da_luz__1945,psychographed_andre_luiz_missionários_da_luz__1945_011,1000,947,57,75.69058740489892,0.007577059859665886,0.5712777191129884,0.8085849056603774,5.389651531151003,16.614035087719298,13.246322741584075,0.4192185850052798,0.46462513199577615,2.620842572062084,4.140350877192983,1.0876451953537487
psychographed,andre_luiz,missionários_da_luz__1945,psychographed_andre_luiz_missionários_da_luz__1945_012,1000,965,58,80.94713952052405,0.008103110958226733,0.5533678756476684,0.7869515011547344,5.352331606217617,16.637931034482758,10.922451215133345,0.42383419689119173,0.46839378238341967,2.638646288209607,4.224137931034483,1.099481865284974
psychographed,andre_luiz,missionários_da_luz__1945,psychographed_andre_luiz_missionários_da_luz__1945_013,1000,964,67,87.76536216662936,0.00878564996143621,0.5591286307053942,0.7937572254335261,5.550829875518672,14.388059701492537,10.299913380132223,0.4066390041493776,0.43983402489626555,2.6648351648351647,3.8656716417910446,1.0964730290456433
psychographed,andre_luiz,missionários_da_luz__1945,psychographed_andre_luiz_missionários_da_luz__1945_014,1000,946,61,89.57265262885008,0.008966743850464781,0.5496828752642706,0.7806729634002362,5.371035940803383,15.508196721311476,11.08036655430199,0.41331923890063427,0.4503171247357294,2.756637168141593,4.147540983606557,1.0665961945031712
psychographed,andre_luiz,missionários_da_luz__1945,psychographed_andre_luiz_missionários_da_luz__1945_015,1000,935,80,72.52137607595299,0.007259902208888227,0.5828877005347594,0.8239712918660288,5.617112299465241,11.6875,8.754418527235261,0.39037433155080214,0.4374331550802139,2.4851598173515983,3.4,1.0705882352941176
psychographed,andre_luiz,missionários_da_luz__1945,psychographed_andre_luiz_missionários_da_luz__1945_016,1000,937,67,96.99659099580964,0.009710021983234363,0.551760939167556,0.7991766109785203,5.3660618996798295,13.985074626865671,12.695624510470083,0.4194236926360726,0.4695837780149413,2.649162011173184,3.8656716417910446,1.0490928495197438
psychographed,andre_luiz,missionários_da_luz__1945,psychographed_andre_luiz_missionários_da_luz__1945_017,1000,954,57,93.94406866816978,0.009404264586509335,0.5807127882599581,0.790280701754386,5.645702306079665,16.736842105263158,9.941100782335068,0.39832285115303984,0.44234800838574423,2.7411894273127753,4.333333333333333,1.0838574423480083
psychographed,andre_luiz,missionários_da_luz__1945,psychographed_andre_luiz_missionários_da_luz__1945_018,1000,947,48,73.72807364778899,0.007380601030069363,0.5522703273495249,0.798691037735849,5.438225976768743,19.729166666666668,13.634728305772075,0.40549102428722283,0.4625131995776135,2.7141280353200883,4.708333333333333,1.105596620908131
psychographed,andre_luiz,missionários_da_luz__1945,psychographed_andre_luiz_missionários_da_luz__1945_019,1000,953,71,78.13179565496488,0.007821386686888816,0.5708289611752361,0.7898594847775176,5.414480587618049,13.422535211267606,10.387779889730652,0.40293809024134314,0.4354669464847849,2.6,3.8450704225352115,1.0828961175236096
psychographed,andre_luiz,missionários_da_luz__1945,psychographed_andre_luiz_missionários_da_luz__1945_020,1000,925,87,87.42147552958363,0.008751608751608752,0.5481081081081081,0.7849515738498791,5.36,10.632183908045977,8.56095781316679,0.4010810810810811,0.4562162162162162,2.5204200700116686,3.2873563218390807,1.0972972972972972
psychographed,andre_luiz,missionários_da_luz__1945,psychographed_andre_luiz_missionários_da_luz__1945_021,1000,973,52,84.58597972598284,0.008467300233886964,0.5621788283658787,0.7913729977116706,5.553956834532374,18.71153846153846,10.46668072148204,0.40596094552929085,0.44398766700924974,2.750539956803456,4.653846153846154,1.1027749229188077
psychographed,andre_luiz,missionários_da_luz__1945,psychographed_andre_luiz_missionários_da_luz__1945_022,1000,974,56,96.1972264503371,0.009629609307567146,0.5513347022587269,0.7783542857142857,5.557494866529774,17.392857142857142,12.871172900584263,0.43018480492813144,0.4404517453798768,2.7650862068965516,4.142857142857143,1.0831622176591376
psychographed,andre_luiz,missionários_da_luz__1945,psychographed_andre_luiz_missionários_da_luz__1945_023,1000,981,45,82.63011489451463,0.008271443133828455,0.5575942915392457,0.7904308390022675,5.6248725790010194,21.8,15.392061445938799,0.41182466870540263,0.44954128440366975,2.693446088794926,4.866666666666666,1.070336391437309
psychographed,andre_luiz,missionários_da_luz__1945,psychographed_andre_luiz_missionários_da_luz__1945_024,1000,954,58,92.6914810859275,0.009278874392022544,0.5450733752620545,0.7911111111111112,5.489517819706499,16.448275862068964,12.692887519357939,0.42662473794549266,0.46750524109014674,2.7037444933920707,4.189655172413793,1.1079664570230607
psychographed,andre_luiz,missionários_da_luz__1945,psychographed_andre_luiz_missionários_da_luz__1945_025,1000,956,51,81.42802121811593,0.008151328616179981,0.5439330543933054,0.8033022170361728,5.679916317991632,18.745098039215687,12.56956039485073,0.41527196652719667,0.4382845188284519,2.6986899563318776,4.647058823529412,1.1297071129707112
psychographed,andre_luiz,missionários_da_luz__1945,psychographed_andre_luiz_missionários_da_luz__1945_026,1000,952,60,81.36342772403079,0.00814489833788405,0.5850840336134454,0.7928018757327081,5.696428571428571,15.866666666666667,11.345287812812662,0.38760504201680673,0.4170168067226891,2.5569060773480663,4.0,1.1050420168067228
psychographed,andre_luiz,missionários_da_luz__1945,psychographed_andre_luiz_missionários_da_luz__1945_027,1000,960,51,77.9296875,0.007801094890510949,0.5427083333333333,0.8032984901277584,5.761458333333334,18.823529411764707,13.87437457675818,0.39895833333333336,0.41770833333333335,2.779587404994571,4.254901960784314,1.096875
psychographed,andre_luiz,missionários_da_luz__1945,psychographed_andre_luiz_missionários_da_luz__1945_028,1000,955,61,92.453605986678,0.009255051752335167,0.5706806282722513,0.7836331775700934,5.435602094240838,15.655737704918034,10.735089157053602,0.4356020942408377,0.44607329842931936,2.569060773480663,4.065573770491803,1.0973821989528796
psychographed,andre_luiz,missionários_da_luz__1945,psychographed_andre_luiz_missionários_da_luz__1945_029,1000,948,61,82.11825028040379,0.008220496437784877,0.5738396624472574,0.803545347467609,5.366033755274262,15.540983606557377,10.121513802562784,0.4177215189873418,0.4620253164556962,2.5228539576365665,4.688524590163935,1.1181434599156117
psychographed,andre_luiz,missionários_da_luz__1945,psychographed_andre_luiz_missionários_da_luz__1945_030,1000,927,75,75.33785081150526,0.007541920918171206,0.5749730312837109,0.8023792270531399,5.4627831715210355,12.36,10.471090360288814,0.40129449838187703,0.43797195253505933,2.6400462962962963,3.533333333333333,1.132686084142395
psychographed,andre_luiz,missionários_da_luz__1945,psychographed_andre_luiz_missionários_da_luz__1945_031,1000,952,58,80.37038344749665,0.008045489489171062,0.569327731092437,0.8061781946072686,5.51890756302521,16.413793103448278,11.41389728049134,0.40861344537815125,0.43907563025210083,2.5756906077348067,4.0344827586206895,1.0777310924369747
psychographed,andre_luiz,missionários_da_luz__1945,psychographed_andre_luiz_missionários_da_luz__1945_032,1000,938,84,78.42299316697051,0.007850668899745821,0.5714285714285714,0.797342073897497,5.3528784648187635,11.166666666666666,9.632328172967636,0.4051172707889126,0.43070362473347545,2.4690366972477062,3.3095238095238093,1.091684434968017
psychographed,andre_luiz,missionários_da_luz__1945,psychographed_andre_luiz_missionários_da_luz__1945_033,1000,951,82,85.1613388308947,0.008525098234545354,0.5667718191377498,0.8022535211267606,5.295478443743428,11.597560975609756,7.288246060371855,0.40168243953732913,0.4374342797055731,2.3216704288939054,3.475609756097561,1.071503680336488
psychographed,andre_luiz,missionários_da_luz__1945,psychographed_andre_luiz_missionários_da_luz__1945_034,1000,959,83,103.66637997305587,0.010377459122563736,0.5318039624608968,0.7736046511627906,5.221063607924922,11.55421686746988,8.00640257656513,0.4254431699687174,0.45255474452554745,2.3719101123595507,3.5783132530120483,1.0490093847758082
psychographed,andre_luiz,missionários_da_luz__1945,psychographed_andre_luiz_missionários_da_luz__1945_035,1000,936,82,103.73292424574475,0.01038438685497509,0.5416666666666666,0.7727956989247311,5.104700854700854,11.414634146341463,8.404341531224691,0.42094017094017094,0.46474358974358976,2.384083044982699,3.341463414634146,1.0555555555555556
psychographed,andre_luiz,missionários_da_luz__1945,psychographed_andre_luiz_missionários_da_luz__1945_036,1000,934,62,92.39347238971246,0.009249250076312051,0.5599571734475375,0.7848383233532933,5.292291220556745,15.064516129032258,8.697183392306803,0.4132762312633833,0.4539614561027837,2.5175141242937853,4.161290322580645,1.1027837259100643
psychographed,andre_luiz,missionários_da_luz__1945,psychographed_andre_luiz_missionários_da_luz__1945_037,1000,959,58,78.72294850062141,0.007880512276836737,0.5370177267987487,0.7975465116279071,5.6141814389989575,16.53448275862069,12.016103443872339,0.41501564129301355,0.4483837330552659,2.7028508771929824,3.8793103448275863,1.1063607924921794
psychographed,andre_luiz,missionários_da_luz__1945,psychographed_andre_luiz_missionários_da_luz__1945_038,1000,963,51,77.48803335026295,0.007756858224147943,0.5680166147455867,0.8081481481481482,5.665628245067498,18.88235294117647,11.486816072492658,0.40602284527518173,0.43198338525441327,2.80715059588299,4.607843137254902,1.0996884735202492
psychographed,andre_luiz,missionários_da_luz__1945,psychographed_andre_luiz_missionários_da_luz__1945_039,1000,952,53,72.49223218699244,0.007256845956048035,0.5777310924369747,0.7959202813599063,5.542016806722689,17.962264150943398,13.94323026939305,0.39915966386554624,0.4317226890756303,3.018619934282585,4.339622641509434,1.0640756302521008
psychographed,andre_luiz,missionários_da_luz__1945,psychographed_andre_luiz_missionários_da_luz__1945_040,1000,943,50,74.33238609208445,0.007441129520683188,0.5853658536585366,0.8091469194312797,5.577942735949098,18.86,12.435449328432005,0.3902439024390244,0.4496288441145281,2.805986696230599,4.48,1.1505832449628843
psychographed,andre_luiz,missionários_da_luz__1945,psychographed_andre_luiz_missionários_da_luz__1945_041,1000,936,58,81.20114690627511,0.008128799305269893,0.563034188034188,0.8051732377538828,5.351495726495727,16.137931034482758,13.450353508829615,0.4049145299145299,0.4497863247863248,2.8488241881298992,4.068965517241379,1.1014957264957266
psychographed,andre_luiz,missionários_da_luz__1945,psychographed_andre_luiz_missionários_da_luz__1945_042,1000,962,53,77.84371609735435,0.007792471892367834,0.5758835758835759,0.8048899188876014,5.461538461538462,18.150943396226417,11.153130073246626,0.40540540540540543,0.43555093555093555,2.6150490730643403,4.490566037735849,1.0904365904365905
psychographed,andre_luiz,missionários_da_luz__1945,psychographed_andre_luiz_missionários_da_luz__1945_043,1000,925,82,86.43973703433163,0.008653328653328653,0.5427027027027027,0.7789709443099274,5.208648648648649,11.28048780487805,8.640904410438706,0.4172972972972973,0.44216216216216214,2.4644107351225206,3.1707317073170733,1.1286486486486487
psychographed,andre_luiz,missionários_da_luz__1945,psychographed_andre_luiz_missionários_da_luz__1945_044,1000,950,78,75.0803324099723,0.007515944761799124,0.5578947368421052,0.8176380728554642,5.32,12.179487179487179,8.177115643662846,0.3968421052631579,0.4242105263157895,2.4285714285714284,3.5,1.108421052631579
psychographed,andre_luiz,missionários_da_luz__1945,psychographed_andre_luiz_missionários_da_luz__1945_045,1000,956,63,93.90154233994502,0.009399986856229052,0.5355648535564853,0.777654609101517,5.21652719665272,15.174603174603174,9.186843046443643,0.4205020920502092,0.4707112970711297,2.443708609271523,4.126984126984127,1.0794979079497908
psychographed,andre_luiz,missionários_da_luz__1945,psychographed_andre_luiz_missionários_da_luz__1945_046,1000,934,79,83.3833893502194,0.008347276061426037,0.556745182012848,0.7890538922155689,5.360813704496788,11.822784810126583,10.16915103394387,0.4025695931477516,0.43790149892933616,2.5320366132723113,3.632911392405063,1.0802997858672376
psychographed,andre_luiz,missionários_da_luz__1945,psychographed_andre_luiz_missionários_da_luz__1945_047,1000,969,57,81.87773507099868,0.00819623195080555,0.5469556243550051,0.786632183908046,5.393188854489164,17.0,10.20835571068081,0.4148606811145511,0.45304437564499483,2.6525054466230937,4.421052631578948,1.08359133126935
psychographed,andre_luiz,missionários_da_luz__1945,psychographed_andre_luiz_missionários_da_luz__1945_048,1000,970,50,78.69061536826443,0.007877182343365995,0.51340206185567,0.7787370838117107,5.323711340206185,19.4,12.576167937809991,0.4288659793814433,0.4556701030927835,2.70752688172043,4.12,1.0948453608247424
psychographed,andre_luiz,missionários_da_luz__1945,psychographed_andre_luiz_missionários_da_luz__1945_049,1000,954,62,93.96604388891086,0.009406464414482788,0.5587002096436059,0.7878245614035088,5.39412997903564,15.387096774193548,11.107037639247784,0.4339622641509434,0.4716981132075472,2.4651162790697674,4.129032258064516,1.079664570230608
psychographed,andre_luiz,missionários_da_luz__1945,psychographed_andre_luiz_missionários_da_luz__1945_050,1000,941,59,88.74272852833657,0.008883713568634544,0.5621679064824655,0.786769596199525,5.32518597236982,15.94915254237288,11.270816866631169,0.4197662061636557,0.4580233793836344,2.536995515695067,4.3559322033898304,1.0903294367693943
psychographed,andre_luiz,missionários_da_luz__1945,psychographed_andre_luiz_missionários_da_luz__1945_051,1000,945,92,88.44097309705775,0.008853466056855887,0.5555555555555556,0.7961938534278961,5.266666666666667,10.271739130434783,7.144628966040284,0.4222222222222222,0.4783068783068783,2.2988505747126435,3.3260869565217392,1.0518518518518518
psychographed,andre_luiz,missionários_da_luz__1945,psychographed_andre_luiz_missionários_da_luz__1945_052,1000,962,63,77.58438111868465,0.00776651140855095,0.5613305613305614,0.8009501738122827,5.624740124740125,15.26984126984127,11.041345600660158,0.40644490644490644,0.44282744282744285,2.607260726072607,4.190476190476191,1.1029106029106028
psychographed,andre_luiz,missionários_da_luz__1945,psychographed_andre_luiz_missionários_da_luz__1945_053,1000,971,43,80.7559280939204,0.008083918162803783,0.5314109165808445,0.7959059633027523,5.35015447991761,22.58139534883721,14.624338678173855,0.41503604531410915,0.44490216271884653,2.767167381974249,4.72093023255814,1.1153450051493305
psychographed,andre_luiz,missionários_da_luz__1945,psychographed_andre_luiz_missionários_da_luz__1945_054,1000,968,49,85.0351751929513,0.008512311229242694,0.5485537190082644,0.8049482163406214,5.320247933884297,19.755102040816325,17.132771571589974,0.43285123966942146,0.47417355371900827,2.9404761904761907,4.551020408163265,1.1064049586776858
psychographed,andre_luiz,missionários_da_luz__1945,psychographed_andre_luiz_missionários_da_luz__1945_055,1000,958,48,92.48564990564023,0.009258229112811217,0.5448851774530271,0.7747264260768335,5.174321503131524,19.958333333333332,12.303384245356595,0.4321503131524008,0.48538622129436326,3.014130434782609,4.354166666666667,1.1022964509394573
psychographed,andre_luiz,missionários_da_luz__1945,psychographed_andre_luiz_missionários_da_luz__1945_056,1000,965,42,118.25283900238932,0.01183755079225163,0.5264248704663212,0.7655196304849885,5.213471502590673,22.976190476190474,12.610441809484135,0.43626943005181346,0.46528497409326425,2.7640086206896552,4.833333333333333,1.0974093264248705
psychographed,andre_luiz,missionários_da_luz__1945,psychographed_andre_luiz_missionários_da_luz__1945_057,1000,959,49,82.41988254623071,0.008250591582655035,0.5630865484880083,0.7969534883720931,5.502606882168926,19.571428571428573,14.437762277854445,0.4191866527632951,0.4629822732012513,2.876086956521739,4.755102040816326,1.110531803962461
psychographed,andre_luiz,missionários_da_luz__1945,psychographed_andre_luiz_missionários_da_luz__1945_058,1000,967,46,87.49969254263497,0.008759027193450106,0.5211995863495347,0.7818663594470047,5.405377456049638,21.02173913043478,11.99545046082197,0.43226473629782836,0.46639089968976216,2.6369495166487646,4.891304347826087,1.0816959669079629
psychographed,andre_luiz,missionários_da_luz__1945,psychographed_andre_luiz_missionários_da_luz__1945_059,1000,945,50,100.66907421404775,0.010077571518249484,0.5195767195767196,0.7628486997635934,5.419047619047619,18.9,13.68685500763415,0.4095238095238095,0.4666666666666667,2.605726872246696,4.58,1.0846560846560847
psychographed,andre_luiz,missionários_da_luz__1945,psychographed_andre_luiz_missionários_da_luz__1945_060,1000,960,51,97.78645833333333,0.009788842544316997,0.5395833333333333,0.7697793263646922,5.388541666666667,18.823529411764707,13.453924104801631,0.41770833333333335,0.4552083333333333,2.754614549402823,4.254901960784314,1.0791666666666666
psychographed,andre_luiz,missionários_da_luz__1945,psychographed_andre_luiz_missionários_da_luz__1945_061,1000,941,67,75.12301223854605,0.0075202930336672165,0.5504782146652497,0.8081828978622327,5.340063761955367,14.044776119402986,8.721962047888242,0.40488841657810837,0.46439957492029754,2.497732426303855,3.91044776119403,1.1381509032943677
psychographed,andre_luiz,missionários_da_luz__1945,psychographed_andre_luiz_missionários_da_luz__1945_062,1000,946,60,89.3268195003777,0.008942134523529873,0.5708245243128964,0.7876151121605667,5.304439746300211,15.766666666666667,10.886331899323215,0.4143763213530655,0.4513742071881607,2.6167597765363126,3.8833333333333333,1.0887949260042282
psychographed,andre_luiz,missionários_da_luz__1945,psychographed_andre_luiz_missionários_da_luz__1945_063,1000,954,50,84.53867419098225,0.008462738213871675,0.570230607966457,0.7877777777777779,5.59433962264151,19.08,13.087154006887824,0.4192872117400419,0.4559748427672956,2.8698030634573306,4.68,1.1163522012578617
psychographed,andre_luiz,missionários_da_luz__1945,psychographed_andre_luiz_missionários_da_luz__1945_064,1000,927,65,92.53731690656315,0.009263724921423761,0.5329018338727076,0.7822705314009663,5.298813376483279,14.261538461538462,9.638507581693696,0.418554476806904,0.4617044228694714,2.7380410022779045,3.8,1.1175836030204962
psychographed,andre_luiz,missionários_da_luz__1945,psychographed_andre_luiz_missionários_da_luz__1945_065,1000,957,51,102.22209119625614,0.01023290180698924,0.5527690700104493,0.779009324009324,5.353187042842215,18.764705882352942,13.699274684240736,0.4106583072100313,0.445141065830721,2.8649835345773873,4.431372549019608,1.1149425287356323
psychographed,andre_luiz,missionários_da_luz__1945,psychographed_andre_luiz_missionários_da_luz__1945_066,1000,962,35,93.90087352665316,0.009399858515363199,0.5280665280665281,0.766141367323291,5.3232848232848236,27.485714285714284,18.962175023784933,0.4407484407484408,0.48544698544698545,3.016111707841031,5.114285714285714,1.1039501039501038
psychographed,andre_luiz,missionários_da_luz__1945,psychographed_andre_luiz_missionários_da_luz__1945_067,1000,950,68,83.21329639889197,0.008330098164272642,0.5715789473684211,0.7869565217391304,5.524210526315789,13.970588235294118,8.377088129913172,0.4168421052631579,0.43157894736842106,2.498320268756999,3.8529411764705883,1.0926315789473684
psychographed,andre_luiz,missionários_da_luz__1945,psychographed_andre_luiz_missionários_da_luz__1945_068,1000,942,60,80.91380763700127,0.008099979468018619,0.5711252653927813,0.8113641755634637,5.481953290870488,15.7,10.912225559741087,0.40764331210191085,0.4426751592356688,2.515801354401806,4.0,1.1443736730360934
psychographed,andre_luiz,missionários_da_luz__1945,psychographed_andre_luiz_missionários_da_luz__1945_069,1000,973,53,84.01559474781062,0.008410203054487626,0.5765673175745119,0.813066361556064,5.49229188078109,18.358490566037737,10.09407511556112,0.4090441932168551,0.44912641315519014,2.602798708288482,4.264150943396227,1.1109969167523124
psychographed,andre_luiz,missionários_da_luz__1945,psychographed_andre_luiz_missionários_da_luz__1945_070,1000,946,68,79.7169790237296,0.00798013356152891,0.5676532769556025,0.7915938606847698,5.405919661733615,13.911764705882353,11.750763797600122,0.4090909090909091,0.452431289640592,2.7808988764044944,3.75,1.109936575052854
psychographed,andre_luiz,missionários_da_luz__1945,psychographed_andre_luiz_missionários_da_luz__1945_071,1000,948,58,92.62226495041749,0.00927200709324137,0.5358649789029536,0.7823321554770318,5.310126582278481,16.344827586206897,13.431244741836144,0.43037974683544306,0.45569620253164556,2.870575221238938,4.017241379310345,1.0706751054852321
psychographed,andre_luiz,missionários_da_luz__1945,psychographed_andre_luiz_missionários_da_luz__1945_072,1000,966,50,86.69504348683392,0.008678488291013635,0.55175983436853,0.7895617070357555,5.443064182194617,19.32,12.93590352468663,0.42028985507246375,0.4648033126293996,2.6945652173913044,4.7,1.108695652173913
psychographed,andre_luiz,missionários_da_luz__1945,psychographed_andre_luiz_missionários_da_luz__1945_073,1000,960,62,91.62326388888889,0.009171880431004519,0.5479166666666667,0.7754471544715448,5.247916666666667,15.483870967741936,11.404218143617808,0.4552083333333333,0.4864583333333333,2.470782800441014,4.112903225806452,1.1145833333333333
psychographed,andre_luiz,missionários_da_luz__1945,psychographed_andre_luiz_missionários_da_luz__1945_074,1000,959,76,78.72294850062141,0.007880512276836737,0.5484880083420229,0.7816511627906977,5.21584984358707,12.618421052631579,8.969197442920025,0.4369134515119917,0.45985401459854014,2.5565509518477043,3.6578947368421053,1.1126173096976018
psychographed,andre_luiz,missionários_da_luz__1945,psychographed_andre_luiz_missionários_da_luz__1945_075,1000,944,64,80.2346667624246,0.00803197512446753,0.5953389830508474,0.8139408284023669,5.515889830508475,14.75,10.569709078304852,0.4014830508474576,0.4459745762711864,2.668520578420467,3.75,1.0444915254237288
psychographed,andre_luiz,missionários_da_luz__1945,psychographed_andre_luiz_missionários_da_luz__1945_076,1000,970,53,66.53204378786269,0.00666007043077676,0.5938144329896907,0.8199081515499427,5.665979381443299,18.30188679245283,11.21754842496476,0.41030927835051545,0.4298969072164949,2.638619201725998,4.566037735849057,1.0865979381443298
psychographed,andre_luiz,missionários_da_luz__1945,psychographed_andre_luiz_missionários_da_luz__1945_077,1000,968,56,83.94662249846321,0.008403343389711727,0.5640495867768595,0.7931645569620255,5.404958677685951,17.285714285714285,11.603131174869329,0.42045454545454547,0.4524793388429752,2.6365614798694232,4.357142857142857,1.1136363636363635
psychographed,andre_luiz,missionários_da_luz__1945,psychographed_andre_luiz_missionários_da_luz__1945_078,1000,950,52,68.18836565096953,0.0068260218512561695,0.5610526315789474,0.8277085781433609,5.6968421052631575,18.26923076923077,13.191074174221843,0.39789473684210525,0.44526315789473686,2.8083700440528636,4.25,1.1305263157894736
psychographed,andre_luiz,missionários_da_luz__1945,psychographed_andre_luiz_missionários_da_luz__1945_079,1000,968,43,81.91892630284816,0.008200364080781493,0.5785123966942148,0.7979516685845801,5.493801652892562,22.511627906976745,15.126400904599318,0.4080578512396694,0.44834710743801653,2.7392703862660945,4.767441860465116,1.0960743801652892
psychographed,andre_luiz,missionários_da_luz__1945,psychographed_andre_luiz_missionários_da_luz__1945_080,1000,965,53,83.868023302639,0.008395502332681186,0.5595854922279793,0.799214780600462,5.488082901554404,18.20754716981132,14.15194964975796,0.41968911917098445,0.45492227979274613,2.787027027027027,4.2075471698113205,1.0911917098445596
psychographed,andre_luiz,missionários_da_luz__1945,psychographed_andre_luiz_missionários_da_luz__1945_081,1000,947,65,93.88844224355465,0.009398769006833643,0.5596620908130939,0.7975943396226415,5.307286166842661,14.569230769230769,8.975126707087986,0.39809926082365366,0.44139387539598735,2.427771556550952,4.230769230769231,1.08870116156283
psychographed,andre_luiz,missionários_da_luz__1945,psychographed_andre_luiz_missionários_da_luz__1945_082,1000,945,70,106.2456258223454,0.010635817415478432,0.5396825396825397,0.7634751773049645,5.326984126984127,13.5,10.137272104184918,0.4275132275132275,0.4740740740740741,2.7223476297968396,3.8,1.1015873015873017
psychographed,andre_luiz,missionários_da_luz__1945,psychographed_andre_luiz_missionários_da_luz__1945_083,1000,958,55,89.02070684838368,0.008911372744070174,0.5542797494780793,0.7881606519208382,5.346555323590814,17.418181818181818,9.25927723291797,0.4384133611691023,0.48329853862212946,2.6513661202185794,4.345454545454546,1.0803757828810021
psychographed,andre_luiz,missionários_da_luz__1945,psychographed_andre_luiz_missionários_da_luz__1945_084,1044,1008,69,96.92302847064752,0.009701927775413377,0.5257936507936508,0.764048404840484,5.251984126984127,14.608695652173912,10.5173664407684,0.4384920634920635,0.47619047619047616,2.5972803347280333,3.9420289855072466,1.0714285714285714
psychographed,andre_luiz,no_mundo_maior__1947,psychographed_andre_luiz_no_mundo_maior__1947_000,1000,901,70,98.4477722988762,0.009855715871254162,0.5726970033296337,0.7770448877805487,5.381798002219756,12.871428571428572,12.488762295498677,0.4051054384017758,0.4239733629300777,2.933412604042806,3.1,1.1564927857935627
psychographed,andre_luiz,no_mundo_maior__1947,psychographed_andre_luiz_no_mundo_maior__1947_001,1000,960,51,94.40104166666667,0.009449947862356622,0.5958333333333333,0.7849941927990708,5.535416666666666,18.823529411764707,14.22191885009005,0.409375,0.41875,2.7562296858071504,4.176470588235294,1.0802083333333334
psychographed,andre_luiz,no_mundo_maior__1947,psychographed_andre_luiz_no_mundo_maior__1947_002,1000,959,62,99.83896590230744,0.009994318194187142,0.5860271115745568,0.8014767441860465,5.589155370177268,15.46774193548387,10.742916258626162,0.3993743482794578,0.4181438998957247,2.5071350164654227,4.032258064516129,1.0615224191866528
psychographed,andre_luiz,no_mundo_maior__1947,psychographed_andre_luiz_no_mundo_maior__1947_003,1000,962,69,91.06980000950895,0.009116456567028888,0.5925155925155925,0.7786210892236385,5.250519750519751,13.942028985507246,11.669213872620421,0.4095634095634096,0.45322245322245325,2.6153846153846154,3.5217391304347827,1.0758835758835759
psychographed,andre_luiz,no_mundo_maior__1947,psychographed_andre_luiz_no_mundo_maior__1947_004,1000,977,47,94.95782736826226,0.009505512022417235,0.6008188331627431,0.7823917995444192,5.3193449334698055,20.78723404255319,11.137317317484065,0.42067553735926305,0.43398157625383826,2.7470651013874066,4.638297872340425,1.1248720573183213
psychographed,andre_luiz,no_mundo_maior__1947,psychographed_andre_luiz_no_mundo_maior__1947_005,1000,980,53,107.60099958350688,0.010771090867399054,0.5510204081632653,0.7545289443813848,5.252040816326531,18.49056603773585,10.642780601181455,0.42551020408163265,0.45,2.560687432867884,4.528301886792453,1.0673469387755101
psychographed,andre_luiz,no_mundo_maior__1947,psychographed_andre_luiz_no_mundo_maior__1947_006,1000,961,65,102.56399150641946,0.010267082899757198,0.5671175858480749,0.7649767981438516,5.455775234131114,14.784615384615385,9.597262923422583,0.42039542143600417,0.43600416233090533,2.535010940919037,3.9692307692307693,1.0738813735691988
psychographed,andre_luiz,no_mundo_maior__1947,psychographed_andre_luiz_no_mundo_maior__1947_007,1000,966,50,80.07235660489779,0.008015533314023965,0.6055900621118012,0.8081314878892735,5.770186335403727,19.32,14.336582577448507,0.41200828157349895,0.4306418219461698,2.912903225806452,4.6,1.0890269151138716
psychographed,andre_luiz,no_mundo_maior__1947,psychographed_andre_luiz_no_mundo_maior__1947_008,1000,963,60,80.42106216619274,0.008050465994391229,0.5617860851505712,0.7880902777777778,5.398753894080997,16.05,10.317339773410586,0.4236760124610592,0.45067497403946,2.6276013143483024,4.0,1.0924195223260644
psychographed,andre_luiz,no_mundo_maior__1947,psychographed_andre_luiz_no_mundo_maior__1947_009,1000,971,50,77.21344319986085,0.0077293044687695754,0.5499485066941298,0.788394495412844,5.368692070030896,19.42,16.4025485824612,0.4129763130792997,0.45623069001029865,3.16254036598493,4.36,1.114315139031926
psychographed,andre_luiz,no_mundo_maior__1947,psychographed_andre_luiz_no_mundo_maior__1947_010,1000,958,58,76.33770773314272,0.007641747545282208,0.6002087682672234,0.8160069848661234,5.497912317327766,16.517241379310345,10.959551619494144,0.38517745302713985,0.4102296450939457,2.6334792122538295,4.224137931034483,1.0803757828810021
psychographed,andre_luiz,no_mundo_maior__1947,psychographed_andre_luiz_no_mundo_maior__1947_011,1000,960,55,83.74565972222223,0.008383298574904415,0.5625,0.7784552845528455,5.555208333333334,17.454545454545453,9.081085601539023,0.421875,0.446875,2.5921483097055615,4.345454545454546,1.0770833333333334
psychographed,andre_luiz,no_mundo_maior__1947,psychographed_andre_luiz_no_mundo_maior__1947_012,1000,980,40,99.68763015410245,0.009978945612974506,0.5377551020408163,0.7708967082860385,5.420408163265306,24.5,12.523977004130916,0.42551020408163265,0.4489795918367347,3.1251325556733827,4.625,1.1387755102040817
psychographed,andre_luiz,no_mundo_maior__1947,psychographed_andre_luiz_no_mundo_maior__1947_013,1000,948,60,82.25177589061582,0.008233863098659325,0.5675105485232067,0.7866666666666666,5.399789029535865,15.8,11.618663147425066,0.41455696202531644,0.46624472573839665,2.8079911209766926,3.933333333333333,1.109704641350211
psychographed,andre_luiz,no_mundo_maior__1947,psychographed_andre_luiz_no_mundo_maior__1947_014,1000,953,64,92.3355747410563,0.009243256589099438,0.5739769150052466,0.7900351288056207,5.227701993704092,14.890625,9.872811763088315,0.4281217208814271,0.4616998950682057,2.7373068432671084,4.21875,1.0912906610703044
psychographed,andre_luiz,no_mundo_maior__1947,psychographed_andre_luiz_no_mundo_maior__1947_015,1000,935,79,90.91481026051646,0.009101214945779753,0.5775401069518716,0.7883373205741626,5.117647058823529,11.835443037974683,8.833810737472787,0.4192513368983957,0.44278074866310163,2.5165714285714285,3.481012658227848,1.1048128342245989
psychographed,andre_luiz,no_mundo_maior__1947,psychographed_andre_luiz_no_mundo_maior__1947_016,1000,963,66,74.10211037893222,0.007417913959970035,0.6002076843198338,0.8064236111111112,5.145379023883697,14.590909090909092,10.109966988417273,0.39667705088265837,0.44132917964693663,2.481194690265487,3.9242424242424243,1.106957424714434
psychographed,andre_luiz,no_mundo_maior__1947,psychographed_andre_luiz_no_mundo_maior__1947_017,1000,928,91,99.56060493460167,0.009966800580292378,0.5765086206896551,0.7821351025331726,4.993534482758621,10.197802197802197,8.186319035164075,0.4051724137931034,0.44504310344827586,2.4748538011695906,3.142857142857143,1.0872844827586208
psychographed,andre_luiz,no_mundo_maior__1947,psychographed_andre_luiz_no_mundo_maior__1947_018,1000,937,87,91.68888650966036,0.009178684472174334,0.575240128068303,0.7856085918854417,5.04375667022412,10.770114942528735,8.513277188752598,0.39167556029882605,0.4258271077908218,2.5587557603686637,3.1839080459770117,1.0992529348986126
psychographed,andre_luiz,no_mundo_maior__1947,psychographed_andre_luiz_no_mundo_maior__1947_019,1000,956,52,79.1959174384202,0.007927884510065939,0.5857740585774058,0.8107001166861143,5.341004184100418,18.384615384615383,11.739404135962593,0.4121338912133891,0.4382845188284519,2.560175054704595,4.461538461538462,1.0658995815899581
psychographed,andre_luiz,no_mundo_maior__1947,psychographed_andre_luiz_no_mundo_maior__1947_020,1000,953,79,96.9380395922084,0.009703986526404895,0.5424973767051416,0.7764402810304449,5.150052465897167,12.063291139240507,7.077047535987756,0.41028331584470096,0.45015739769150054,2.387205387205387,3.4683544303797467,1.0566631689401889
psychographed,andre_luiz,no_mundo_maior__1947,psychographed_andre_luiz_no_mundo_maior__1947_021,1000,945,61,89.15763836398757,0.008925208501479688,0.6021164021164022,0.8070094562647753,5.582010582010582,15.491803278688524,9.620031953219952,0.3925925925925926,0.42433862433862435,2.5256124721603563,4.065573770491803,1.1005291005291005
psychographed,andre_luiz,no_mundo_maior__1947,psychographed_andre_luiz_no_mundo_maior__1947_022,1000,960,49,84.70052083333333,0.0084788842544317,0.5677083333333334,0.7970034843205573,5.290625,19.591836734693878,17.590487187214244,0.4114583333333333,0.44583333333333336,2.8585418933623505,4.36734693877551,1.0875
psychographed,andre_luiz,no_mundo_maior__1947,psychographed_andre_luiz_no_mundo_maior__1947_023,1000,959,69,84.72502965702238,0.008481346914518212,0.6110531803962461,0.7975000000000002,5.495307612095933,13.898550724637682,11.121392009026637,0.4035453597497393,0.43899895724713245,2.569042316258352,3.6666666666666665,1.1001042752867571
psychographed,andre_luiz,no_mundo_maior__1947,psychographed_andre_luiz_no_mundo_maior__1947_024,1000,965,54,88.07753228274585,0.008816889901747898,0.5751295336787565,0.7935796766743649,5.178238341968912,17.87037037037037,15.700962811119549,0.42072538860103625,0.46735751295336786,2.9956663055254604,3.8333333333333335,1.0808290155440414
psychographed,andre_luiz,no_mundo_maior__1947,psychographed_andre_luiz_no_mundo_maior__1947_025,1000,957,53,76.89040442256311,0.007697083371589215,0.6123301985370951,0.7987645687645688,5.494252873563219,18.056603773584907,11.547138981337557,0.3949843260188088,0.42946708463949845,2.848087431693989,4.226415094339623,1.1044932079414838
psychographed,andre_luiz,no_mundo_maior__1947,psychographed_andre_luiz_no_mundo_maior__1947_026,1000,940,69,77.99909461294703,0.007808216074139533,0.5946808510638298,0.813293697978597,5.573404255319149,13.623188405797102,10.017522979542532,0.3840425531914894,0.42021276595744683,2.569023569023569,3.9130434782608696,1.0904255319148937
psychographed,andre_luiz,no_mundo_maior__1947,psychographed_andre_luiz_no_mundo_maior__1947_027,1000,953,50,85.42086678286606,0.008551059458410856,0.5781741867785939,0.7881147540983607,5.402938090241343,19.06,15.060424960803728,0.4218258132214061,0.45540398740818466,2.8507135016465424,4.34,1.1122770199370409
psychographed,andre_luiz,no_mundo_maior__1947,psychographed_andre_luiz_no_mundo_maior__1947_028,1000,972,51,81.22491490118377,0.008130856568892958,0.5864197530864198,0.8059564719358533,5.675925925925926,19.058823529411764,11.972864359411163,0.404320987654321,0.42592592592592593,2.626752966558792,4.588235294117647,1.0977366255144032
psychographed,andre_luiz,no_mundo_maior__1947,psychographed_andre_luiz_no_mundo_maior__1947_029,1000,962,45,90.7672425343943,0.009086169335909191,0.5717255717255717,0.777694090382387,5.424116424116424,21.377777777777776,19.60304838979998,0.420997920997921,0.45634095634095634,2.853579175704989,4.644444444444445,1.0925155925155925
psychographed,andre_luiz,no_mundo_maior__1947,psychographed_andre_luiz_no_mundo_maior__1947_030,1000,961,50,99.57542925390976,0.009967915365938258,0.5400624349635796,0.7801276102088167,5.259105098855359,19.22,16.91069484083963,0.4266389177939646,0.4724245577523413,2.9065217391304348,4.22,1.0915712799167534
psychographed,andre_luiz,no_mundo_maior__1947,psychographed_andre_luiz_no_mundo_maior__1947_031,1000,942,81,85.08346067679103,0.008517387880715956,0.5626326963906582,0.8013285883748517,5.354564755838641,11.62962962962963,9.017738957865685,0.416135881104034,0.445859872611465,2.406568516421291,3.5185185185185186,1.0796178343949046
psychographed,andre_luiz,no_mundo_maior__1947,psychographed_andre_luiz_no_mundo_maior__1947_032,1000,936,68,84.9222003068157,0.008501302618949678,0.5993589743589743,0.815400238948626,5.397435897435898,13.764705882352942,13.48541439422916,0.38354700854700857,0.41452991452991456,3.023728813559322,3.338235294117647,1.0940170940170941
psychographed,andre_luiz,no_mundo_maior__1947,psychographed_andre_luiz_no_mundo_maior__1947_033,1000,934,78,96.22218452099831,0.009632531655156745,0.5749464668094219,0.7709820359281437,5.204496788008566,11.974358974358974,10.625289569477152,0.4100642398286938,0.4582441113490364,2.7614155251141552,3.2948717948717947,1.1188436830835118
psychographed,andre_luiz,no_mundo_maior__1947,psychographed_andre_luiz_no_mundo_maior__1947_034,1000,968,79,100.76582883682809,0.010087003341680412,0.5537190082644629,0.768826237054085,5.020661157024794,12.253164556962025,9.132593396044628,0.4121900826446281,0.45661157024793386,2.6622222222222223,3.4936708860759493,1.0898760330578512
psychographed,andre_luiz,no_mundo_maior__1947,psychographed_andre_luiz_no_mundo_maior__1947_035,1000,957,71,88.11496218263055,0.008820713264516467,0.6091954022988506,0.8021678321678323,5.476489028213166,13.47887323943662,10.229561078422241,0.3960292580982236,0.4315569487983281,2.610188261351052,3.7464788732394365,1.0929989550679207
psychographed,andre_luiz,no_mundo_maior__1947,psychographed_andre_luiz_no_mundo_maior__1947_036,1000,973,45,83.99446937824868,0.008408088344139503,0.5724563206577595,0.7876086956521738,5.466598150051388,21.622222222222224,15.199837555987074,0.408016443987667,0.4367934224049332,2.869098712446352,4.5777777777777775,1.094552929085303
psychographed,andre_luiz,no_mundo_maior__1947,psychographed_andre_luiz_no_mundo_maior__1947_037,1000,976,44,102.22806369255576,0.01023329129886507,0.548155737704918,0.7706727480045609,5.380122950819672,22.181818181818183,15.84910769967928,0.42725409836065575,0.44364754098360654,2.8170212765957445,4.7272727272727275,1.0922131147540983
psychographed,andre_luiz,no_mundo_maior__1947,psychographed_andre_luiz_no_mundo_maior__1947_038,1000,977,39,86.93292712950576,0.008702199775156468,0.5496417604912999,0.7803075170842825,5.350051177072672,25.05128205128205,21.623762710059502,0.4257932446264074,0.4534288638689867,2.9353813559322033,5.102564102564102,1.1003070624360287
psychographed,andre_luiz,no_mundo_maior__1947,psychographed_andre_luiz_no_mundo_maior__1947_039,1000,947,67,80.44076274881273,0.00805257952675747,0.6019007391763463,0.8031367924528301,5.559662090813094,14.134328358208956,11.916244427894018,0.4065469904963041,0.43189017951425557,2.769487750556793,3.970149253731343,1.105596620908131
psychographed,andre_luiz,no_mundo_maior__1947,psychographed_andre_luiz_no_mundo_maior__1947_040,1000,946,54,81.21432626078872,0.008130026734677897,0.5792811839323467,0.798736717827627,5.3890063424947146,17.51851851851852,14.47314337960811,0.40274841437632136,0.4492600422832981,2.792494481236203,3.9444444444444446,1.072938689217759
psychographed,andre_luiz,no_mundo_maior__1947,psychographed_andre_luiz_no_mundo_maior__1947_041,1000,940,83,83.47668628338614,0.008356558584279337,0.5585106382978723,0.7877526753864447,5.23404255319149,11.325301204819278,8.54204122460022,0.4127659574468085,0.43936170212765957,2.4082098061573545,3.253012048192771,1.1212765957446809
psychographed,andre_luiz,no_mundo_maior__1947,psychographed_andre_luiz_no_mundo_maior__1947_042,1000,952,67,88.71195537038345,0.008880523818360152,0.5892857142857143,0.795263774912075,5.369747899159663,14.208955223880597,8.93849183150467,0.38865546218487396,0.4012605042016807,2.544035674470457,3.8507462686567164,1.0987394957983194
psychographed,andre_luiz,no_mundo_maior__1947,psychographed_andre_luiz_no_mundo_maior__1947_043,1000,940,78,81.68854685378,0.008177554211134525,0.6031914893617021,0.8092508917954816,5.390425531914894,12.051282051282051,8.603662660568308,0.3840425531914894,0.42659574468085104,2.7193181818181817,3.5128205128205128,1.0914893617021277
psychographed,andre_luiz,no_mundo_maior__1947,psychographed_andre_luiz_no_mundo_maior__1947_044,1000,959,61,83.7899228101918,0.008387738619517112,0.5849843587069864,0.7873604651162791,5.21584984358707,15.721311475409836,14.499441648425563,0.41501564129301355,0.44004171011470283,2.739846322722283,4.229508196721311,1.0604796663190823
psychographed,andre_luiz,no_mundo_maior__1947,psychographed_andre_luiz_no_mundo_maior__1947_045,1000,942,75,84.02414341803363,0.00841134358127393,0.589171974522293,0.7895017793594306,5.46072186836518,12.56,7.89639580230542,0.40870488322717624,0.43630573248407645,2.6493212669683257,3.64,1.105095541401274
psychographed,andre_luiz,no_mundo_maior__1947,psychographed_andre_luiz_no_mundo_maior__1947_046,1000,955,78,97.38768125873743,0.009748976478206944,0.5958115183246073,0.7854556074766356,5.331937172774869,12.243589743589743,11.326377085501424,0.4073298429319372,0.42303664921465967,2.6819708846584547,3.3333333333333335,1.0952879581151833
psychographed,andre_luiz,no_mundo_maior__1947,psychographed_andre_luiz_no_mundo_maior__1947_047,1000,972,51,101.77987772866602,0.010188469737617237,0.5627572016460906,0.7669873997709048,5.441358024691358,19.058823529411764,10.52990468777206,0.42901234567901236,0.4454732510288066,2.6025917926565874,4.745098039215686,1.0977366255144032
psychographed,andre_luiz,no_mundo_maior__1947,psychographed_andre_luiz_no_mundo_maior__1947_048,1000,971,64,86.39844894314099,0.008648751950906176,0.5695159629248198,0.7894954128440368,5.277033985581874,15.171875,11.451739343190404,0.4232749742533471,0.43460350154479915,2.6240520043336946,3.984375,1.07826982492276
psychographed,andre_luiz,no_mundo_maior__1947,psychographed_andre_luiz_no_mundo_maior__1947_049,1000,952,68,84.23222230068498,0.008432079456388233,0.6134453781512605,0.7979835873388043,5.555672268907563,14.0,10.901969600786392,0.3960084033613445,0.43487394957983194,2.564245810055866,3.6323529411764706,1.0892857142857142
psychographed,andre_luiz,no_mundo_maior__1947,psychographed_andre_luiz_no_mundo_maior__1947_050,1000,953,53,85.88331540427369,0.008597352897087482,0.6065057712486883,0.7968266978922717,5.464847848898216,17.9811320754717,17.847879812816554,0.40398740818467993,0.4176285414480588,2.776677667766777,3.9056603773584904,1.1049317943336832
psychographed,andre_luiz,no_mundo_maior__1947,psychographed_andre_luiz_no_mundo_maior__1947_051,1000,968,55,86.37985793320128,0.008646918560428008,0.5733471074380165,0.7794936708860758,5.401859504132231,17.6,12.70017895364256,0.4297520661157025,0.45661157024793386,2.903575297941495,4.218181818181818,1.0991735537190082
psychographed,andre_luiz,no_mundo_maior__1947,psychographed_andre_luiz_no_mundo_maior__1947_052,1000,972,52,81.64829209639451,0.008173237890596857,0.5833333333333334,0.7978006872852234,5.6059670781893,18.692307692307693,12.829560909715292,0.4125514403292181,0.44135802469135804,2.7396963123644253,4.096153846153846,1.1286008230452675
psychographed,andre_luiz,no_mundo_maior__1947,psychographed_andre_luiz_no_mundo_maior__1947_053,1000,948,77,82.91940394167601,0.00830069640303156,0.6128691983122363,0.8040518256772675,5.393459915611814,12.311688311688311,9.555388416959003,0.4092827004219409,0.43248945147679324,2.518099547511312,3.7012987012987013,1.0812236286919832
psychographed,andre_luiz,no_mundo_maior__1947,psychographed_andre_luiz_no_mundo_maior__1947_054,1000,931,108,70.0308389509911,0.0070106140928357765,0.5767991407089151,0.8048557692307692,5.162191192266381,8.62037037037037,6.680149688654125,0.4103114930182599,0.43501611170784105,2.30327868852459,3.064814814814815,1.1020408163265305
psychographed,andre_luiz,no_mundo_maior__1947,psychographed_andre_luiz_no_mundo_maior__1947_055,1000,959,55,74.67806772130771,0.007475601977529655,0.5974973931178311,0.8032674418604652,5.307612095933264,17.436363636363637,12.635827326748533,0.40667361835245047,0.44525547445255476,2.751369112814896,4.218181818181818,1.122002085505735
psychographed,andre_luiz,no_mundo_maior__1947,psychographed_andre_luiz_no_mundo_maior__1947_056,1000,925,75,82.06866325785245,0.008215748215748216,0.5697297297297297,0.8013922518159807,5.224864864864865,12.333333333333334,11.134730451260248,0.4151351351351351,0.44216216216216214,2.9767441860465116,3.44,1.1556756756756756
psychographed,andre_luiz,no_mundo_maior__1947,psychographed_andre_luiz_no_mundo_maior__1947_057,1000,960,48,90.75520833333333,0.009084984358706987,0.6010416666666667,0.7933217189314751,5.530208333333333,20.0,12.586368287423765,0.4114583333333333,0.4375,2.784782608695652,4.541666666666667,1.1052083333333333
psychographed,andre_luiz,no_mundo_maior__1947,psychographed_andre_luiz_no_mundo_maior__1947_058,1093,1030,76,83.45744179470262,0.008353854718031456,0.5650485436893203,0.796015037593985,5.398058252427185,13.552631578947368,9.614127128513191,0.4174757281553398,0.4524271844660194,2.6076604554865424,3.736842105263158,1.0932038834951456
psychographed,andre_luiz,nos_domínios_da_mediunidade,psychographed_andre_luiz_nos_domínios_da_mediunidade_000,1000,898,78,100.71874643478951,0.010083103043304457,0.5300668151447662,0.7436670838548186,5.606904231625835,11.512820512820513,13.787530216851925,0.38084632516703787,0.4142538975501114,3.2332535885167464,2.7435897435897436,1.1425389755011135
psychographed,andre_luiz,nos_domínios_da_mediunidade,psychographed_andre_luiz_nos_domínios_da_mediunidade_001,1000,963,47,102.20311440214198,0.010230935464580324,0.5597092419522326,0.7598263888888889,5.345794392523365,20.48936170212766,14.606720022145348,0.4537902388369678,0.49117341640706125,2.737580993520518,4.787234042553192,1.0893042575285565
psychographed,andre_luiz,nos_domínios_da_mediunidade,psychographed_andre_luiz_nos_domínios_da_mediunidade_002,1000,980,44,95.6268221574344,0.009572450021888224,0.5193877551020408,0.7488081725312145,5.239795918367347,22.272727272727273,18.723300549611288,0.46224489795918366,0.4887755102040816,3.3092454835281617,4.886363636363637,1.073469387755102
psychographed,andre_luiz,nos_domínios_da_mediunidade,psychographed_andre_luiz_nos_domínios_da_mediunidade_003,1000,924,66,99.9793856936714,0.010008770572150855,0.5746753246753247,0.7867515151515151,5.391774891774892,14.0,8.9747119477705,0.4231601731601732,0.4696969696969697,2.5057339449541285,4.2727272727272725,1.093073593073593
psychographed,andre_luiz,nos_domínios_da_mediunidade,psychographed_andre_luiz_nos_domínios_da_mediunidade_004,1000,943,60,96.53089292200497,0.009663336733062706,0.5546129374337222,0.7820616113744076,5.306468716861081,15.716666666666667,13.25027253388481,0.4252386002120891,0.46447507953340406,2.6955555555555555,4.066666666666666,1.0742311770943795
psychographed,andre_luiz,nos_domínios_da_mediunidade,psychographed_andre_luiz_nos_domínios_da_mediunidade_005,1000,966,43,100.34763747969257,0.01004516246687907,0.5807453416149069,0.7728835063437142,5.528985507246377,22.46511627906977,21.296739391451673,0.4161490683229814,0.4358178053830228,3.6329386437029063,4.744186046511628,1.1024844720496894
psychographed,andre_luiz,nos_domínios_da_mediunidade,psychographed_andre_luiz_nos_domínios_da_mediunidade_006,1000,958,52,81.63318674517632,0.008171848788075121,0.5751565762004175,0.7928754365541327,5.417536534446764,18.423076923076923,15.136997662180306,0.42171189979123175,0.4592901878914405,2.7908496732026142,4.153846153846154,1.0897703549060542
psychographed,andre_luiz,nos_domínios_da_mediunidade,psychographed_andre_luiz_nos_domínios_da_mediunidade_007,1000,940,72,85.740153915799,0.008583146398386695,0.5808510638297872,0.7893103448275861,5.3319148936170215,13.055555555555555,11.064067075307957,0.4351063829787234,0.451063829787234,2.5950226244343892,3.6805555555555554,1.1063829787234043
psychographed,andre_luiz,nos_domínios_da_mediunidade,psychographed_andre_luiz_nos_domínios_da_mediunidade_008,1000,949,57,95.0032256237779,0.009510343999679876,0.5468914646996839,0.7720117647058824,5.308746048472075,16.649122807017545,11.794276381825354,0.4183350895679663,0.43940990516332984,2.7397563676633445,4.017543859649122,1.0842992623814542
psychographed,andre_luiz,nos_domínios_da_mediunidade,psychographed_andre_luiz_nos_domínios_da_mediunidade_009,1000,946,41,96.09840476648088,0.00962000962000962,0.5676532769556025,0.7645454545454546,5.263213530655391,23.073170731707318,19.001142769102763,0.4408033826638478,0.4799154334038055,3.268640350877193,5.0,1.0866807610993658
psychographed,andre_luiz,nos_domínios_da_mediunidade,psychographed_andre_luiz_nos_domínios_da_mediunidade_010,1000,944,53,86.31679115196782,0.008640832539497097,0.5370762711864406,0.7787218934911242,5.236228813559322,17.81132075471698,12.462860454503899,0.4608050847457627,0.4819915254237288,2.7133333333333334,4.471698113207547,1.0963983050847457
psychographed,andre_luiz,nos_domínios_da_mediunidade,psychographed_andre_luiz_nos_domínios_da_mediunidade_011,1000,925,79,91.34842951059167,0.009144729144729144,0.5545945945945946,0.7819007263922517,5.121081081081081,11.708860759493671,9.464325955435953,0.4508108108108108,0.46594594594594596,2.432213209733488,3.4556962025316458,1.0854054054054054
psychographed,andre_luiz,nos_domínios_da_mediunidade,psychographed_andre_luiz_nos_domínios_da_mediunidade_012,1000,936,79,100.44561326612609,0.010055304172951232,0.5512820512820513,0.7629510155316608,4.985042735042735,11.848101265822784,9.393087422754958,0.44337606837606836,0.4700854700854701,2.3954545454545455,3.4556962025316458,1.0512820512820513
psychographed,andre_luiz,nos_domínios_da_mediunidade,psychographed_andre_luiz_nos_domínios_da_mediunidade_013,1000,947,59,86.77432987403115,0.008686605749546246,0.5881731784582893,0.7894221698113209,5.383315733896516,16.050847457627118,13.62751917785598,0.4297782470960929,0.4635691657866948,2.564245810055866,4.016949152542373,1.0823653643083422
psychographed,andre_luiz,nos_domínios_da_mediunidade,psychographed_andre_luiz_nos_domínios_da_mediunidade_014,1000,944,60,90.10970267164608,0.00902052590901738,0.551906779661017,0.7838343195266273,5.3125,15.733333333333333,8.751888685052819,0.4290254237288136,0.4459745762711864,2.4075723830734965,4.3,1.0497881355932204
psychographed,andre_luiz,nos_domínios_da_mediunidade,psychographed_andre_luiz_nos_domínios_da_mediunidade_015,1000,954,64,95.46035889930515,0.009556052716677556,0.5649895178197065,0.7834035087719299,5.440251572327044,14.90625,11.427377692957384,0.4224318658280922,0.45387840670859536,2.5382907880133185,4.015625,1.0754716981132075
psychographed,andre_luiz,nos_domínios_da_mediunidade,psychographed_andre_luiz_nos_domínios_da_mediunidade_016,1000,955,70,79.88816096049999,0.007997190117115041,0.5654450261780105,0.7951869158878505,5.375916230366492,13.642857142857142,9.885105266128884,0.42408376963350786,0.46701570680628274,2.582774049217002,3.7857142857142856,1.1162303664921467
psychographed,andre_luiz,nos_domínios_da_mediunidade,psychographed_andre_luiz_nos_domínios_da_mediunidade_017,1000,944,75,97.76285550129273,0.009786652767043514,0.5836864406779662,0.7831005917159763,5.319915254237288,12.586666666666666,11.824374073168618,0.4290254237288136,0.4470338983050847,2.568671963677639,3.36,1.0985169491525424
psychographed,andre_luiz,nos_domínios_da_mediunidade,psychographed_andre_luiz_nos_domínios_da_mediunidade_018,1000,947,65,107.98285922643505,0.010809700601208668,0.5913410770855333,0.785872641509434,5.292502639915523,14.569230769230769,10.326916630853166,0.40232312565997885,0.4297782470960929,2.500558659217877,3.923076923076923,1.0802534318901795
psychographed,andre_luiz,nos_domínios_da_mediunidade,psychographed_andre_luiz_nos_domínios_da_mediunidade_019,1000,941,47,97.91288576491195,0.009801704840934271,0.5504782146652497,0.768729216152019,5.36663124335813,20.02127659574468,14.223877679544483,0.434643995749203,0.47396386822529224,2.6075388026607538,4.723404255319149,1.0967056323060573
psychographed,andre_luiz,nos_domínios_da_mediunidade,psychographed_andre_luiz_nos_domínios_da_mediunidade_020,1000,958,73,84.29182229854298,0.008437990152769506,0.5490605427974948,0.7930500582072177,5.2839248434238,13.123287671232877,15.220700761034996,0.42484342379958245,0.453027139874739,2.7163515016685205,3.3424657534246576,1.104384133611691
psychographed,andre_luiz,nos_domínios_da_mediunidade,psychographed_andre_luiz_nos_domínios_da_mediunidade_021,1000,955,83,80.65568378059812,0.00807402285225065,0.53717277486911,0.7976051401869159,5.223036649214659,11.506024096385541,10.391578487857313,0.4272251308900524,0.4712041884816754,2.574803149606299,3.289156626506024,1.0952879581151833
psychographed,andre_luiz,nos_domínios_da_mediunidade,psychographed_andre_luiz_nos_domínios_da_mediunidade_022,1000,947,54,97.79116846508008,0.009789454179326727,0.5269271383315733,0.7665094339622641,5.159450897571277,17.537037037037038,12.392818952571723,0.44350580781414994,0.4677930306230201,2.6951219512195124,4.333333333333333,1.096092925026399
psychographed,andre_luiz,nos_domínios_da_mediunidade,psychographed_andre_luiz_nos_domínios_da_mediunidade_023,1000,948,58,107.48811622069113,0.010760162003929798,0.5643459915611815,0.7758303886925796,5.244725738396625,16.344827586206897,13.148425530678214,0.43037974683544306,0.47257383966244726,2.4916943521594686,4.431034482758621,1.0559071729957805
psychographed,andre_luiz,nos_domínios_da_mediunidade,psychographed_andre_luiz_nos_domínios_da_mediunidade_024,1000,981,52,135.2714833622726,0.013540951548815244,0.5361875637104995,0.7431632653061225,5.141692150866462,18.865384615384617,12.05919509712537,0.4525993883792049,0.4740061162079511,2.7034261241970023,4.4423076923076925,1.0693170234454639
psychographed,andre_luiz,nos_domínios_da_mediunidade,psychographed_andre_luiz_nos_domínios_da_mediunidade_025,1000,941,76,94.66041620317093,0.009476111877359984,0.5536663124335813,0.7585748218527316,5.213602550478215,12.381578947368421,10.555576108418213,0.43889479277364507,0.46865037194473963,2.6451977401129945,3.5,1.0967056323060573
psychographed,andre_luiz,nos_domínios_da_mediunidade,psychographed_andre_luiz_nos_domínios_da_mediunidade_026,1000,945,73,89.53836678704404,0.008963321675186082,0.5746031746031746,0.7942316784869977,5.277248677248677,12.945205479452055,10.731965325712656,0.41693121693121693,0.4666666666666667,2.606779661016949,3.5753424657534247,1.092063492063492
psychographed,andre_luiz,nos_domínios_da_mediunidade,psychographed_andre_luiz_nos_domínios_da_mediunidade_027,1000,945,79,92.11388259007306,0.009221146085552865,0.5650793650793651,0.7825650118203309,5.265608465608466,11.962025316455696,10.440237445738948,0.43386243386243384,0.45714285714285713,2.54618015963512,3.4430379746835444,1.0941798941798941
psychographed,andre_luiz,nos_domínios_da_mediunidade,psychographed_andre_luiz_nos_domínios_da_mediunidade_028,1000,939,54,90.82238032212004,0.009091920588749544,0.5708200212992546,0.7875714285714285,5.281150159744409,17.38888888888889,17.411593271349798,0.4281150159744409,0.4643237486687966,2.8378076062639823,4.166666666666667,1.1331203407880723
psychographed,andre_luiz,nos_domínios_da_mediunidade,psychographed_andre_luiz_nos_domínios_da_mediunidade_029,1000,945,64,89.02326362643824,0.008911756793112725,0.5576719576719577,0.7811347517730497,5.216931216931217,14.765625,12.323430665174978,0.4328042328042328,0.46455026455026455,2.633221850613155,3.671875,1.0962962962962963
psychographed,andre_luiz,nos_domínios_da_mediunidade,psychographed_andre_luiz_nos_domínios_da_mediunidade_030,1000,960,61,91.92708333333333,0.009202294056308655,0.5666666666666667,0.7705458768873403,5.467708333333333,15.737704918032787,12.204408823560394,0.41875,0.44583333333333336,2.7221006564551424,4.229508196721311,1.09375
psychographed,andre_luiz,nos_domínios_da_mediunidade,psychographed_andre_luiz_nos_domínios_da_mediunidade_031,1000,967,50,83.92784002378383,0.008401472184575463,0.5718717683557394,0.7929262672811059,5.498448810754912,19.34,13.152353401577985,0.4239917269906929,0.44881075491209926,2.7435064935064934,4.48,1.093071354705274
psychographed,andre_luiz,nos_domínios_da_mediunidade,psychographed_andre_luiz_nos_domínios_da_mediunidade_032,1000,960,54,83.91927083333333,0.00840067778936392,0.5510416666666667,0.7706387921022068,5.338541666666667,17.77777777777778,11.391463123706517,0.44583333333333336,0.4583333333333333,2.6484118291347207,4.425925925925926,1.1104166666666666
psychographed,andre_luiz,nos_domínios_da_mediunidade,psychographed_andre_luiz_nos_domínios_da_mediunidade_033,1000,948,71,92.9338247075789,0.00930319596861508,0.5675105485232067,0.7913663133097762,5.415611814345992,13.352112676056338,11.377143619777796,0.410337552742616,0.4462025316455696,2.5794183445190155,3.5492957746478875,1.089662447257384
psychographed,andre_luiz,nos_domínios_da_mediunidade,psychographed_andre_luiz_nos_domínios_da_mediunidade_034,1000,944,55,99.58075983912669,0.009968635979653827,0.5466101694915254,0.7769349112426035,5.345338983050848,17.163636363636364,14.067064869744037,0.4226694915254237,0.4629237288135593,2.675194660734149,4.072727272727272,1.1122881355932204
psychographed,andre_luiz,nos_domínios_da_mediunidade,psychographed_andre_luiz_nos_domínios_da_mediunidade_035,1000,954,63,117.17187699150438,0.011729482754448602,0.5628930817610063,0.7666900584795321,5.331236897274633,15.142857142857142,9.995010092909844,0.44339622641509435,0.45387840670859536,2.442350332594235,3.984126984126984,1.0890985324947589
psychographed,andre_luiz,nos_domínios_da_mediunidade,psychographed_andre_luiz_nos_domínios_da_mediunidade_036,1000,926,72,97.30884596186948,0.00974140447142607,0.5680345572354212,0.7625030229746069,5.0766738660907125,12.86111111111111,10.430065456750441,0.42332613390928725,0.4503239740820734,2.631880733944954,3.486111111111111,1.0982721382289418
psychographed,andre_luiz,nos_domínios_da_mediunidade,psychographed_andre_luiz_nos_domínios_da_mediunidade_037,1000,953,55,97.53261639116107,0.00976350666184627,0.5666316894018888,0.7875058548009367,5.477439664218259,17.327272727272728,11.020731778136142,0.42917103882476393,0.453305351521511,2.725082146768894,4.218181818181818,1.0954879328436515
psychographed,andre_luiz,nos_domínios_da_mediunidade,psychographed_andre_luiz_nos_domínios_da_mediunidade_038,1000,938,84,85.51515950554871,0.008560642435027181,0.5671641791044776,0.7997139451728248,5.3315565031982945,11.166666666666666,10.489034334477187,0.3805970149253731,0.44349680170575695,2.438717067583047,3.3095238095238093,1.0820895522388059
psychographed,andre_luiz,nos_domínios_da_mediunidade,psychographed_andre_luiz_nos_domínios_da_mediunidade_039,1000,956,69,105.65291223893139,0.010576354356064755,0.5690376569037657,0.7815285880980163,5.22907949790795,13.855072463768115,11.182641001899224,0.4246861924686193,0.448744769874477,2.511111111111111,3.5942028985507246,1.0910041841004183
psychographed,andre_luiz,nos_domínios_da_mediunidade,psychographed_andre_luiz_nos_domínios_da_mediunidade_040,1000,936,88,91.177222587479,0.009127473833356187,0.5534188034188035,0.7822939068100359,5.003205128205129,10.636363636363637,9.108165440194332,0.4252136752136752,0.46260683760683763,2.3452243958573074,3.397727272727273,1.0683760683760684
psychographed,andre_luiz,nos_domínios_da_mediunidade,psychographed_andre_luiz_nos_domínios_da_mediunidade_041,1000,950,62,122.99168975069252,0.012312129110975543,0.5157894736842106,0.7413513513513513,4.933684210526316,15.32258064516129,10.76399942692544,0.43473684210526314,0.46210526315789474,2.3962264150943398,4.064516129032258,1.0473684210526315
psychographed,andre_luiz,nos_domínios_da_mediunidade,psychographed_andre_luiz_nos_domínios_da_mediunidade_042,1000,940,70,92.28157537347217,0.009237985181156958,0.5542553191489362,0.7769084423305589,5.157446808510638,13.428571428571429,11.756543987525085,0.41702127659574467,0.4351063829787234,2.673446327683616,3.642857142857143,1.1085106382978724
psychographed,andre_luiz,nos_domínios_da_mediunidade,psychographed_andre_luiz_nos_domínios_da_mediunidade_043,1000,945,75,85.64149939811315,0.008573222132544167,0.5714285714285714,0.7863593380614657,5.117460317460317,12.6,9.957241920665917,0.42433862433862435,0.45396825396825397,2.5368898978433596,3.453333333333333,1.0835978835978837
psychographed,andre_luiz,nos_domínios_da_mediunidade,psychographed_andre_luiz_nos_domínios_da_mediunidade_044,1000,959,54,93.05400459507155,0.00931511382115591,0.5401459854014599,0.7889186046511628,5.304483837330553,17.75925925925926,12.451290555132838,0.43274244004171014,0.4754953076120959,2.6326754385964914,4.222222222222222,1.094890510948905
psychographed,andre_luiz,nos_domínios_da_mediunidade,psychographed_andre_luiz_nos_domínios_da_mediunidade_045,1000,949,55,95.64724000972684,0.009574813372281726,0.5690200210748156,0.7891764705882353,5.292939936775554,17.254545454545454,9.953013580762512,0.42571127502634354,0.43730242360379346,2.6994475138121548,4.2727272727272725,1.0800842992623814
psychographed,andre_luiz,nos_domínios_da_mediunidade,psychographed_andre_luiz_nos_domínios_da_mediunidade_046,1000,947,58,90.27563282705682,0.009037106161440043,0.5659978880675819,0.7860259433962263,5.2302006335797255,16.32758620689655,10.339725753440536,0.43611404435058077,0.4604012671594509,2.6002227171492205,4.103448275862069,1.102428722280887
psychographed,andre_luiz,nos_domínios_da_mediunidade,psychographed_andre_luiz_nos_domínios_da_mediunidade_047,1000,930,75,101.16776505954445,0.010127666469900575,0.5795698924731183,0.793971119133574,5.253763440860215,12.4,9.028842672236571,0.41935483870967744,0.43333333333333335,2.524684270952928,3.6133333333333333,1.1010752688172043
psychographed,andre_luiz,nos_domínios_da_mediunidade,psychographed_andre_luiz_nos_domínios_da_mediunidade_048,1000,950,60,98.79224376731302,0.009889634518329544,0.5357894736842105,0.7652996474735605,5.172631578947368,15.833333333333334,11.302163018152273,0.44,0.48526315789473684,2.9113082039911307,3.966666666666667,1.111578947368421
psychographed,andre_luiz,nos_domínios_da_mediunidade,psychographed_andre_luiz_nos_domínios_da_mediunidade_049,1000,959,62,99.57800585202912,0.009968194949070556,0.5265901981230449,0.7470116279069767,5.194994786235662,15.46774193548387,12.793291767797033,0.4473409801876955,0.4754953076120959,2.724478594950604,3.838709677419355,1.0875912408759123
psychographed,andre_luiz,nos_domínios_da_mediunidade,psychographed_andre_luiz_nos_domínios_da_mediunidade_050,1000,946,58,90.26545508181773,0.009036097408190431,0.5665961945031712,0.7820188902007084,5.437632135306554,16.310344827586206,10.593112428157115,0.46511627906976744,0.4788583509513742,2.426978818283166,4.603448275862069,1.0835095137420718
psychographed,andre_luiz,nos_domínios_da_mediunidade,psychographed_andre_luiz_nos_domínios_da_mediunidade_051,1000,923,72,94.25668101449769,0.00943589116880492,0.5417118093174431,0.77248786407767,5.153846153846154,12.819444444444445,8.292108679824734,0.4387865655471289,0.47020585048754066,2.277456647398844,3.763888888888889,1.1007583965330445
psychographed,andre_luiz,nos_domínios_da_mediunidade,psychographed_andre_luiz_nos_domínios_da_mediunidade_052,1000,948,81,76.04283501575603,0.00761231336799754,0.5685654008438819,0.7963486454652531,5.40295358649789,11.703703703703704,8.856112410268945,0.4208860759493671,0.46624472573839665,2.5662100456621006,3.5185185185185186,1.1255274261603376
psychographed,andre_luiz,nos_domínios_da_mediunidade,psychographed_andre_luiz_nos_domínios_da_mediunidade_053,1000,956,59,76.89816354755695,0.007697868518477952,0.5732217573221757,0.7955775962660443,5.4675732217573225,16.203389830508474,14.820713472403515,0.4100418410041841,0.448744769874477,2.760485651214128,3.8813559322033897,1.0930962343096233
psychographed,andre_luiz,nos_domínios_da_mediunidade,psychographed_andre_luiz_nos_domínios_da_mediunidade_054,1000,946,63,87.96356306066714,0.008805664619618108,0.5570824524312896,0.7830814639905549,5.5,15.015873015873016,14.86926313381417,0.4164904862579281,0.46723044397463004,2.8405797101449277,3.634920634920635,1.1257928118393234
psychographed,andre_luiz,nos_domínios_da_mediunidade,psychographed_andre_luiz_nos_domínios_da_mediunidade_055,1000,951,57,79.03573746601342,0.007911893297913553,0.5509989484752892,0.7921009389671362,5.674027339642482,16.68421052631579,13.555807837643512,0.3953732912723449,0.42797055730809674,2.7464008859357696,4.245614035087719,1.1324921135646688
psychographed,andre_luiz,nos_domínios_da_mediunidade,psychographed_andre_luiz_nos_domínios_da_mediunidade_056,1000,962,47,91.76135995262814,0.00918568452387391,0.5654885654885655,0.7976825028968714,5.591476091476092,20.46808510638298,16.58100818718196,0.448024948024948,0.4521829521829522,3.6782231852654386,4.297872340425532,1.1133056133056134
psychographed,andre_luiz,nos_domínios_da_mediunidade,psychographed_andre_luiz_nos_domínios_da_mediunidade_057,1000,954,50,110.55733554843559,0.011067334534439408,0.5555555555555556,0.7565730994152047,5.30188679245283,19.08,14.256002244668734,0.44758909853249473,0.46750524109014674,2.8905908096280086,4.58,1.0838574423480083
psychographed,andre_luiz,nos_domínios_da_mediunidade,psychographed_andre_luiz_nos_domínios_da_mediunidade_058,1000,961,59,126.03936456236512,0.012617065556711759,0.5348595213319459,0.7372621809744779,5.002081165452654,16.28813559322034,15.226037965183448,0.4630593132154006,0.49427679500520294,2.8065573770491805,3.9152542372881354,1.0541103017689906
psychographed,andre_luiz,nos_domínios_da_mediunidade,psychographed_andre_luiz_nos_domínios_da_mediunidade_059,615,586,30,148.22537245628953,0.014847874916134303,0.5563139931740614,0.728788501026694,4.720136518771331,19.533333333333335,14.825053869117044,0.4778156996587031,0.4931740614334471,2.806049822064057,4.466666666666667,1.07679180887372
psychographed,andre_luiz,nosso_lar__1944,psychographed_andre_luiz_nosso_lar__1944_000,1000,852,61,91.33439132447266,0.009144171728372586,0.5704225352112676,0.7722841965471448,5.268779342723005,13.967213114754099,13.211975706507193,0.38615023474178406,0.42370892018779344,3.237437185929648,3.557377049180328,1.1842723004694835
psychographed,andre_luiz,nosso_lar__1944,psychographed_andre_luiz_nosso_lar__1944_001,1000,966,78,77.9076595981808,0.007798839292418928,0.5869565217391305,0.7958362168396771,5.406832298136646,12.384615384615385,8.586260296410309,0.391304347826087,0.43995859213250516,2.4722838137472283,3.6666666666666665,1.0973084886128364
psychographed,andre_luiz,nosso_lar__1944,psychographed_andre_luiz_nosso_lar__1944_002,1000,957,78,86.82654018293408,0.00869173629237112,0.5820271682340648,0.7914102564102564,5.341692789968652,12.26923076923077,9.651189745873205,0.406478578892372,0.44096133751306166,2.553072625698324,3.628205128205128,1.0909090909090908
psychographed,andre_luiz,nosso_lar__1944,psychographed_andre_luiz_nosso_lar__1944_003,1000,953,67,83.61511502308389,0.00837029460262594,0.5897166841552991,0.8123067915690867,5.3704092339979015,14.223880597014926,8.688336486987371,0.372507869884575,0.4323189926547744,2.521017699115044,4.014925373134329,1.080797481636936
psychographed,andre_luiz,nosso_lar__1944,psychographed_andre_luiz_nosso_lar__1944_004,1000,957,79,80.07870293028654,0.008016246726389563,0.6123301985370951,0.8076107226107226,5.4472309299895505,12.113924050632912,7.244355885567974,0.39080459770114945,0.4096133751306165,2.4415730337078654,3.4936708860759493,1.0888192267502612
psychographed,andre_luiz,nosso_lar__1944,psychographed_andre_luiz_nosso_lar__1944_005,1000,950,77,80.62049861495845,0.008070545172203427,0.5715789473684211,0.8023501762632197,5.311578947368421,12.337662337662337,8.66341822345866,0.4052631578947368,0.4368421052631579,2.5095613048368954,3.6493506493506493,1.0947368421052632
psychographed,andre_luiz,nosso_lar__1944,psychographed_andre_luiz_nosso_lar__1944_006,1000,971,85,73.7982332121747,0.007387431386497075,0.5983522142121525,0.8063417431192661,5.436663233779608,11.423529411764706,7.2442698988084375,0.3800205973223481,0.41709577754891863,2.34,3.5764705882352943,1.1029866117404736
psychographed,andre_luiz,nosso_lar__1944,psychographed_andre_luiz_nosso_lar__1944_007,1000,954,85,66.5849188455098,0.0066654787595610025,0.5670859538784067,0.8041520467836257,5.270440251572327,11.223529411764705,8.047471609639793,0.40670859538784065,0.4360587002096436,2.438496583143508,3.5058823529411764,1.1415094339622642
psychographed,andre_luiz,nosso_lar__1944,psychographed_andre_luiz_nosso_lar__1944_008,1000,965,71,70.29450455045773,0.007036742416098725,0.5782383419689119,0.8116974595842957,5.677720207253886,13.591549295774648,8.40787267694958,0.38134715025906735,0.43212435233160623,2.535832414553473,3.7464788732394365,1.1233160621761658
psychographed,andre_luiz,nosso_lar__1944,psychographed_andre_luiz_nosso_lar__1944_009,1000,982,67,81.17603626996735,0.00812587845230458,0.5621181262729125,0.8040090600226502,5.64969450101833,14.656716417910447,11.944588781468669,0.3727087576374745,0.434826883910387,2.4567099567099566,4.059701492537314,1.0997963340122199
psychographed,andre_luiz,nosso_lar__1944,psychographed_andre_luiz_nosso_lar__1944_010,1000,945,64,76.10089303210997,0.007618150838489822,0.5492063492063493,0.7972931442080378,5.464550264550264,14.765625,9.566775494354145,0.4105820105820106,0.4582010582010582,2.638608305274972,3.890625,1.1185185185185185
psychographed,andre_luiz,nosso_lar__1944,psychographed_andre_luiz_nosso_lar__1944_011,1000,969,60,90.37649061036613,0.009046985475355866,0.5572755417956656,0.7764367816091954,5.368421052631579,16.15,11.67736414321885,0.42724458204334365,0.4613003095975232,2.7973856209150325,4.05,1.0959752321981424
psychographed,andre_luiz,nosso_lar__1944,psychographed_andre_luiz_nosso_lar__1944_012,1000,964,75,86.86145210998433,0.008695165091799054,0.5529045643153527,0.777271676300578,5.304979253112033,12.853333333333333,10.371362280604972,0.42531120331950206,0.45643153526970953,2.627906976744186,3.6666666666666665,1.1006224066390042
psychographed,andre_luiz,nosso_lar__1944,psychographed_andre_luiz_nosso_lar__1944_013,1000,934,74,84.52971034761038,0.008462031025151993,0.5449678800856531,0.7889101796407185,5.240899357601713,12.621621621621621,8.564071244989865,0.4271948608137045,0.45717344753747324,2.479357798165138,3.689189189189189,1.1274089935760172
psychographed,andre_luiz,nosso_lar__1944,psychographed_andre_luiz_nosso_lar__1944_014,1000,959,75,74.15614762075111,0.007423355487296484,0.5630865484880083,0.8098488372093023,5.421272158498436,12.786666666666667,7.329016911488805,0.40250260688216893,0.45255474452554745,2.4876957494407157,3.96,1.1178310740354536
psychographed,andre_luiz,nosso_lar__1944,psychographed_andre_luiz_nosso_lar__1944_015,1000,945,87,72.15923406399597,0.007223567393058918,0.5534391534391534,0.8122104018912528,5.219047619047619,10.862068965517242,7.584273525841746,0.4031746031746032,0.45925925925925926,2.340159271899886,3.5057471264367814,1.0825396825396825
psychographed,andre_luiz,nosso_lar__1944,psychographed_andre_luiz_nosso_lar__1944_016,1000,947,77,69.51312932854152,0.006958661043776832,0.5702217529039071,0.8218867924528303,5.142555438225977,12.2987012987013,10.650364221642125,0.41288278775079196,0.4582893347412883,2.5553047404063207,3.3766233766233764,1.0971488912354805
psychographed,andre_luiz,nosso_lar__1944,psychographed_andre_luiz_nosso_lar__1944_017,1000,935,82,74.03128485229774,0.0074110547469912625,0.5422459893048128,0.8037679425837321,5.365775401069519,11.402439024390244,8.52236620654599,0.3871657754010695,0.4459893048128342,2.4153318077803205,3.5121951219512195,1.0941176470588236
psychographed,andre_luiz,nosso_lar__1944,psychographed_andre_luiz_nosso_lar__1944_018,1000,936,78,89.4194243553218,0.008951506010329539,0.5523504273504274,0.7837873357228196,5.197649572649572,12.0,7.890273142066139,0.3942307692307692,0.4412393162393162,2.4650630011454755,3.4871794871794872,1.1153846153846154
psychographed,andre_luiz,nosso_lar__1944,psychographed_andre_luiz_nosso_lar__1944_019,1000,939,86,92.7957936807675,0.009289472309833761,0.5431309904153354,0.7901904761904762,5.050053248136315,10.918604651162791,6.4811266539209385,0.40042598509052185,0.4536741214057508,2.4396751740139213,3.5,1.1299254526091587
psychographed,andre_luiz,nosso_lar__1944,psychographed_andre_luiz_nosso_lar__1944_020,1000,972,64,96.55116936781317,0.009665060414574088,0.5288065843621399,0.7627835051546391,4.957818930041152,15.1875,9.249788848941364,0.4094650205761317,0.45781893004115226,2.3796498905908097,4.125,1.0946502057613168
psychographed,andre_luiz,nosso_lar__1944,psychographed_andre_luiz_nosso_lar__1944_021,1000,945,75,78.07172251616696,0.007815442561205274,0.5439153439153439,0.8013475177304965,5.256084656084656,12.6,7.704544113703289,0.41798941798941797,0.47195767195767196,2.4233825198637913,3.6,1.1185185185185185
psychographed,andre_luiz,nosso_lar__1944,psychographed_andre_luiz_nosso_lar__1944_022,1000,955,71,109.07595734766042,0.010919029273272087,0.5361256544502618,0.749427570093458,5.397905759162303,13.450704225352112,8.994190194261266,0.43036649214659684,0.47539267015706804,2.586129753914989,3.816901408450704,1.1130890052356022
psychographed,andre_luiz,nosso_lar__1944,psychographed_andre_luiz_nosso_lar__1944_023,1000,953,84,74.34412123200717,0.007442221379632651,0.5718782791185729,0.795784543325527,5.399790136411332,11.345238095238095,9.251118397792633,0.4060860440713536,0.4564533053515215,2.4074914869466517,3.3214285714285716,1.0860440713536201
psychographed,andre_luiz,nosso_lar__1944,psychographed_andre_luiz_nosso_lar__1944_024,1000,953,77,71.15102360800212,0.0071225762078178595,0.559286463798531,0.8146252927400469,5.493179433368311,12.376623376623376,7.709058529004004,0.3955928646379853,0.4438614900314795,2.206047032474804,3.896103896103896,1.0786988457502624
psychographed,andre_luiz,nosso_lar__1944,psychographed_andre_luiz_nosso_lar__1944_025,1000,954,78,74.36414698785649,0.007444217862163179,0.5786163522012578,0.7969473684210527,5.49475890985325,12.23076923076923,8.5528868674418,0.3857442348008386,0.4329140461215933,2.3775280898876403,3.7435897435897436,1.0964360587002095
psychographed,andre_luiz,nosso_lar__1944,psychographed_andre_luiz_nosso_lar__1944_026,1000,949,77,78.59196247838943,0.007867486539239616,0.5616438356164384,0.8008823529411766,5.248682824025289,12.324675324675324,9.124594363432456,0.4088514225500527,0.46048472075869334,2.5857787810383748,3.7142857142857144,1.0969441517386722
psychographed,andre_luiz,nosso_lar__1944,psychographed_andre_luiz_nosso_lar__1944_027,1000,926,85,82.5212600702527,0.008261047224330161,0.5842332613390929,0.8087787182587668,5.331533477321814,10.894117647058824,8.539215461155758,0.38444924406047515,0.43412526997840173,2.443661971830986,3.1882352941176473,1.1360691144708424
psychographed,andre_luiz,nosso_lar__1944,psychographed_andre_luiz_nosso_lar__1944_028,1000,955,79,79.25221348099011,0.007933528708002678,0.5790575916230366,0.8032009345794392,5.468062827225131,12.08860759493671,8.525746373530302,0.381151832460733,0.43664921465968587,2.7020316027088036,3.6835443037974684,1.1015706806282723
psychographed,andre_luiz,nosso_lar__1944,psychographed_andre_luiz_nosso_lar__1944_029,1000,927,88,71.63728909416533,0.007171465117742037,0.5771305285868392,0.8101328502415458,5.272923408845739,10.534090909090908,7.127011460308725,0.39158576051779936,0.43473570658036675,2.43859649122807,3.409090909090909,1.132686084142395
psychographed,andre_luiz,nosso_lar__1944,psychographed_andre_luiz_nosso_lar__1944_030,1000,930,81,82.87663313677882,0.008296584372142552,0.5634408602150538,0.7927436823104693,5.075268817204301,11.481481481481481,7.390536342840231,0.3860215053763441,0.44193548387096776,2.491916859122402,3.567901234567901,1.1204301075268817
psychographed,andre_luiz,nosso_lar__1944,psychographed_andre_luiz_nosso_lar__1944_031,1000,951,84,84.49791630040214,0.00845868614754552,0.5846477392218717,0.7987910798122067,5.2376445846477395,11.321428571428571,7.443694542051961,0.4027339642481598,0.43112513144058884,2.366325369738339,3.488095238095238,1.1093585699263933
psychographed,andre_luiz,nosso_lar__1944,psychographed_andre_luiz_nosso_lar__1944_032,1000,925,82,84.1490138787436,0.008424008424008424,0.5535135135135135,0.7951452784503633,5.198918918918919,11.28048780487805,7.600183550806444,0.40756756756756757,0.43675675675675674,2.397196261682243,3.4390243902439024,1.1297297297297297
psychographed,andre_luiz,nosso_lar__1944,psychographed_andre_luiz_nosso_lar__1944_033,1000,967,58,78.13160030756431,0.007821248188138166,0.5439503619441571,0.794758064516129,5.43329886246122,16.67241379310345,11.100462759900944,0.39193381592554294,0.46018614270941055,2.62882096069869,4.379310344827586,1.1178903826266804
psychographed,andre_luiz,nosso_lar__1944,psychographed_andre_luiz_nosso_lar__1944_034,1000,953,87,68.11207552446629,0.00681836218222861,0.5876180482686254,0.8147892271662762,5.4123819517313745,10.954022988505747,7.708642777476193,0.3945435466946485,0.45120671563483733,2.339794754846066,3.218390804597701,1.098635886673662
psychographed,andre_luiz,nosso_lar__1944,psychographed_andre_luiz_nosso_lar__1944_035,1000,952,79,67.08565779252878,0.006715620001943996,0.5766806722689075,0.8128018757327081,5.232142857142857,12.050632911392405,9.368542480397796,0.4107142857142857,0.4527310924369748,2.400900900900901,3.5316455696202533,1.1092436974789917
psychographed,andre_luiz,nosso_lar__1944,psychographed_andre_luiz_nosso_lar__1944_036,1000,942,81,89.2531137165808,0.008934796293413295,0.5912951167728238,0.7982087781731911,5.384288747346072,11.62962962962963,8.78472923680977,0.3991507430997877,0.43418259023354566,2.493181818181818,3.493827160493827,1.1061571125265393
psychographed,andre_luiz,nosso_lar__1944,psychographed_andre_luiz_nosso_lar__1944_037,1000,948,83,82.83038686820132,0.008291785295781928,0.5654008438818565,0.8069493521790342,5.234177215189874,11.421686746987952,9.018215144018258,0.4229957805907173,0.45358649789029537,2.389830508474576,3.4096385542168677,1.0759493670886076
psychographed,andre_luiz,nosso_lar__1944,psychographed_andre_luiz_nosso_lar__1944_038,1000,972,59,91.38596758624193,0.009148008289786526,0.5318930041152263,0.7847537227949598,5.185185185185185,16.47457627118644,10.230158028839544,0.43209876543209874,0.48662551440329216,2.6121343445287106,4.406779661016949,1.0884773662551441
psychographed,andre_luiz,nosso_lar__1944,psychographed_andre_luiz_nosso_lar__1944_039,1000,977,58,84.50240904152729,0.008458898937866,0.5435005117707267,0.7887357630979499,5.277379733879222,16.844827586206897,11.855162885394659,0.44012282497441146,0.47082906857727735,2.875,3.9310344827586206,1.106448311156602
psychographed,andre_luiz,nosso_lar__1944,psychographed_andre_luiz_nosso_lar__1944_040,1000,956,79,76.70121321405438,0.007678152862056124,0.5711297071129707,0.8020420070011669,5.331589958158996,12.10126582278481,8.634043505707634,0.4006276150627615,0.45292887029288703,2.5896860986547083,3.4050632911392404,1.1056485355648535
psychographed,andre_luiz,nosso_lar__1944,psychographed_andre_luiz_nosso_lar__1944_041,1000,954,76,87.48335377028862,0.008757515162314307,0.5461215932914046,0.7847134502923977,5.1069182389937104,12.552631578947368,9.08497130436349,0.4329140461215933,0.46331236897274636,2.5945945945945947,3.513157894736842,1.1111111111111112
psychographed,andre_luiz,nosso_lar__1944,psychographed_andre_luiz_nosso_lar__1944_042,1000,964,65,89.98209397221122,0.009007553332213045,0.5622406639004149,0.7820462427745665,5.341286307053942,14.830769230769231,11.541989204331262,0.4170124481327801,0.4460580912863071,2.576923076923077,3.6923076923076925,1.0892116182572613
psychographed,andre_luiz,nosso_lar__1944,psychographed_andre_luiz_nosso_lar__1944_043,1000,948,84,86.30205273371433,0.008639318478517548,0.5516877637130801,0.7923085983510013,5.042194092827004,11.285714285714286,9.367587772755167,0.4345991561181435,0.47151898734177217,2.4709236031927024,3.4642857142857144,1.129746835443038
psychographed,andre_luiz,nosso_lar__1944,psychographed_andre_luiz_nosso_lar__1944_044,1000,947,64,86.12759238589265,0.008621863635247393,0.5617740232312566,0.7814150943396225,5.337909186906019,14.796875,8.40048303577687,0.41288278775079196,0.4625131995776135,2.5513392857142856,4.109375,1.0929250263991552
psychographed,andre_luiz,nosso_lar__1944,psychographed_andre_luiz_nosso_lar__1944_045,1000,949,68,86.05364639834954,0.00861444202869554,0.5605900948366702,0.7917058823529413,5.50895679662803,13.955882352941176,10.494303529743862,0.38777660695468913,0.4446786090621707,2.513452914798206,3.926470588235294,1.1085353003161222
psychographed,andre_luiz,nosso_lar__1944,psychographed_andre_luiz_nosso_lar__1944_046,1000,963,61,82.59926738978767,0.008268512941410138,0.5441329179646937,0.7857175925925927,5.3354101765316715,15.78688524590164,11.413415681180705,0.4205607476635514,0.4724818276220145,2.5427631578947367,4.131147540983607,1.0934579439252337
psychographed,andre_luiz,nosso_lar__1944,psychographed_andre_luiz_nosso_lar__1944_047,1000,964,63,75.51953306589074,0.007559795418018554,0.5798755186721992,0.7946242774566474,5.445020746887967,15.301587301587302,9.325906774304222,0.41286307053941906,0.44398340248962653,2.6180021953896815,4.0,1.1172199170124482
psychographed,andre_luiz,nosso_lar__1944,psychographed_andre_luiz_nosso_lar__1944_048,1000,959,77,79.63630867659548,0.007971943634744787,0.5495307612095933,0.7725930232558139,5.24504692387904,12.454545454545455,9.645058561953801,0.41605839416058393,0.4410844629822732,2.5005599104143337,3.675324675324675,1.0959332638164756
psychographed,andre_luiz,nosso_lar__1944,psychographed_andre_luiz_nosso_lar__1944_049,1000,963,74,78.9976805349327,0.007907979870596693,0.5887850467289719,0.8159606481481482,5.283489096573208,13.013513513513514,7.876570187936691,0.40809968847352024,0.44963655244029077,2.4220489977728286,3.7432432432432434,1.1194184839044652
psychographed,andre_luiz,nosso_lar__1944,psychographed_andre_luiz_nosso_lar__1944_050,1000,955,81,82.82667690030426,0.008291349731634232,0.5612565445026177,0.794661214953271,5.169633507853403,11.790123456790123,9.079506226557243,0.4198952879581152,0.46282722513089003,2.437641723356009,3.4444444444444446,1.1089005235602094
psychographed,andre_luiz,nosso_lar__1944,psychographed_andre_luiz_nosso_lar__1944_051,1000,958,76,86.60178433671402,0.0086692277319302,0.5553235908141962,0.7851571594877765,5.146137787056367,12.605263157894736,8.570265222464208,0.4196242171189979,0.477035490605428,2.479236812570146,3.6315789473684212,1.1096033402922756
psychographed,andre_luiz,nosso_lar__1944,psychographed_andre_luiz_nosso_lar__1944_052,1000,932,78,77.08743944445467,0.007717024013129082,0.5482832618025751,0.7998079231692677,5.1781115879828326,11.948717948717949,8.594717274175524,0.3927038626609442,0.44635193133047213,2.4254335260115605,3.4743589743589745,1.1244635193133048
psychographed,andre_luiz,nosso_lar__1944,psychographed_andre_luiz_nosso_lar__1944_053,1000,973,76,88.28291939932124,0.008837374544808598,0.5590955806783144,0.7942906178489703,4.971223021582734,12.802631578947368,8.969274653595706,0.39054470709146966,0.4450154162384378,2.511627906976744,3.5789473684210527,1.1007194244604317
psychographed,andre_luiz,nosso_lar__1944,psychographed_andre_luiz_nosso_lar__1944_054,1000,959,95,77.0702015155255,0.0077150650577650255,0.5526590198123045,0.7995465116279071,5.0573514077163715,10.094736842105263,7.727018467975352,0.4129301355578728,0.4546402502606882,2.4597048808172532,3.136842105263158,1.0792492179353492
psychographed,andre_luiz,nosso_lar__1944,psychographed_andre_luiz_nosso_lar__1944_055,1378,1327,102,93.37116942250368,0.009344158508571825,0.4981160512434062,0.7846498371335504,5.131876412961567,13.009803921568627,9.345749897040035,0.4287867370007536,0.4702336096458176,2.6040160642570283,3.6470588235294117,1.0904295403165034
psychographed,andre_luiz,obreiros_da_vida_eterna__1946,psychographed_andre_luiz_obreiros_da_vida_eterna__1946_000,1000,894,74,75.19681295637334,0.007528101991377129,0.5883668903803132,0.7963899371069181,5.498881431767338,12.08108108108108,12.693642542368437,0.3825503355704698,0.4116331096196868,2.7826603325415675,3.081081081081081,1.0906040268456376
psychographed,andre_luiz,obreiros_da_vida_eterna__1946,psychographed_andre_luiz_obreiros_da_vida_eterna__1946_001,1000,956,73,93.94530908072338,0.009404368113211681,0.5889121338912134,0.7850641773628938,5.310669456066946,13.095890410958905,9.546087749987215,0.39539748953974896,0.4205020920502092,2.5873192436040044,3.6986301369863015,1.0794979079497908
psychographed,andre_luiz,obreiros_da_vida_eterna__1946,psychographed_andre_luiz_obreiros_da_vida_eterna__1946_002,1000,973,56,92.5713694203938,0.009266660745477691,0.578622816032888,0.7850572082379863,5.3319630010277494,17.375,13.361141017357548,0.41109969167523125,0.4552929085303186,2.6244588744588744,4.25,1.0955806783144912
psychographed,andre_luiz,obreiros_da_vida_eterna__1946,psychographed_andre_luiz_obreiros_da_vida_eterna__1946_003,1000,969,47,95.63762499187932,0.00957364241912511,0.5913312693498453,0.7877816091954023,5.435500515995872,20.617021276595743,12.519861992797534,0.4169246646026832,0.44272445820433437,2.6017222820236814,4.76595744680851,1.0815273477812177
psychographed,andre_luiz,obreiros_da_vida_eterna__1946,psychographed_andre_luiz_obreiros_da_vida_eterna__1946_004,1000,957,51,87.76555960644167,0.00878573645851095,0.5496342737722049,0.7836829836829836,5.496342737722048,18.764705882352942,16.121582459297418,0.4440961337513062,0.47962382445141066,2.8947368421052633,4.352941176470588,1.103448275862069
psychographed,andre_luiz,obreiros_da_vida_eterna__1946,psychographed_andre_luiz_obreiros_da_vida_eterna__1946_005,1000,964,51,85.9575420533393,0.008604680222161898,0.6037344398340249,0.8110173410404624,5.608921161825726,18.901960784313726,11.78941848914473,0.41597510373443985,0.4616182572614108,2.6710097719869705,4.686274509803922,1.0943983402489628
psychographed,andre_luiz,obreiros_da_vida_eterna__1946,psychographed_andre_luiz_obreiros_da_vida_eterna__1946_006,1000,976,45,74.53473528621339,0.007461118116855822,0.5973360655737705,0.8172976054732041,5.864754098360656,21.68888888888889,12.992001337955292,0.4026639344262295,0.430327868852459,2.8507462686567164,4.933333333333334,1.0922131147540983
psychographed,andre_luiz,obreiros_da_vida_eterna__1946,psychographed_andre_luiz_obreiros_da_vida_eterna__1946_007,1000,965,48,91.57829740395715,0.009167329563777868,0.6020725388601036,0.7883256351039261,5.466321243523316,20.104166666666668,15.552651948747805,0.41968911917098445,0.44352331606217615,2.857451403887689,4.5,1.1181347150259067
psychographed,andre_luiz,obreiros_da_vida_eterna__1946,psychographed_andre_luiz_obreiros_da_vida_eterna__1946_008,1000,965,51,96.60393567612553,0.009670414722765678,0.5647668393782384,0.7953464203233257,5.289119170984456,18.92156862745098,13.673852444598882,0.4227979274611399,0.45284974093264246,2.787187839305103,4.490196078431373,1.0746113989637305
psychographed,andre_luiz,obreiros_da_vida_eterna__1946,psychographed_andre_luiz_obreiros_da_vida_eterna__1946_009,1000,948,50,107.62164183090317,0.010773528664804246,0.5833333333333334,0.7777502944640753,5.319620253164557,18.96,13.225672005610908,0.4409282700421941,0.4651898734177215,2.6743169398907103,4.24,1.0738396624472575
psychographed,andre_luiz,obreiros_da_vida_eterna__1946,psychographed_andre_luiz_obreiros_da_vida_eterna__1946_010,1000,945,53,93.03210996332689,0.009313066092727109,0.5682539682539682,0.7862647754137116,5.402116402116402,17.830188679245282,13.452552327173587,0.4042328042328042,0.455026455026455,2.951541850220264,4.226415094339623,1.1005291005291005
psychographed,andre_luiz,obreiros_da_vida_eterna__1946,psychographed_andre_luiz_obreiros_da_vida_eterna__1946_011,1000,947,68,88.95985655808539,0.008905389446142374,0.6050686378035903,0.8025943396226415,5.500527983104541,13.926470588235293,10.238790393387454,0.40549102428722283,0.43189017951425557,2.469204927211646,3.8088235294117645,1.1151003167898628
psychographed,andre_luiz,obreiros_da_vida_eterna__1946,psychographed_andre_luiz_obreiros_da_vida_eterna__1946_012,1000,957,55,81.17058598087677,0.008125549245156806,0.5778474399164054,0.8137412587412588,5.554858934169279,17.4,12.47630481425417,0.3981191222570533,0.4284221525600836,2.655286343612335,4.3090909090909095,1.121212121212121
psychographed,andre_luiz,obreiros_da_vida_eterna__1946,psychographed_andre_luiz_obreiros_da_vida_eterna__1946_013,1000,936,75,83.36985901088465,0.008345902463549522,0.6057692307692307,0.810621266427718,5.589743589743589,12.48,9.53360372576918,0.39850427350427353,0.41773504273504275,2.4074914869466517,3.6,1.080128205128205
psychographed,andre_luiz,obreiros_da_vida_eterna__1946,psychographed_andre_luiz_obreiros_da_vida_eterna__1946_014,1000,940,69,90.0181077410593,0.0090113973670496,0.5936170212765958,0.8091200951248514,5.475531914893617,13.623188405797102,10.876249152679884,0.39893617021276595,0.43936170212765957,2.9209932279909707,3.5217391304347827,1.1095744680851063
psychographed,andre_luiz,obreiros_da_vida_eterna__1946,psychographed_andre_luiz_obreiros_da_vida_eterna__1946_015,1000,939,59,81.45433759658667,0.008154117590958944,0.5931842385516507,0.8042380952380952,5.329073482428115,15.915254237288135,11.962211880373822,0.41214057507987223,0.4472843450479233,2.8262331838565022,3.8983050847457625,1.1256656017039404
psychographed,andre_luiz,obreiros_da_vida_eterna__1946,psychographed_andre_luiz_obreiros_da_vida_eterna__1946_016,1000,935,69,78.51525636992766,0.007859931981357853,0.5957219251336898,0.8029066985645933,5.337967914438503,13.55072463768116,9.691676141484608,0.4021390374331551,0.42245989304812837,2.5050847457627117,3.7971014492753623,1.0759358288770053
psychographed,andre_luiz,obreiros_da_vida_eterna__1946,psychographed_andre_luiz_obreiros_da_vida_eterna__1946_017,1000,966,49,89.73847888241623,0.008983147212478143,0.5786749482401656,0.7996309111880046,5.55175983436853,19.714285714285715,17.042563762293415,0.41718426501035194,0.45652173913043476,2.80931744312026,4.489795918367347,1.1066252587991718
psychographed,andre_luiz,obreiros_da_vida_eterna__1946,psychographed_andre_luiz_obreiros_da_vida_eterna__1946_018,1000,954,47,92.66950586518641,0.00927667456404909,0.6079664570230608,0.8041988304093568,5.643605870020965,20.29787234042553,17.27981837672605,0.3951781970649895,0.429769392033543,2.7688937568455643,4.595744680851064,1.1121593291404612
psychographed,andre_luiz,obreiros_da_vida_eterna__1946,psychographed_andre_luiz_obreiros_da_vida_eterna__1946_019,1000,948,76,86.34656127045167,0.008643774032142363,0.6160337552742616,0.8063250883392227,5.612869198312236,12.473684210526315,8.89333529910923,0.3850210970464135,0.4166666666666667,2.4105145413870246,3.8289473684210527,1.0759493670886076
psychographed,andre_luiz,obreiros_da_vida_eterna__1946,psychographed_andre_luiz_obreiros_da_vida_eterna__1946_020,1000,950,57,97.61772853185596,0.009772059231323831,0.5842105263157895,0.7855229142185665,5.46,16.666666666666668,14.697336354130048,0.42210526315789476,0.4494736842105263,2.956858407079646,3.9298245614035086,1.0947368421052632
psychographed,andre_luiz,obreiros_da_vida_eterna__1946,psychographed_andre_luiz_obreiros_da_vida_eterna__1946_021,1000,937,87,108.95601097533057,0.010907241696996233,0.5656350053361793,0.7719331742243435,5.1718249733191035,10.770114942528735,10.829611543988305,0.4183564567769477,0.4503735325506937,2.5763490241102183,3.103448275862069,1.0853788687299892
psychographed,andre_luiz,obreiros_da_vida_eterna__1946,psychographed_andre_luiz_obreiros_da_vida_eterna__1946_022,1000,947,76,78.74586450403598,0.007882910537560472,0.5850052798310454,0.802676886792453,5.344244984160507,12.460526315789474,11.673677981584405,0.3917634635691658,0.4139387539598733,2.6707589285714284,3.486842105263158,1.0781414994720169
psychographed,andre_luiz,obreiros_da_vida_eterna__1946,psychographed_andre_luiz_obreiros_da_vida_eterna__1946_023,1000,943,94,80.8322528335708,0.008091806201916907,0.5980911983032874,0.792440758293839,5.559915164369035,10.03191489361702,7.214719185729068,0.3711558854718982,0.4061505832449629,2.3386727688787183,3.404255319148936,1.0445387062566278
psychographed,andre_luiz,obreiros_da_vida_eterna__1946,psychographed_andre_luiz_obreiros_da_vida_eterna__1946_024,1000,948,82,84.3436771172711,0.00844327411902566,0.6086497890295358,0.8101295641931684,5.437763713080169,11.560975609756097,8.566949482658893,0.39451476793248946,0.41139240506329117,2.447608200455581,3.2439024390243905,1.1181434599156117
psychographed,andre_luiz,obreiros_da_vida_eterna__1946,psychographed_andre_luiz_obreiros_da_vida_eterna__1946_025,1000,941,74,95.40577381106992,0.009550726931512425,0.5717321997874601,0.7907244655581948,5.194473963868226,12.716216216216216,9.917933893206149,0.4399574920297556,0.45589798087141337,2.5774011299435027,3.5,1.0860786397449522
psychographed,andre_luiz,obreiros_da_vida_eterna__1946,psychographed_andre_luiz_obreiros_da_vida_eterna__1946_026,1000,927,64,89.20913875826372,0.00893054769210696,0.5447680690399137,0.7718840579710144,4.998921251348436,14.484375,11.265256582047964,0.4261057173678533,0.45415318230852214,2.5130237825594564,3.859375,1.0776699029126213
psychographed,andre_luiz,obreiros_da_vida_eterna__1946,psychographed_andre_luiz_obreiros_da_vida_eterna__1946_027,1000,940,66,81.4622000905387,0.00815489542972379,0.5925531914893617,0.8062425683709868,5.336170212765958,14.242424242424242,10.827938898503044,0.41914893617021276,0.44574468085106383,2.548314606741573,3.878787878787879,1.0851063829787233
psychographed,andre_luiz,obreiros_da_vida_eterna__1946,psychographed_andre_luiz_obreiros_da_vida_eterna__1946_028,1000,963,59,82.68553294319737,0.008277148464064353,0.5887850467289719,0.792349537037037,5.444444444444445,16.322033898305083,12.95028391543507,0.40290758047767394,0.4392523364485981,3.0,3.847457627118644,1.1142263759086188
psychographed,andre_luiz,obreiros_da_vida_eterna__1946,psychographed_andre_luiz_obreiros_da_vida_eterna__1946_029,1000,972,43,113.33807515791969,0.011345479820133671,0.5864197530864198,0.7741466208476517,5.4300411522633745,22.6046511627907,15.95362397393045,0.45267489711934156,0.4722222222222222,3.0427807486631018,4.837209302325581,1.124485596707819
psychographed,andre_luiz,obreiros_da_vida_eterna__1946,psychographed_andre_luiz_obreiros_da_vida_eterna__1946_030,1000,953,76,83.17468776460044,0.008326205613410107,0.6117523609653726,0.793255269320843,5.55299055613851,12.539473684210526,9.135588002096215,0.41133263378803775,0.42077649527806926,2.462222222222222,3.8026315789473686,1.0524658971668415
psychographed,andre_luiz,obreiros_da_vida_eterna__1946,psychographed_andre_luiz_obreiros_da_vida_eterna__1946_031,1000,939,84,82.70189776584657,0.008279006610035174,0.6112886048988285,0.8067738095238096,5.507987220447284,11.178571428571429,8.372518415975586,0.39403620873269435,0.4185303514376997,2.541095890410959,3.380952380952381,1.0830670926517572
psychographed,andre_luiz,obreiros_da_vida_eterna__1946,psychographed_andre_luiz_obreiros_da_vida_eterna__1946_032,1000,953,52,76.4141293468794,0.007649439628947066,0.5729275970619098,0.8083957845433254,5.520461699895068,18.326923076923077,12.286204198590688,0.4060860440713536,0.440713536201469,2.9255202628696604,4.4423076923076925,1.0839454354669464
psychographed,andre_luiz,obreiros_da_vida_eterna__1946,psychographed_andre_luiz_obreiros_da_vida_eterna__1946_033,1000,956,81,89.48110152133191,0.008957479900983592,0.6098326359832636,0.7989964994165695,5.456066945606694,11.802469135802468,9.043679674309375,0.401673640167364,0.4194560669456067,2.456692913385827,3.6296296296296298,1.0951882845188285
psychographed,andre_luiz,obreiros_da_vida_eterna__1946,psychographed_andre_luiz_obreiros_da_vida_eterna__1946_034,1000,938,70,109.81492173612595,0.010993212015846974,0.5469083155650319,0.7671394517282478,5.267590618336887,13.4,10.889575618124756,0.44562899786780386,0.47547974413646055,2.5367483296213806,3.7142857142857144,1.0437100213219617
psychographed,andre_luiz,obreiros_da_vida_eterna__1946,psychographed_andre_luiz_obreiros_da_vida_eterna__1946_035,1000,940,72,92.46265278406518,0.009256112206285546,0.5585106382978723,0.784625445897741,5.272340425531915,13.055555555555555,9.49252467425595,0.42021276595744683,0.4553191489361702,2.595936794582393,3.6944444444444446,1.077659574468085
psychographed,andre_luiz,obreiros_da_vida_eterna__1946,psychographed_andre_luiz_obreiros_da_vida_eterna__1946_036,1000,955,84,80.65568378059812,0.00807402285225065,0.5884816753926702,0.7954439252336449,5.34869109947644,11.369047619047619,7.12771211857995,0.3968586387434555,0.4261780104712042,2.2728297632468997,3.5595238095238093,1.075392670157068
psychographed,andre_luiz,obreiros_da_vida_eterna__1946,psychographed_andre_luiz_obreiros_da_vida_eterna__1946_037,1000,937,71,81.64297372686279,0.008173019912614363,0.5709711846318036,0.8099880668257756,5.337246531483458,13.19718309859155,10.135170556330639,0.39701173959445035,0.4183564567769477,2.67836919592299,3.7746478873239435,1.1088580576307363
psychographed,andre_luiz,obreiros_da_vida_eterna__1946,psychographed_andre_luiz_obreiros_da_vida_eterna__1946_038,1000,967,58,86.53721731300443,0.008662680035370112,0.5749741468459152,0.7991589861751153,5.553257497414685,16.67241379310345,12.20145261424806,0.40641158221303,0.43950361944157185,2.585792349726776,4.172413793103448,1.1127197518097207
psychographed,andre_luiz,obreiros_da_vida_eterna__1946,psychographed_andre_luiz_obreiros_da_vida_eterna__1946_039,1000,955,72,68.68232778706724,0.006875432184135138,0.6052356020942409,0.8213551401869158,5.596858638743456,13.26388888888889,10.317182345156544,0.4,0.437696335078534,2.4855875831485585,3.763888888888889,1.0795811518324607
psychographed,andre_luiz,obreiros_da_vida_eterna__1946,psychographed_andre_luiz_obreiros_da_vida_eterna__1946_040,1000,967,58,89.3177013097149,0.008941016269823427,0.5966907962771458,0.7927649769585253,5.489141675284385,16.67241379310345,13.17702798765321,0.4043433298862461,0.44777662874870733,2.7288503253796095,4.137931034482759,1.0816959669079629
psychographed,andre_luiz,obreiros_da_vida_eterna__1946,psychographed_andre_luiz_obreiros_da_vida_eterna__1946_041,1000,957,66,89.33787119929158,0.00894313208553578,0.5841170323928945,0.7918764568764569,5.443051201671891,14.5,13.456157765803052,0.400208986415883,0.4346917450365726,2.6559734513274336,3.9696969696969697,1.0794148380355277
psychographed,andre_luiz,obreiros_da_vida_eterna__1946,psychographed_andre_luiz_obreiros_da_vida_eterna__1946_042,1000,941,66,86.50665570463963,0.008659868406177221,0.5961742826780021,0.8054513064133015,5.515409139213602,14.257575757575758,9.363550553691345,0.3942614240170032,0.43783209351753455,2.698092031425365,3.772727272727273,1.051009564293305
psychographed,andre_luiz,obreiros_da_vida_eterna__1946,psychographed_andre_luiz_obreiros_da_vida_eterna__1946_043,1000,928,73,90.29429250891795,0.009039169735520589,0.5625,0.7815440289505428,5.125,12.712328767123287,8.258626792309476,0.4267241379310345,0.4504310344827586,2.585142857142857,3.780821917808219,1.0894396551724137
psychographed,andre_luiz,obreiros_da_vida_eterna__1946,psychographed_andre_luiz_obreiros_da_vida_eterna__1946_044,1000,936,82,76.81806560011688,0.007690022395904749,0.5961538461538461,0.8061648745519713,5.473290598290598,11.414634146341463,7.336762128124891,0.39316239316239315,0.42948717948717946,2.4225512528473803,3.682926829268293,1.0662393162393162
psychographed,andre_luiz,obreiros_da_vida_eterna__1946,psychographed_andre_luiz_obreiros_da_vida_eterna__1946_045,1000,963,65,89.37111333244911,0.008946401469765955,0.5669781931464174,0.7971874999999999,5.542056074766355,14.815384615384616,8.784413307658248,0.40083073727933544,0.4371754932502596,2.507726269315673,4.1692307692307695,1.0903426791277258
psychographed,andre_luiz,obreiros_da_vida_eterna__1946,psychographed_andre_luiz_obreiros_da_vida_eterna__1946_046,1000,959,59,84.18136288560925,0.008426923487191991,0.5849843587069864,0.7914186046511628,5.526590198123045,16.25423728813559,11.4811462552101,0.40250260688216893,0.4369134515119917,2.5153846153846153,4.11864406779661,1.0938477580813348
psychographed,andre_luiz,obreiros_da_vida_eterna__1946,psychographed_andre_luiz_obreiros_da_vida_eterna__1946_047,1000,946,76,72.76660602782832,0.007284360772732866,0.6141649048625792,0.8234002361275089,5.575052854122622,12.447368421052632,10.215306802773583,0.38372093023255816,0.4175475687103594,2.5230078563411897,3.6315789473684212,1.0919661733615222
psychographed,andre_luiz,obreiros_da_vida_eterna__1946,psychographed_andre_luiz_obreiros_da_vida_eterna__1946_048,1000,953,60,107.44222970703879,0.010755508919202518,0.6117523609653726,0.7784192037470726,5.421825813221406,15.883333333333333,11.83369717750496,0.3756558237145855,0.40083945435466944,2.910694597574421,4.066666666666666,1.0954879328436515
psychographed,andre_luiz,obreiros_da_vida_eterna__1946,psychographed_andre_luiz_obreiros_da_vida_eterna__1946_049,1000,948,64,66.47349961722658,0.006654369338662176,0.6234177215189873,0.8144405182567728,5.75,14.8125,10.898501903931567,0.3860759493670886,0.41350210970464135,2.4810267857142856,3.875,1.0812236286919832
psychographed,andre_luiz,obreiros_da_vida_eterna__1946,psychographed_andre_luiz_obreiros_da_vida_eterna__1946_050,1000,944,86,70.58406348750358,0.007065891403202905,0.600635593220339,0.8025207100591716,5.235169491525424,10.976744186046512,8.129728311753802,0.3845338983050847,0.4216101694915254,2.428243398392652,3.395348837209302,1.1207627118644068
psychographed,andre_luiz,obreiros_da_vida_eterna__1946,psychographed_andre_luiz_obreiros_da_vida_eterna__1946_051,1000,960,54,79.92621527777777,0.008000955856795272,0.575,0.7994076655052265,5.473958333333333,17.77777777777778,12.603154611954878,0.4010416666666667,0.4239583333333333,2.723913043478261,4.037037037037037,1.084375
psychographed,andre_luiz,obreiros_da_vida_eterna__1946,psychographed_andre_luiz_obreiros_da_vida_eterna__1946_052,1000,947,61,85.83767558086504,0.008592841308147907,0.5744456177402323,0.7960731132075471,5.616684266103484,15.524590163934427,11.87724999547392,0.4033790918690602,0.44139387539598735,2.881828316610925,4.131147540983607,1.0971488912354805
psychographed,andre_luiz,obreiros_da_vida_eterna__1946,psychographed_andre_luiz_obreiros_da_vida_eterna__1946_053,1000,935,73,79.81926849495267,0.007990472809719566,0.613903743315508,0.8226435406698565,5.428877005347593,12.808219178082192,8.66682785382584,0.38181818181818183,0.4117647058823529,2.5211912943871706,3.643835616438356,1.1336898395721926
psychographed,andre_luiz,obreiros_da_vida_eterna__1946,psychographed_andre_luiz_obreiros_da_vida_eterna__1946_054,1000,930,78,76.70250896057348,0.007678507355579476,0.5860215053763441,0.8098676293622142,5.323655913978494,11.923076923076923,8.94967300759088,0.4043010752688172,0.44623655913978494,2.568312284730195,3.641025641025641,1.1086021505376344
psychographed,andre_luiz,obreiros_da_vida_eterna__1946,psychographed_andre_luiz_obreiros_da_vida_eterna__1946_055,1000,946,73,103.71923174912506,0.010382898754991779,0.5782241014799154,0.7786068476977569,5.211416490486258,12.95890410958904,8.17687744963941,0.4080338266384778,0.4376321353065539,2.5084745762711864,3.671232876712329,1.1088794926004228
psychographed,andre_luiz,obreiros_da_vida_eterna__1946,psychographed_andre_luiz_obreiros_da_vida_eterna__1946_056,1000,930,81,75.38443750722627,0.007546558329571629,0.6,0.805655836341757,5.47741935483871,11.481481481481481,8.927846727398979,0.38924731182795697,0.4268817204301075,2.569620253164557,3.4814814814814814,1.0935483870967742
psychographed,andre_luiz,obreiros_da_vida_eterna__1946,psychographed_andre_luiz_obreiros_da_vida_eterna__1946_057,1000,923,79,95.00791732644387,0.009511096278992158,0.5980498374864572,0.782876213592233,5.349945828819068,11.683544303797468,10.323310606016383,0.40303358613217766,0.4355362946912243,2.5250291036088477,3.5316455696202533,1.0975081256771397
psychographed,andre_luiz,obreiros_da_vida_eterna__1946,psychographed_andre_luiz_obreiros_da_vida_eterna__1946_058,1000,944,65,69.46190031600115,0.006953556086776785,0.5879237288135594,0.8117751479289942,5.475635593220339,14.523076923076923,10.104237789253338,0.4057203389830508,0.4417372881355932,2.699888017917133,3.8461538461538463,1.0889830508474576
psychographed,andre_luiz,obreiros_da_vida_eterna__1946,psychographed_andre_luiz_obreiros_da_vida_eterna__1946_059,1000,945,58,72.06965090562974,0.007214599587480944,0.5925925925925926,0.8115602836879433,5.392592592592592,16.29310344827586,11.00784770326443,0.4042328042328042,0.44126984126984126,2.433001107419712,4.448275862068965,1.0793650793650793
psychographed,andre_luiz,obreiros_da_vida_eterna__1946,psychographed_andre_luiz_obreiros_da_vida_eterna__1946_060,1000,948,69,101.10114119888195,0.010120790058768753,0.5590717299578059,0.7825912838633687,5.237341772151899,13.73913043478261,8.86395105070891,0.4008438818565401,0.4388185654008439,2.447427293064877,3.971014492753623,1.0843881856540085
psychographed,andre_luiz,obreiros_da_vida_eterna__1946,psychographed_andre_luiz_obreiros_da_vida_eterna__1946_061,1000,950,70,84.85318559556787,0.008494259885752316,0.5778947368421052,0.8142185663924796,5.230526315789474,13.571428571428571,8.524873570191824,0.4010526315789474,0.43894736842105264,2.4351230425055927,3.8,1.1
psychographed,andre_luiz,obreiros_da_vida_eterna__1946,psychographed_andre_luiz_obreiros_da_vida_eterna__1946_062,1000,935,81,85.49286510909663,0.008558439922591579,0.5796791443850268,0.7976315789473684,5.367914438502674,11.54320987654321,8.137778661805962,0.4,0.4299465240641711,2.442922374429224,3.567901234567901,1.081283422459893
psychographed,andre_luiz,obreiros_da_vida_eterna__1946,psychographed_andre_luiz_obreiros_da_vida_eterna__1946_063,1000,950,65,94.80332409972299,0.009490322222838445,0.5821052631578948,0.7951233842538191,5.2894736842105265,14.615384615384615,10.085316527876337,0.4094736842105263,0.46,2.4888392857142856,4.030769230769231,1.0894736842105264
psychographed,andre_luiz,obreiros_da_vida_eterna__1946,psychographed_andre_luiz_obreiros_da_vida_eterna__1946_064,1000,937,65,94.90084501844598,0.009500223481013235,0.5859124866595518,0.7956801909307876,5.413020277481324,14.415384615384616,10.001372686851628,0.39701173959445035,0.4279615795090715,2.610798650168729,3.830769230769231,1.071504802561366
psychographed,andre_luiz,obreiros_da_vida_eterna__1946,psychographed_andre_luiz_obreiros_da_vida_eterna__1946_065,1000,935,81,79.63624924933512,0.007972151289949502,0.5946524064171123,0.7958133971291866,5.298395721925134,11.54320987654321,9.1692580616098,0.37967914438502676,0.4192513368983957,2.5378440366972477,3.234567901234568,1.081283422459893
psychographed,andre_luiz,obreiros_da_vida_eterna__1946,psychographed_andre_luiz_obreiros_da_vida_eterna__1946_066,1000,926,90,80.86523704453536,0.008095265892242133,0.5853131749460043,0.8119347037484885,5.393088552915767,10.28888888888889,7.665571580405533,0.3779697624190065,0.43412526997840173,2.431603773584906,3.433333333333333,1.1155507559395248
psychographed,andre_luiz,obreiros_da_vida_eterna__1946,psychographed_andre_luiz_obreiros_da_vida_eterna__1946_067,1000,934,69,95.44268624277245,0.009554498279823093,0.5867237687366167,0.8029101796407186,5.353319057815845,13.53623188405797,11.826744085181463,0.4025695931477516,0.44967880085653106,2.716400911161731,3.6231884057971016,1.1188436830835118
psychographed,andre_luiz,obreiros_da_vida_eterna__1946,psychographed_andre_luiz_obreiros_da_vida_eterna__1946_068,1000,910,108,86.92186933945176,0.008701749295808702,0.5956043956043956,0.8094327990135636,5.47032967032967,8.425925925925926,6.578871488985562,0.3648351648351648,0.4032967032967033,2.387951807228916,2.8703703703703702,1.1274725274725275
psychographed,andre_luiz,obreiros_da_vida_eterna__1946,psychographed_andre_luiz_obreiros_da_vida_eterna__1946_069,1000,954,55,74.6058744160085,0.007468415969871156,0.589098532494759,0.8029590643274853,5.584905660377358,17.345454545454544,12.066811255849556,0.39937106918238996,0.44025157232704404,2.7384615384615385,4.109090909090909,1.0932914046121593
psychographed,andre_luiz,obreiros_da_vida_eterna__1946,psychographed_andre_luiz_obreiros_da_vida_eterna__1946_070,1000,941,70,104.50817126510901,0.01046193501707102,0.5685441020191286,0.7890142517814726,5.370882040382572,13.442857142857143,8.400060738361555,0.41339001062699254,0.463336875664187,2.3945885005636978,3.914285714285714,1.0956429330499469
psychographed,andre_luiz,obreiros_da_vida_eterna__1946,psychographed_andre_luiz_obreiros_da_vida_eterna__1946_071,1000,969,60,107.20360057552976,0.010731434809678548,0.5810113519091847,0.7823678160919539,5.504643962848297,16.15,11.35755989051639,0.4117647058823529,0.43962848297213625,2.5925925925925926,4.45,1.0701754385964912
psychographed,andre_luiz,obreiros_da_vida_eterna__1946,psychographed_andre_luiz_obreiros_da_vida_eterna__1946_072,1000,952,56,92.13244121177883,0.009222932075038217,0.5798319327731093,0.7950644783118406,5.3771008403361344,17.0,11.077648022675469,0.42962184873949577,0.44537815126050423,2.741511500547645,4.125,1.0735294117647058
psychographed,andre_luiz,obreiros_da_vida_eterna__1946,psychographed_andre_luiz_obreiros_da_vida_eterna__1946_073,1000,960,57,100.9765625,0.010108185610010428,0.5739583333333333,0.7835191637630661,5.539583333333334,16.842105263157894,11.117852679337227,0.40208333333333335,0.4427083333333333,2.527114967462039,4.2631578947368425,1.0791666666666666
psychographed,andre_luiz,obreiros_da_vida_eterna__1946,psychographed_andre_luiz_obreiros_da_vida_eterna__1946_074,505,484,47,117.5636910047128,0.011780709409167906,0.5888429752066116,0.7753506493506493,5.068181818181818,10.297872340425531,10.632977392951712,0.3987603305785124,0.45867768595041325,2.690582959641256,2.872340425531915,1.0909090909090908
psychographed,andre_luiz,os_mensageiros__1944,psychographed_andre_luiz_os_mensageiros__1944_000,1000,882,127,117.28652156251768,0.011741965041786673,0.5294784580498866,0.7282375478927203,5.58843537414966,6.94488188976378,10.237577136020576,0.40476190476190477,0.3786848072562358,2.611183355006502,2.125984251968504,1.0941043083900226
psychographed,andre_luiz,os_mensageiros__1944,psychographed_andre_luiz_os_mensageiros__1944_001,1000,963,62,86.48121729322416,0.008657111460849779,0.54932502596054,0.7882060185185185,5.3219106957424716,15.53225806451613,11.685002438935083,0.4132917964693666,0.45482866043613707,2.62363238512035,4.274193548387097,1.0737279335410177
psychographed,andre_luiz,os_mensageiros__1944,psychographed_andre_luiz_os_mensageiros__1944_002,1000,959,77,73.61248084933797,0.007368932059970263,0.5818561001042752,0.8174302325581395,5.531803962460897,12.454545454545455,8.918892037859793,0.3962460896767466,0.4421272158498436,2.4238042269187985,3.6623376623376624,1.0980187695516164
psychographed,andre_luiz,os_mensageiros__1944,psychographed_andre_luiz_os_mensageiros__1944_003,1000,958,79,84.33540648794244,0.008442353125961217,0.5688935281837161,0.7991501746216532,5.592901878914405,12.126582278481013,8.008487726215966,0.3945720250521921,0.4279749478079332,2.483183856502242,3.6202531645569622,1.0991649269311066
psychographed,andre_luiz,os_mensageiros__1944,psychographed_andre_luiz_os_mensageiros__1944_004,1000,948,78,68.23158681835176,0.0068303637068423935,0.5748945147679325,0.8106478209658422,5.550632911392405,12.153846153846153,7.657871638230393,0.39029535864978904,0.43670886075949367,2.4460839954597047,3.6666666666666665,1.0959915611814346
psychographed,andre_luiz,os_mensageiros__1944,psychographed_andre_luiz_os_mensageiros__1944_005,1000,948,77,84.43269419074578,0.008452185226275291,0.5854430379746836,0.7942756183745585,5.581223628691983,12.311688311688311,9.308925671075242,0.39451476793248946,0.4451476793248945,2.4481981981981984,3.4415584415584415,1.0917721518987342
psychographed,andre_luiz,os_mensageiros__1944,psychographed_andre_luiz_os_mensageiros__1944_006,1000,975,58,93.51742274819198,0.009361343652924762,0.5528205128205128,0.774554794520548,5.539487179487179,16.810344827586206,10.27963654354087,0.4246153846153846,0.4348717948717949,2.597826086956522,4.310344827586207,1.1076923076923078
psychographed,andre_luiz,os_mensageiros__1944,psychographed_andre_luiz_os_mensageiros__1944_007,1000,961,67,85.45555542321182,0.008554457162677767,0.5577523413111343,0.7773085846867749,5.481789802289282,14.343283582089553,10.815345977872079,0.41519250780437045,0.4432882414151925,2.6866002214839426,3.626865671641791,1.1144640998959416
psychographed,andre_luiz,os_mensageiros__1944,psychographed_andre_luiz_os_mensageiros__1944_008,1000,957,59,72.17346964401337,0.0072248964905147275,0.5590386624869383,0.8105944055944057,5.446185997910136,16.220338983050848,10.58151217383841,0.42424242424242425,0.4608150470219436,2.5426695842450764,4.203389830508475,1.071055381400209
psychographed,andre_luiz,os_mensageiros__1944,psychographed_andre_luiz_os_mensageiros__1944_009,1000,949,79,76.2601862534019,0.007634062948784641,0.5700737618545838,0.7991764705882353,5.285563751317176,12.012658227848101,7.73041612335027,0.4067439409905163,0.45521601685985247,2.4598870056497173,3.5443037974683542,1.060063224446786
psychographed,andre_luiz,os_mensageiros__1944,psychographed_andre_luiz_os_mensageiros__1944_010,1000,944,70,59.96839988509049,0.006003199309811816,0.573093220338983,0.8265207100591717,5.47457627118644,13.485714285714286,8.932673343474757,0.4279661016949153,0.4766949152542373,2.4932432432432434,3.557142857142857,1.1207627118644068
psychographed,andre_luiz,os_mensageiros__1944,psychographed_andre_luiz_os_mensageiros__1944_011,1000,920,78,72.32986767485822,0.0072408572645124665,0.5652173913043478,0.8139220462850183,5.4021739130434785,11.794871794871796,9.263048972428825,0.41847826086956524,0.47391304347826085,2.4976744186046513,3.2564102564102564,1.1217391304347826
psychographed,andre_luiz,os_mensageiros__1944,psychographed_andre_luiz_os_mensageiros__1944_012,1000,964,75,85.8068903772318,0.008589599410555706,0.5695020746887967,0.7803005780346821,5.423236514522822,12.853333333333333,8.645142502520644,0.40767634854771784,0.4491701244813278,2.5011160714285716,3.7333333333333334,1.120331950207469
psychographed,andre_luiz,os_mensageiros__1944,psychographed_andre_luiz_os_mensageiros__1944_013,1000,961,69,75.66693123383226,0.00757457509538675,0.5504682622268471,0.788445475638051,5.45681581685744,13.927536231884059,9.34572496327957,0.41935483870967744,0.4599375650364204,2.4911504424778763,4.144927536231884,1.0822060353798126
psychographed,andre_luiz,os_mensageiros__1944,psychographed_andre_luiz_os_mensageiros__1944_014,1000,955,82,68.52882322304761,0.006860065637108016,0.612565445026178,0.8232126168224299,5.661780104712042,11.646341463414634,8.510211873232368,0.393717277486911,0.42513089005235605,2.322834645669291,3.4634146341463414,1.0764397905759162
psychographed,andre_luiz,os_mensageiros__1944,psychographed_andre_luiz_os_mensageiros__1944_015,1000,943,65,71.85838837041143,0.007193467116061357,0.5609756097560976,0.8089928909952606,5.274655355249204,14.507692307692308,9.56616324813354,0.4241781548250265,0.46129374337221635,2.4329199549041713,3.953846153846154,1.1092258748674444
psychographed,andre_luiz,os_mensageiros__1944,psychographed_andre_luiz_os_mensageiros__1944_016,1000,963,76,89.974972206317,0.009006850128345456,0.553478712357217,0.8005902777777778,5.514018691588785,12.671052631578947,8.389197561988395,0.3956386292834891,0.4517133956386293,2.3474387527839644,3.9210526315789473,1.0976116303219108
psychographed,andre_luiz,os_mensageiros__1944,psychographed_andre_luiz_os_mensageiros__1944_017,1000,964,84,85.07515366470963,0.008516349754182771,0.5632780082987552,0.7910520231213874,5.369294605809128,11.476190476190476,7.786551578685417,0.4024896265560166,0.4512448132780083,2.2561247216035634,3.5357142857142856,1.0674273858921162
psychographed,andre_luiz,os_mensageiros__1944,psychographed_andre_luiz_os_mensageiros__1944_018,1000,956,85,71.27413735753926,0.0071348769962102125,0.600418410041841,0.8217269544924154,5.423640167364017,11.24705882352941,9.893439159781826,0.3723849372384937,0.4246861924686193,2.510686164229471,3.1882352941176473,1.1161087866108788
psychographed,andre_luiz,os_mensageiros__1944,psychographed_andre_luiz_os_mensageiros__1944_019,1000,955,69,65.59030728324333,0.006565906022588824,0.5832460732984294,0.8186682242990654,5.332984293193717,13.840579710144928,9.401854871580127,0.4094240837696335,0.4481675392670157,2.6057906458797326,3.8550724637681157,1.0994764397905759
psychographed,andre_luiz,os_mensageiros__1944,psychographed_andre_luiz_os_mensageiros__1944_020,1000,944,70,80.43665613329503,0.008052195481424232,0.5667372881355932,0.7957514792899408,5.438559322033898,13.485714285714286,9.212945638987499,0.413135593220339,0.4438559322033898,2.4836158192090396,3.7,1.111228813559322
psychographed,andre_luiz,os_mensageiros__1944,psychographed_andre_luiz_os_mensageiros__1944_021,1000,964,70,74.09910297687712,0.007417604908588738,0.5809128630705395,0.790728323699422,5.3838174273858925,13.771428571428572,9.661664199403786,0.40767634854771784,0.44813278008298757,2.495005549389567,3.8142857142857145,1.1224066390041494
psychographed,andre_luiz,os_mensageiros__1944,psychographed_andre_luiz_os_mensageiros__1944_022,1000,950,67,78.58171745152355,0.007866452221174644,0.5663157894736842,0.8043595769682726,5.476842105263158,14.17910447761194,8.97080733672653,0.41368421052631577,0.46210526315789474,2.557174887892377,4.2835820895522385,1.1210526315789473
psychographed,andre_luiz,os_mensageiros__1944,psychographed_andre_luiz_os_mensageiros__1944_023,1000,943,82,84.88061274176299,0.008497071954934448,0.542948038176034,0.7751658767772512,5.308589607635207,11.5,10.390251059198269,0.4093319194061506,0.4485683987274655,2.6257175660160734,3.402439024390244,1.1474019088016967
psychographed,andre_luiz,os_mensageiros__1944,psychographed_andre_luiz_os_mensageiros__1944_024,1000,941,88,65.07197782899915,0.006514120333732788,0.5451647183846972,0.796353919239905,5.16259298618491,10.693181818181818,6.194495273564657,0.4208289054197662,0.4569606801275239,2.3664739884393065,3.375,1.124335812964931
psychographed,andre_luiz,os_mensageiros__1944,psychographed_andre_luiz_os_mensageiros__1944_025,1000,959,77,74.76505440473382,0.0074843097259018505,0.5828988529718456,0.8044418604651165,5.421272158498436,12.454545454545455,9.352470962535875,0.410844629822732,0.45359749739311783,2.5279017857142856,3.4415584415584415,1.0938477580813348
psychographed,andre_luiz,os_mensageiros__1944,psychographed_andre_luiz_os_mensageiros__1944_026,1000,940,97,76.27885921231326,0.007636009335417941,0.5787234042553191,0.80281807372176,5.334042553191489,9.690721649484535,8.159948484704817,0.39893617021276595,0.42340425531914894,2.3484320557491287,3.3092783505154637,1.124468085106383
psychographed,andre_luiz,os_mensageiros__1944,psychographed_andre_luiz_os_mensageiros__1944_027,1000,957,69,83.24516377699817,0.008333224030814566,0.5705329153605015,0.794020979020979,5.175548589341693,13.869565217391305,11.047870859835474,0.4169278996865204,0.4587251828631139,2.6033333333333335,3.7681159420289854,1.1337513061650992
psychographed,andre_luiz,os_mensageiros__1944,psychographed_andre_luiz_os_mensageiros__1944_028,1000,974,71,79.5002719579709,0.007958197830119595,0.5667351129363449,0.7912228571428572,5.365503080082136,13.71830985915493,10.77579852090518,0.4219712525667351,0.45585215605749485,2.5531215772179627,3.887323943661972,1.1026694045174539
psychographed,andre_luiz,os_mensageiros__1944,psychographed_andre_luiz_os_mensageiros__1944_029,1000,958,62,77.73240179392523,0.007781362687416967,0.5615866388308977,0.7840279394644935,5.346555323590814,15.451612903225806,9.882662269225609,0.42588726513569936,0.4488517745302714,2.5425414364640884,4.064516129032258,1.1075156576200418
psychographed,andre_luiz,os_mensageiros__1944,psychographed_andre_luiz_os_mensageiros__1944_030,1000,954,74,82.42905299983738,0.008251554728420237,0.5524109014675053,0.795309941520468,5.20545073375262,12.891891891891891,9.364348100090258,0.4140461215932914,0.44863731656184486,2.58006718924972,3.554054054054054,1.1132075471698113
psychographed,andre_luiz,os_mensageiros__1944,psychographed_andre_luiz_os_mensageiros__1944_031,1000,948,72,76.91075148213427,0.007699196663681446,0.5622362869198312,0.8098115429917551,5.363924050632911,13.166666666666666,9.239107701023466,0.3924050632911392,0.4282700421940928,2.6132286995515694,3.7083333333333335,1.121308016877637
psychographed,andre_luiz,os_mensageiros__1944,psychographed_andre_luiz_os_mensageiros__1944_032,1000,950,88,78.11634349030471,0.007819865786700683,0.5663157894736842,0.8058871915393654,5.36,10.795454545454545,8.60385628513207,0.3831578947368421,0.44105263157894736,2.440503432494279,3.2954545454545454,1.1147368421052632
psychographed,andre_luiz,os_mensageiros__1944,psychographed_andre_luiz_os_mensageiros__1944_033,1000,958,72,96.80048465618613,0.009690163458790627,0.5615866388308977,0.7749708963911526,5.4102296450939455,13.305555555555555,9.947974233884237,0.407098121085595,0.44363256784968685,2.5470852017937218,3.6527777777777777,1.1242171189979122
psychographed,andre_luiz,os_mensageiros__1944,psychographed_andre_luiz_os_mensageiros__1944_034,1000,960,56,73.28559027777777,0.007336200903719152,0.53125,0.7932752613240418,5.184375,17.142857142857142,12.690587866925759,0.428125,0.48541666666666666,2.6402640264026402,4.339285714285714,1.13125
psychographed,andre_luiz,os_mensageiros__1944,psychographed_andre_luiz_os_mensageiros__1944_035,1000,946,74,73.97342320396551,0.0074051701958678705,0.554968287526427,0.8002951593860685,5.282241014799155,12.783783783783784,8.439402870945042,0.40380549682875266,0.4439746300211416,2.56981981981982,3.7162162162162162,1.1183932346723044
psychographed,andre_luiz,os_mensageiros__1944,psychographed_andre_luiz_os_mensageiros__1944_036,1000,949,95,96.66878007019757,0.009677075135719145,0.49736564805057953,0.7576,4.880927291886196,9.989473684210527,8.691792543412927,0.42781875658587987,0.46153846153846156,2.513729977116705,2.9368421052631577,1.0727081138040042
psychographed,andre_luiz,os_mensageiros__1944,psychographed_andre_luiz_os_mensageiros__1944_037,1000,959,80,83.35498939306129,0.008344199877656135,0.5724713242961418,0.8019302325581394,5.311783107403546,11.9875,9.61833373043377,0.38686131386861317,0.42752867570385816,2.4615384615384617,3.575,1.102189781021898
psychographed,andre_luiz,os_mensageiros__1944,psychographed_andre_luiz_os_mensageiros__1944_038,1000,947,84,80.95369248078465,0.008103926720856561,0.5807814149947201,0.8064622641509436,5.504751847940866,11.273809523809524,7.495000223126827,0.3991552270327349,0.4382259767687434,2.297727272727273,3.642857142857143,1.0791974656810983
psychographed,andre_luiz,os_mensageiros__1944,psychographed_andre_luiz_os_mensageiros__1944_039,1000,969,59,81.79253451421305,0.008187703093416574,0.5459236326109391,0.797528735632184,5.175438596491228,16.423728813559322,13.483452997656691,0.40144478844169246,0.44272445820433437,2.658695652173913,4.084745762711864,1.1166150670794635
psychographed,andre_luiz,os_mensageiros__1944,psychographed_andre_luiz_os_mensageiros__1944_040,1000,979,65,97.22038184927398,0.009731978919267815,0.5107252298263534,0.7712500000000001,5.115423901940756,15.061538461538461,8.76510024178393,0.42390194075587334,0.45556690500510727,2.57328990228013,4.015384615384615,1.111338100102145
psychographed,andre_luiz,os_mensageiros__1944,psychographed_andre_luiz_os_mensageiros__1944_041,1000,945,85,75.31704039640547,0.00753968253968254,0.546031746031746,0.7871867612293144,4.973544973544974,11.117647058823529,9.025990921263253,0.40105820105820106,0.46455026455026455,2.3729792147806004,3.376470588235294,1.1301587301587301
psychographed,andre_luiz,os_mensageiros__1944,psychographed_andre_luiz_os_mensageiros__1944_042,1000,950,85,69.47368421052632,0.006954689146469968,0.5947368421052631,0.8153701527614571,5.45578947368421,11.176470588235293,7.772010824049009,0.38526315789473686,0.43473684210526314,2.4625,3.4941176470588236,1.1231578947368421
psychographed,andre_luiz,os_mensageiros__1944,psychographed_andre_luiz_os_mensageiros__1944_043,1000,952,69,83.21711037356118,0.00833046152214829,0.5651260504201681,0.8012543962485346,5.2594537815126055,13.797101449275363,10.221573817595244,0.40861344537815125,0.4317226890756303,2.466292134831461,3.9565217391304346,1.1239495798319328
psychographed,andre_luiz,os_mensageiros__1944,psychographed_andre_luiz_os_mensageiros__1944_044,1000,936,73,69.03353057199212,0.006910736322501028,0.5534188034188035,0.8002389486260454,5.310897435897436,12.821917808219178,10.552338526450246,0.4198717948717949,0.4497863247863248,2.6860730593607305,3.6986301369863015,1.1185897435897436
psychographed,andre_luiz,os_mensageiros__1944,psychographed_andre_luiz_os_mensageiros__1944_045,1000,949,81,69.08719843748786,0.006916007522908858,0.5806111696522656,0.8162235294117648,5.66491043203372,11.716049382716049,8.833486466738666,0.38461538461538464,0.42571127502634354,2.326923076923077,3.567901234567901,1.1095890410958904
psychographed,andre_luiz,os_mensageiros__1944,psychographed_andre_luiz_os_mensageiros__1944_046,1000,957,71,78.76844326957828,0.007885083703868872,0.5579937304075235,0.7975407925407925,5.312434691745037,13.47887323943662,9.635408811034576,0.3991640543364681,0.4482758620689655,2.6243032329988853,3.6619718309859155,1.121212121212121
psychographed,andre_luiz,os_mensageiros__1944,psychographed_andre_luiz_os_mensageiros__1944_047,1000,970,73,78.86066532043787,0.007894204887598013,0.5556701030927835,0.7907577497129737,5.1948453608247425,13.287671232876713,8.145053885397061,0.4061855670103093,0.4556701030927835,2.425414364640884,3.863013698630137,1.1030927835051547
psychographed,andre_luiz,os_mensageiros__1944,psychographed_andre_luiz_os_mensageiros__1944_048,1000,971,49,86.92876105303014,0.008701837833246627,0.5396498455200824,0.7695986238532111,5.288362512873326,19.816326530612244,14.041735850289172,0.42224510813594235,0.45623069001029865,2.7076591154261056,4.489795918367347,1.0803295571575695
psychographed,andre_luiz,os_mensageiros__1944,psychographed_andre_luiz_os_mensageiros__1944_049,1000,957,76,79.90400164219211,0.007998758323386803,0.587251828631139,0.8128321678321679,5.623824451410658,12.592105263157896,10.730156264593907,0.4012539184952978,0.4284221525600836,2.6065022421524664,3.6052631578947367,1.0992685475444097
psychographed,andre_luiz,os_mensageiros__1944,psychographed_andre_luiz_os_mensageiros__1944_050,1000,946,67,94.19878513737602,0.009429846639148965,0.5591966173361522,0.780318772136954,5.180761099365751,14.119402985074627,11.798712790985725,0.4281183932346723,0.46617336152219874,2.6450892857142856,3.746268656716418,1.0961945031712474
psychographed,andre_luiz,os_mensageiros__1944,psychographed_andre_luiz_os_mensageiros__1944_051,1000,966,62,100.43336805421602,0.010053744408328773,0.5734989648033126,0.7913264129181085,5.365424430641822,15.580645161290322,10.487393949014763,0.43995859213250516,0.4616977225672878,2.564835164835165,4.193548387096774,1.1014492753623188
psychographed,andre_luiz,os_mensageiros__1944,psychographed_andre_luiz_os_mensageiros__1944_052,1000,952,56,72.75704399406821,0.007283354982371497,0.5651260504201681,0.8034114888628372,5.586134453781512,17.0,13.754220131602207,0.40756302521008403,0.453781512605042,2.6843853820598005,4.125,1.1176470588235294
psychographed,andre_luiz,os_mensageiros__1944,psychographed_andre_luiz_os_mensageiros__1944_053,1000,951,71,75.38691354830435,0.007546626819414467,0.573080967402734,0.8004460093896714,5.5467928496319665,13.394366197183098,11.593440196257946,0.40904311251314407,0.4616193480546793,2.792368125701459,3.647887323943662,1.1198738170347002
psychographed,andre_luiz,os_mensageiros__1944,psychographed_andre_luiz_os_mensageiros__1944_054,1000,950,67,74.85872576177286,0.007493760745382952,0.5705263157894737,0.8047826086956522,5.437894736842106,14.17910447761194,10.534839674111499,0.4094736842105263,0.4336842105263158,2.604703247480403,3.8805970149253732,1.1242105263157895
psychographed,andre_luiz,os_mensageiros__1944,psychographed_andre_luiz_os_mensageiros__1944_055,1000,926,70,78.71940439149317,0.007880450645029478,0.5885529157667386,0.7958041112454657,5.428725701943844,13.228571428571428,9.80258191727557,0.3801295896328294,0.408207343412527,2.6288659793814433,3.642857142857143,1.1036717062634989
psychographed,andre_luiz,os_mensageiros__1944,psychographed_andre_luiz_os_mensageiros__1944_056,1000,957,62,76.80305377851589,0.007688339170087835,0.5517241379310345,0.8057226107226108,5.329153605015674,15.435483870967742,9.469170634633446,0.4231974921630094,0.4618599791013584,2.698342541436464,4.064516129032258,1.103448275862069
psychographed,andre_luiz,os_mensageiros__1944,psychographed_andre_luiz_os_mensageiros__1944_057,1000,949,70,78.85845118981658,0.0078941635210059,0.5753424657534246,0.8085176470588236,5.389884088514226,13.557142857142857,9.343654400234438,0.38777660695468913,0.4383561643835616,2.647256438969765,3.857142857142857,1.1095890410958904
psychographed,andre_luiz,os_mensageiros__1944,psychographed_andre_luiz_os_mensageiros__1944_058,984,933,60,95.02704801554069,0.00951290083674887,0.5005359056806002,0.7703836930455635,5.05037513397642,15.55,13.055554373522403,0.4190782422293676,0.4533762057877814,2.5157303370786517,4.083333333333333,1.0814576634512325
psychographed,castro_alves,antologia_dos_imortais__1963,psychographed_castro_alves_antologia_dos_imortais__1963_000,503,467,61,96.5660808202156,0.00967733041696152,0.6659528907922913,0.7971739130434783,4.614561027837259,7.655737704918033,6.411785372960187,0.37259100642398285,0.41541755888650966,2.5762711864406778,2.6557377049180326,1.1948608137044967
psychographed,castro_alves,parnaso_de_além_túmulo__1932,psychographed_castro_alves_parnaso_de_além_túmulo__1932_000,435,413,54,110.57108853308631,0.011083946496156467,0.6295399515738499,0.7611783439490446,4.5157384987893465,7.648148148148148,5.402871004305325,0.41404358353510895,0.4358353510895884,2.747945205479452,2.7962962962962963,1.2009685230024214
psychographed,cruz_e_sousa,antologia_dos_imortais__1963,psychographed_cruz_e_sousa_antologia_dos_imortais__1963_000,1000,940,118,82.4128564961521,0.00825006231164888,0.3351063829787234,0.8123781212841855,5.109574468085106,7.966101694915254,12.479768171595849,0.37446808510638296,0.4297872340425532,3.1670454545454545,1.9406779661016949,1.1617021276595745
psychographed,cruz_e_sousa,antologia_dos_imortais__1963,psychographed_cruz_e_sousa_antologia_dos_imortais__1963_001,718,668,84,83.99368926817024,0.008411961683828744,0.4116766467065868,0.8188752196836555,5.199101796407185,7.9523809523809526,12.118369332688568,0.3532934131736527,0.40718562874251496,3.037037037037037,2.0,1.157185628742515
psychographed,cruz_e_sousa,lira_imortal__1939,psychographed_cruz_e_sousa_lira_imortal__1939_000,437,433,48,103.15271829280651,0.010339149773329911,0.558891454965358,0.7522455089820358,4.819861431870669,9.020833333333334,5.6439111118876495,0.4133949191685912,0.43648960739030024,2.5684754521963824,3.1875,1.1131639722863742
psychographed,cruz_e_sousa,parnaso_de_além_túmulo__1932,psychographed_cruz_e_sousa_parnaso_de_além_túmulo__1932_000,1000,947,81,117.79542801198471,0.011791994749191282,0.5385427666314678,0.7396933962264151,4.156282998944034,11.691358024691358,8.779383784597323,0.44456177402323127,0.45406546990496305,2.824401368301026,3.197530864197531,1.0675818373812038
psychographed,cruz_e_sousa,parnaso_de_além_túmulo__1932,psychographed_cruz_e_sousa_parnaso_de_além_túmulo__1932_001,1000,964,74,98.6768478504158,0.009877931602056161,0.5352697095435685,0.7577572254335261,4.16701244813278,13.027027027027026,9.28668470354482,0.39315352697095435,0.4678423236514523,2.781005586592179,3.4864864864864864,1.133817427385892
psychographed,cruz_e_sousa,parnaso_de_além_túmulo__1932,psychographed_cruz_e_sousa_parnaso_de_além_túmulo__1932_002,742,713,71,87.65286632347762,0.008777597428179712,0.5778401122019635,0.7790553745928339,4.5694249649368865,10.04225352112676,7.833544014240999,0.41514726507713884,0.45582047685834504,2.729357798165138,2.8450704225352115,1.0757363253856942
psychographed,cruz_e_sousa,relicario_de_luz,psychographed_cruz_e_sousa_relicario_de_luz_000,291,291,32,144.7786398365631,0.014527787652565469,0.6082474226804123,0.7381770833333334,4.374570446735395,9.09375,4.564532937497549,0.422680412371134,0.4536082474226804,2.193050193050193,3.1875,1.092783505154639
psychographed,emmanuel,50_anos_depois__1958,psychographed_emmanuel_50_anos_depois__1958_000,1000,828,85,94.6346472496441,0.009474907850387583,0.5676328502415459,0.7830041152263374,3.960144927536232,9.741176470588234,12.118195304559435,0.3961352657004831,0.42632850241545894,3.563731931668857,2.5647058823529414,1.1606280193236715
psychographed,emmanuel,50_anos_depois__1958,psychographed_emmanuel_50_anos_depois__1958_001,1000,831,103,119.09157916534528,0.011923506299566497,0.5944645006016848,0.780191256830601,4.03971119133574,8.067961165048544,7.894033799621066,0.39229843561973526,0.44765342960288806,2.9745649263721554,2.70873786407767,1.1323706377858003
psychographed,emmanuel,50_anos_depois__1958,psychographed_emmanuel_50_anos_depois__1958_002,1000,864,77,69.63198731138546,0.006971267327582507,0.59375,0.8198692810457517,4.707175925925926,11.220779220779221,8.965479795540423,0.3912037037037037,0.4525462962962963,2.8225,3.142857142857143,1.1678240740740742
psychographed,emmanuel,50_anos_depois__1958,psychographed_emmanuel_50_anos_depois__1958_003,1000,872,76,74.01523440787813,0.007410021171489062,0.5974770642201835,0.8085122897800776,4.681192660550459,11.473684210526315,11.908061935435663,0.38990825688073394,0.44724770642201833,3.0358467243510505,3.026315789473684,1.1605504587155964
psychographed,emmanuel,50_anos_depois__1958,psychographed_emmanuel_50_anos_depois__1958_004,1000,907,77,63.964096473708715,0.006403469702169294,0.6052921719955898,0.8326485148514852,4.7982359426681365,11.779220779220779,10.633961005455225,0.3958103638368247,0.4421168687982359,2.963051251489869,3.3506493506493507,1.1190738699007718
psychographed,emmanuel,50_anos_depois__1958,psychographed_emmanuel_50_anos_depois__1958_005,1000,896,78,82.6839524872449,0.008277633679169992,0.5837053571428571,0.8019573400250941,4.790178571428571,11.487179487179487,9.535014541211654,0.4140625,0.46763392857142855,2.6583034647550776,3.2564102564102564,1.0524553571428572
psychographed,emmanuel,50_anos_depois__1958,psychographed_emmanuel_50_anos_depois__1958_006,1000,870,87,73.90672479852029,0.007399177281324815,0.6183908045977011,0.8265629053177691,4.551724137931035,10.0,8.697998184283158,0.3988505747126437,0.44022988505747124,2.8377028714107366,2.9655172413793105,1.106896551724138
psychographed,emmanuel,50_anos_depois__1958,psychographed_emmanuel_50_anos_depois__1958_007,1000,921,64,82.00499622159269,0.008209413208705094,0.5798045602605864,0.7794282238442823,4.612377850162867,14.390625,15.74565137139061,0.3963083604777416,0.4375678610206297,3.033410138248848,3.1875,1.0325732899022801
psychographed,emmanuel,50_anos_depois__1958,psychographed_emmanuel_50_anos_depois__1958_008,1000,883,78,60.177840138824585,0.00602460689825194,0.5843714609286523,0.819311224489796,4.457531143827859,11.320512820512821,9.872902035815507,0.40770101925254815,0.46772366930917325,2.7107843137254903,3.3846153846153846,1.1234428086070216
psychographed,emmanuel,50_anos_depois__1958,psychographed_emmanuel_50_anos_depois__1958_009,1000,906,67,82.74490884902708,0.00828363396875343,0.5298013245033113,0.7762081784386615,4.533112582781457,13.522388059701493,12.124181103542591,0.4602649006622517,0.5121412803532008,2.7345750873108265,3.656716417910448,1.086092715231788
psychographed,emmanuel,50_anos_depois__1958,psychographed_emmanuel_50_anos_depois__1958_010,1000,889,77,70.2752425913015,0.007035438137800343,0.5748031496062992,0.804493670886076,4.4735658042744655,11.545454545454545,10.345392919726072,0.4263217097862767,0.46794150731158607,2.7225572979493364,3.3376623376623376,1.0697412823397074
psychographed,emmanuel,50_anos_depois__1958,psychographed_emmanuel_50_anos_depois__1958_011,1000,884,55,77.08687373313404,0.007717417483588958,0.5690045248868778,0.7992738853503185,4.489819004524887,16.072727272727274,14.511255249826592,0.45475113122171945,0.4841628959276018,2.8595041322314048,3.8363636363636364,1.0633484162895928
psychographed,emmanuel,50_anos_depois__1958,psychographed_emmanuel_50_anos_depois__1958_012,1000,891,67,70.53953930123029,0.007061879721055751,0.5993265993265994,0.8156565656565656,4.730639730639731,13.298507462686567,12.879481454951973,0.4186307519640853,0.45230078563411896,3.191438763376932,3.656716417910448,1.0785634118967453
psychographed,emmanuel,50_anos_depois__1958,psychographed_emmanuel_50_anos_depois__1958_013,1000,893,60,82.66359353388117,0.008275626572394158,0.574468085106383,0.8093198992443326,4.57558790593505,14.883333333333333,14.4003375732037,0.4490481522956327,0.48936170212765956,3.113879003558719,3.3666666666666667,1.1455767077267638
psychographed,emmanuel,50_anos_depois__1958,psychographed_emmanuel_50_anos_depois__1958_014,1000,892,57,84.28180739608679,0.008437639977251337,0.5795964125560538,0.7910214375788146,4.683856502242152,15.649122807017545,13.601459194255172,0.4170403587443946,0.4484304932735426,3.151053864168618,3.7719298245614037,1.0403587443946187
psychographed,emmanuel,50_anos_depois__1958,psychographed_emmanuel_50_anos_depois__1958_015,1000,876,72,87.1802089197473,0.0087279843444227,0.613013698630137,0.8062934362934363,4.575342465753424,12.166666666666666,11.118053386771946,0.4063926940639269,0.4257990867579909,3.090909090909091,3.111111111111111,1.1210045662100456
psychographed,emmanuel,50_anos_depois__1958,psychographed_emmanuel_50_anos_depois__1958_016,1000,859,92,82.66915667973562,0.008276550767819685,0.6018626309662398,0.797671052631579,4.5227008149010475,9.33695652173913,7.870248288875289,0.4051222351571595,0.4458672875436554,3.0114649681528665,3.119565217391304,1.1350407450523865
psychographed,emmanuel,50_anos_depois__1958,psychographed_emmanuel_50_anos_depois__1958_017,1000,854,88,85.31281365005019,0.008541282867191425,0.6147540983606558,0.8026754966887417,4.531615925058548,9.704545454545455,8.468067144102294,0.4016393442622951,0.4449648711943794,2.6556122448979593,3.1704545454545454,1.1241217798594847
psychographed,emmanuel,50_anos_depois__1958,psychographed_emmanuel_50_anos_depois__1958_018,1000,869,67,72.72621335053054,0.00728099993106118,0.5753739930955121,0.818025974025974,4.712313003452244,12.970149253731343,10.99113638720769,0.41657077100115075,0.4614499424626007,2.965474722564735,3.298507462686567,1.095512082853855
psychographed,emmanuel,50_anos_depois__1958,psychographed_emmanuel_50_anos_depois__1958_019,1000,875,75,65.14938775510204,0.0065223929388689116,0.6,0.8247680412371133,4.632,11.666666666666666,14.04310823460707,0.40114285714285713,0.45714285714285713,2.928834355828221,3.066666666666667,1.0845714285714285
psychographed,emmanuel,50_anos_depois__1958,psychographed_emmanuel_50_anos_depois__1958_020,1000,851,86,83.70604293559384,0.008380452063316514,0.5616921269095182,0.8026462765957447,4.047003525264395,9.895348837209303,8.713834322457757,0.4112808460634548,0.46415981198589895,3.0102827763496145,2.9186046511627906,1.1139835487661576
psychographed,emmanuel,50_anos_depois__1958,psychographed_emmanuel_50_anos_depois__1958_021,1000,869,62,83.31998077231214,0.008341597153357055,0.5995397008055235,0.7970519480519481,4.506329113924051,14.016129032258064,14.424991681647816,0.42117376294591485,0.46490218642117376,3.225060827250608,3.370967741935484,1.1162255466052935
psychographed,emmanuel,50_anos_depois__1958,psychographed_emmanuel_50_anos_depois__1958_022,1000,862,84,70.17081088064771,0.007025231008027681,0.5974477958236659,0.8098165137614677,4.412993039443156,10.261904761904763,9.801747958326043,0.39443155452436196,0.45707656612529,3.0831234256926954,3.0238095238095237,1.1241299303944317
psychographed,emmanuel,50_anos_depois__1958,psychographed_emmanuel_50_anos_depois__1958_023,1000,897,73,74.9432332971667,0.007502687529861443,0.5819397993311036,0.7919423558897244,4.453734671125975,12.287671232876713,11.797932779284467,0.42028985507246375,0.47157190635451507,3.0465393794749405,3.4383561643835616,1.129319955406912
psychographed,emmanuel,50_anos_depois__1958,psychographed_emmanuel_50_anos_depois__1958_024,1000,900,54,95.50617283950618,0.009561240884933877,0.5566666666666666,0.7706616729088639,4.407777777777778,16.666666666666668,14.631270419005798,0.4622222222222222,0.4955555555555556,3.365227537922987,3.759259259259259,1.0788888888888888
psychographed,emmanuel,50_anos_depois__1958,psychographed_emmanuel_50_anos_depois__1958_025,1000,870,75,87.09208614083762,0.008719230718357738,0.5770114942528736,0.787237354085603,4.540229885057471,11.6,12.343959386409747,0.435632183908046,0.4666666666666667,3.192069392812887,3.013333333333333,1.132183908045977
psychographed,emmanuel,50_anos_depois__1958,psychographed_emmanuel_50_anos_depois__1958_026,1000,868,83,94.50190065620421,0.009461089938821828,0.5702764976958525,0.7868530559167749,4.476958525345622,10.457831325301205,8.84988762411708,0.41935483870967744,0.46543778801843316,2.94375,3.2771084337349397,1.118663594470046
psychographed,emmanuel,50_anos_depois__1958,psychographed_emmanuel_50_anos_depois__1958_027,1000,902,60,74.23758978569427,0.007431998444694365,0.6097560975609756,0.8216438356164383,4.901330376940133,15.033333333333333,15.767019023546869,0.401330376940133,0.44567627494456763,2.823185011709602,3.5833333333333335,1.0920177383592018
psychographed,emmanuel,50_anos_depois__1958,psychographed_emmanuel_50_anos_depois__1958_028,1000,878,59,82.39890826635396,0.008249286369197122,0.5671981776765376,0.7959820282413351,4.547835990888383,14.88135593220339,13.059297286572313,0.42255125284738043,0.46583143507972663,2.8993939393939394,3.593220338983051,1.112756264236902
psychographed,emmanuel,50_anos_depois__1958,psychographed_emmanuel_50_anos_depois__1958_029,1000,881,69,66.35221300735286,0.006642761324940667,0.5993189557321226,0.8139002557544758,4.62088535754824,12.768115942028986,12.80414892851762,0.40749148694665155,0.4540295119182747,3.063106796116505,3.130434782608696,1.1225879682179343
psychographed,emmanuel,50_anos_depois__1958,psychographed_emmanuel_50_anos_depois__1958_030,1000,882,76,79.46791717442835,0.007955811912354801,0.564625850340136,0.7970114942528735,4.670068027210885,11.605263157894736,10.053905953943866,0.42290249433106575,0.463718820861678,2.571081409477521,3.210526315789474,1.064625850340136
psychographed,emmanuel,50_anos_depois__1958,psychographed_emmanuel_50_anos_depois__1958_031,1000,887,75,71.68559005248046,0.007176649929633202,0.552423900789177,0.8062817258883249,4.620067643742954,11.826666666666666,8.719898062604988,0.4464487034949267,0.49379932356257045,2.6329723225030084,3.3866666666666667,1.0789177001127395
psychographed,emmanuel,50_anos_depois__1958,psychographed_emmanuel_50_anos_depois__1958_032,1000,904,66,64.58512804448273,0.006465665088838581,0.5674778761061947,0.8176770186335404,4.837389380530974,13.696969696969697,12.985971098178146,0.4314159292035398,0.47013274336283184,2.5901639344262297,3.5606060606060606,1.095132743362832
psychographed,emmanuel,50_anos_depois__1958,psychographed_emmanuel_50_anos_depois__1958_033,1000,879,57,79.41592537802161,0.00795063763180877,0.5312855517633674,0.7863333333333332,4.646188850967008,15.421052631578947,11.521067458495104,0.45847554038680316,0.5130830489192264,2.7992831541218637,4.192982456140351,1.0955631399317407
psychographed,emmanuel,50_anos_depois__1958,psychographed_emmanuel_50_anos_depois__1958_034,1000,893,55,82.41279379621768,0.00825051848206529,0.6103023516237402,0.8036649874055416,4.995520716685331,16.236363636363638,11.913267831003512,0.4165733482642777,0.46360582306830905,2.7649122807017545,4.036363636363636,1.051511758118701
psychographed,emmanuel,50_anos_depois__1958,psychographed_emmanuel_50_anos_depois__1958_035,1000,904,72,84.4574751350928,0.008455100500788914,0.5564159292035398,0.7855031055900622,4.9402654867256635,12.555555555555555,9.732375650501224,0.43473451327433627,0.46792035398230086,2.6713947990543736,3.486111111111111,1.038716814159292
psychographed,emmanuel,50_anos_depois__1958,psychographed_emmanuel_50_anos_depois__1958_036,1000,908,53,83.20557356051933,0.00832973106868264,0.5572687224669604,0.7938566131025958,5.01431718061674,17.132075471698112,11.876785245506838,0.43392070484581496,0.46916299559471364,2.7684331797235022,4.245283018867925,1.0671806167400881
psychographed,emmanuel,50_anos_depois__1958,psychographed_emmanuel_50_anos_depois__1958_037,1000,899,59,95.89198726554409,0.009599877121572844,0.5739710789766407,0.7852125000000001,4.82202447163515,15.23728813559322,12.67366010442136,0.43492769744160176,0.4660734149054505,2.697538100820633,3.9491525423728815,1.0200222469410456
psychographed,emmanuel,50_anos_depois__1958,psychographed_emmanuel_50_anos_depois__1958_038,1000,904,75,86.6600751820816,0.008675604425758779,0.5851769911504425,0.7781614906832299,4.78429203539823,12.053333333333333,11.024691479684238,0.4258849557522124,0.4657079646017699,2.779620853080569,3.2,1.051991150442478
psychographed,emmanuel,50_anos_depois__1958,psychographed_emmanuel_50_anos_depois__1958_039,1000,879,58,73.77294241439427,0.007385696626680246,0.5676905574516496,0.8090128205128205,4.766780432309442,15.155172413793103,13.540235983450026,0.4129692832764505,0.4527872582480091,2.8578313253012047,3.689655172413793,1.1046643913538112
psychographed,emmanuel,50_anos_depois__1958,psychographed_emmanuel_50_anos_depois__1958_040,1000,900,63,75.87654320987654,0.007596094425905327,0.5733333333333334,0.8021972534332085,4.618888888888889,14.285714285714286,12.536206068226305,0.4033333333333333,0.46444444444444444,2.937720329024677,3.8095238095238093,1.0822222222222222
psychographed,emmanuel,50_anos_depois__1958,psychographed_emmanuel_50_anos_depois__1958_041,1000,892,64,67.46566389832894,0.006754138293749654,0.5762331838565022,0.8188524590163935,4.6524663677130045,13.9375,11.529683159133212,0.42376681614349776,0.4820627802690583,2.8275862068965516,3.65625,1.108744394618834
psychographed,emmanuel,50_anos_depois__1958,psychographed_emmanuel_50_anos_depois__1958_042,1000,894,68,76.82336631483066,0.007690939472055835,0.569351230425056,0.8010188679245283,4.923937360178971,13.147058823529411,10.551365545695624,0.41834451901565994,0.46756152125279643,2.7538644470868014,3.3970588235294117,1.1051454138702461
psychographed,emmanuel,50_anos_depois__1958,psychographed_emmanuel_50_anos_depois__1958_043,1000,896,73,78.34921077806122,0.007843675179569035,0.5625,0.801279799247177,4.706473214285714,12.273972602739725,8.903224402786481,0.4140625,0.4732142857142857,2.5947556615017877,3.643835616438356,1.0837053571428572
psychographed,emmanuel,50_anos_depois__1958,psychographed_emmanuel_50_anos_depois__1958_044,1000,907,72,70.94155587619993,0.007101985781425313,0.5854465270121278,0.8030445544554455,4.756339581036384,12.597222222222221,10.449162276658862,0.432194046306505,0.4829106945975744,2.5931603773584904,3.486111111111111,1.0848952590959207
psychographed,emmanuel,50_anos_depois__1958,psychographed_emmanuel_50_anos_depois__1958_045,1000,901,62,86.9424896002838,0.008703909236650636,0.5826859045504994,0.7942019950124688,4.624861265260821,14.53225806451613,12.609159167095346,0.4306326304106548,0.46170921198668147,2.7300469483568075,3.4838709677419355,1.0688124306326303
psychographed,emmanuel,50_anos_depois__1958,psychographed_emmanuel_50_anos_depois__1958_046,1000,911,63,70.19945271899374,0.00702765949747289,0.5488474204171241,0.8139285714285716,4.970362239297475,14.46031746031746,10.653005234868683,0.41602634467618005,0.4676180021953897,2.670547147846333,3.6825396825396823,1.0922063666300768
psychographed,emmanuel,50_anos_depois__1958,psychographed_emmanuel_50_anos_depois__1958_047,1000,897,63,81.08286136496112,0.008117335562987736,0.5674470457079153,0.8080576441102756,4.684503901895206,14.238095238095237,11.611043300694913,0.4158305462653289,0.46265328874024525,2.727488151658768,3.8412698412698414,1.1148272017837235
psychographed,emmanuel,50_anos_depois__1958,psychographed_emmanuel_50_anos_depois__1958_048,1000,885,80,72.34191962718248,0.007242375437789197,0.5785310734463277,0.8036259541984734,4.827118644067797,11.0625,8.726889122132812,0.423728813559322,0.4689265536723164,2.3552311435523112,3.2125,1.073446327683616
psychographed,emmanuel,50_anos_depois__1958,psychographed_emmanuel_50_anos_depois__1958_049,1000,865,90,68.45534431487854,0.006853457503746521,0.5687861271676301,0.8225979112271541,4.784971098265896,9.61111111111111,9.094191607155322,0.41734104046242776,0.4508670520231214,2.4785894206549117,3.0,1.0809248554913296
psychographed,emmanuel,50_anos_depois__1958,psychographed_emmanuel_50_anos_depois__1958_050,1000,872,84,84.50993182392054,0.008460695815207659,0.5401376146788991,0.787490297542044,4.636467889908257,10.380952380952381,7.032077458239834,0.43119266055045874,0.4873853211009174,2.5124069478908186,3.0952380952380953,1.0791284403669725
psychographed,emmanuel,50_anos_depois__1958,psychographed_emmanuel_50_anos_depois__1958_051,1000,888,98,68.86109082055027,0.006893872451933332,0.5641891891891891,0.8088719898605831,4.701576576576577,9.061224489795919,8.584295493100736,0.4155405405405405,0.45495495495495497,2.4938875305623474,2.826530612244898,1.1126126126126126
psychographed,emmanuel,50_anos_depois__1958,psychographed_emmanuel_50_anos_depois__1958_052,1000,886,72,63.185035337759686,0.006325643085791534,0.5677200902934537,0.8264930114358323,4.95823927765237,12.305555555555555,9.238564836970815,0.4142212189616253,0.4401805869074492,2.523866348448687,3.5416666666666665,1.0248306997742664
psychographed,emmanuel,50_anos_depois__1958,psychographed_emmanuel_50_anos_depois__1958_053,1000,891,57,68.3981604295858,0.006847501229523701,0.5802469135802469,0.8251893939393938,5.0673400673400675,15.631578947368421,12.21680117052981,0.4186307519640853,0.4478114478114478,2.8372641509433962,3.754385964912281,1.0942760942760943
psychographed,emmanuel,50_anos_depois__1958,psychographed_emmanuel_50_anos_depois__1958_054,1000,923,48,79.3258593145673,0.00794118960383358,0.5677139761646804,0.7981189320388351,4.864572047670639,19.229166666666668,16.244537009065198,0.4106175514626219,0.4626218851570964,3.0011337868480727,4.354166666666667,1.0617551462621886
psychographed,emmanuel,50_anos_depois__1958,psychographed_emmanuel_50_anos_depois__1958_055,1000,884,62,77.3428062488483,0.0077430397195902495,0.5769230769230769,0.797248407643312,4.773755656108597,14.258064516129032,10.702630794871023,0.41402714932126694,0.47398190045248867,2.6145584725536994,3.6451612903225805,1.0938914027149322
psychographed,emmanuel,50_anos_depois__1958,psychographed_emmanuel_50_anos_depois__1958_056,1000,884,71,62.933805614135665,0.006300507832717545,0.5746606334841629,0.8379235668789808,4.77262443438914,12.450704225352112,11.931481298771745,0.4095022624434389,0.4683257918552036,2.743961352657005,3.3098591549295775,1.0599547511312217
psychographed,emmanuel,50_anos_depois__1958,psychographed_emmanuel_50_anos_depois__1958_057,1000,893,67,75.0643614826779,0.007514851435429524,0.6103023516237402,0.8006171284634761,4.771556550951848,13.328358208955224,11.12800428621747,0.37737961926091823,0.42665173572228443,2.850178359096314,3.6417910447761193,1.0638297872340425
psychographed,emmanuel,50_anos_depois__1958,psychographed_emmanuel_50_anos_depois__1958_058,1000,893,64,69.74740704421224,0.00698255992045757,0.593505039193729,0.8186272040302267,4.894736842105263,13.953125,13.042514241294697,0.4076147816349384,0.45128779395296753,2.6392857142857142,3.390625,1.0739081746920494
psychographed,emmanuel,50_anos_depois__1958,psychographed_emmanuel_50_anos_depois__1958_059,1000,871,75,78.90425115436682,0.007899494569592356,0.6016073478760046,0.8185880829015543,4.850746268656716,11.613333333333333,11.875906515106776,0.4133180252583238,0.4580941446613088,3.0012345679012347,3.0533333333333332,1.1469575200918485
psychographed,emmanuel,50_anos_depois__1958,psychographed_emmanuel_50_anos_depois__1958_060,1000,918,55,73.26242043658422,0.007334231402484658,0.5413943355119826,0.7865934065934066,4.880174291938998,16.69090909090909,11.561492082493233,0.42701525054466233,0.4793028322440087,2.9220183486238533,3.9272727272727272,1.0849673202614378
psychographed,emmanuel,50_anos_depois__1958,psychographed_emmanuel_50_anos_depois__1958_061,1000,872,72,76.51397188788822,0.007660181800945871,0.5619266055045872,0.804993531694696,4.685779816513762,12.11111111111111,10.265307750373417,0.43119266055045874,0.4988532110091743,2.6386861313868613,3.236111111111111,1.0837155963302751
psychographed,emmanuel,50_anos_depois__1958,psychographed_emmanuel_50_anos_depois__1958_062,1000,905,68,83.26974146088337,0.008336185400674717,0.5734806629834254,0.7969602977667493,4.538121546961326,13.308823529411764,10.181091691350279,0.4331491712707182,0.4718232044198895,2.8307873090481785,3.5588235294117645,1.0685082872928178
psychographed,emmanuel,50_anos_depois__1958,psychographed_emmanuel_50_anos_depois__1958_063,1000,921,58,76.36980527939583,0.007645281593730822,0.5591748099891423,0.7955961070559611,4.8099891422367,15.879310344827585,12.687324092487906,0.4375678610206297,0.47122692725298587,2.692132269099202,3.9310344827586206,1.0445168295331162
psychographed,emmanuel,50_anos_depois__1958,psychographed_emmanuel_50_anos_depois__1958_064,1000,916,54,85.04795865830171,0.00851409072469993,0.5502183406113537,0.7836964504283965,4.824235807860262,16.962962962962962,12.49587037408902,0.4421397379912664,0.48580786026200873,2.8849658314350797,4.12962962962963,1.0458515283842795
psychographed,emmanuel,50_anos_depois__1958,psychographed_emmanuel_50_anos_depois__1958_065,1000,917,56,86.9080223430203,0.008700290009666989,0.5474372955288986,0.7908435207823961,4.7284623773173395,16.375,10.721411321010201,0.44601962922573607,0.49182115594329334,2.7005714285714286,4.035714285714286,1.04907306434024
psychographed,emmanuel,50_anos_depois__1958,psychographed_emmanuel_50_anos_depois__1958_066,1000,916,54,70.34095459659427,0.007041782995680913,0.5622270742358079,0.7991921664626683,4.7674672489082965,16.962962962962962,14.645139457832725,0.45087336244541487,0.4847161572052402,2.831242873432155,3.7037037037037037,1.0491266375545851
psychographed,emmanuel,50_anos_depois__1958,psychographed_emmanuel_50_anos_depois__1958_067,1000,930,46,84.21782865071107,0.008430848293343519,0.521505376344086,0.7867870036101083,4.790322580645161,20.217391304347824,12.609370296793712,0.46344086021505376,0.489247311827957,2.8078651685393257,4.369565217391305,1.0698924731182795
psychographed,emmanuel,50_anos_depois__1958,psychographed_emmanuel_50_anos_depois__1958_068,1000,910,49,83.00929839391378,0.00831006177540831,0.5461538461538461,0.7779161528976574,4.8901098901098905,18.571428571428573,14.95435231165912,0.45164835164835165,0.4879120879120879,2.733485193621868,4.020408163265306,1.0373626373626375
psychographed,emmanuel,50_anos_depois__1958,psychographed_emmanuel_50_anos_depois__1958_069,1000,892,58,75.23276156769691,0.007531719788819938,0.5717488789237668,0.7982093316519546,4.7040358744394615,15.379310344827585,14.045280942927237,0.40919282511210764,0.46300448430493274,3.092089728453365,3.9655172413793105,1.1154708520179373
psychographed,emmanuel,50_anos_depois__1958,psychographed_emmanuel_50_anos_depois__1958_070,1000,886,70,70.26787397642791,0.007034727270408488,0.5891647855530474,0.8172299872935198,4.951467268623025,12.657142857142857,9.63013976205614,0.40857787810383744,0.4650112866817156,2.572463768115942,3.6,1.074492099322799
psychographed,emmanuel,50_anos_depois__1958,psychographed_emmanuel_50_anos_depois__1958_071,1000,939,55,76.1692190613584,0.0076250422919632785,0.5686900958466453,0.8056428571428571,5.223642172523961,17.072727272727274,14.028353814464534,0.42385516506922255,0.4739084132055378,2.6931690929451286,4.090909090909091,1.0724174653887113
psychographed,emmanuel,50_anos_depois__1958,psychographed_emmanuel_50_anos_depois__1958_072,1000,899,54,78.81702695245366,0.007890479647021808,0.5406006674082313,0.8037125,4.9010011123470525,16.64814814814815,10.715439548557628,0.42491657397107896,0.4671857619577308,2.9047619047619047,4.166666666666667,1.0567296996662958
psychographed,emmanuel,50_anos_depois__1958,psychographed_emmanuel_50_anos_depois__1958_073,1000,934,49,71.39287171750982,0.007146939140852538,0.5685224839400428,0.8024191616766467,4.908993576017131,19.06122448979592,16.656687280299344,0.43897216274089934,0.45289079229122053,2.58082497212932,4.63265306122449,1.044967880085653
psychographed,emmanuel,50_anos_depois__1958,psychographed_emmanuel_50_anos_depois__1958_074,1000,924,51,99.22977455444988,0.009933728243587398,0.5562770562770563,0.7854060606060607,4.7813852813852815,18.11764705882353,14.301579590289784,0.4556277056277056,0.47943722943722944,2.823529411764706,4.137254901960785,1.0367965367965368
psychographed,emmanuel,50_anos_depois__1958,psychographed_emmanuel_50_anos_depois__1958_075,1000,901,70,79.13269384984744,0.007922061906523616,0.5671476137624861,0.7920324189526184,4.817980022197558,12.871428571428572,12.841808315666704,0.41731409544950054,0.4550499445061043,2.7624113475177303,3.357142857142857,1.1009988901220866
psychographed,emmanuel,50_anos_depois__1958,psychographed_emmanuel_50_anos_depois__1958_076,1000,885,67,72.92923489418749,0.007301173402868318,0.5751412429378531,0.8041984732824429,4.937853107344632,13.208955223880597,10.669439288422723,0.415819209039548,0.47344632768361583,2.6742243436754176,3.671641791044776,1.0677966101694916
psychographed,emmanuel,50_anos_depois__1958,psychographed_emmanuel_50_anos_depois__1958_077,1000,899,69,83.0733938710791,0.008316590321837429,0.5583982202447163,0.7894625,4.866518353726363,13.028985507246377,12.860422395403495,0.41824249165739713,0.4560622914349277,2.694935217903416,3.579710144927536,1.07119021134594
psychographed,emmanuel,50_anos_depois__1958,psychographed_emmanuel_50_anos_depois__1958_078,1000,909,63,69.9035800169676,0.006998056633857218,0.5522552255225522,0.8114320987654321,4.924092409240924,14.428571428571429,12.787288189019005,0.42794279427942794,0.47084708470847086,2.6844547563805103,3.6507936507936507,1.045104510451045
psychographed,emmanuel,50_anos_depois__1958,psychographed_emmanuel_50_anos_depois__1958_079,1000,900,60,63.28395061728395,0.006335434433320974,0.5744444444444444,0.8321598002496878,4.973333333333334,15.0,9.991663191547907,0.4,0.44555555555555554,2.7708578143360754,3.8333333333333335,1.0744444444444445
psychographed,emmanuel,50_anos_depois__1958,psychographed_emmanuel_50_anos_depois__1958_080,1000,910,60,77.98575051322304,0.007807154341807807,0.5615384615384615,0.8000493218249074,4.816483516483516,15.166666666666666,12.087413104364206,0.4142857142857143,0.4604395604395604,2.5812064965197217,4.033333333333333,1.0813186813186813
psychographed,emmanuel,50_anos_depois__1958,psychographed_emmanuel_50_anos_depois__1958_081,1000,914,61,91.30998951395506,0.009141000045537232,0.5470459518599562,0.7922822085889571,4.765864332603939,14.98360655737705,11.83006977693581,0.4288840262582057,0.47921225382932164,2.694954128440367,3.6721311475409837,1.0601750547045952
psychographed,emmanuel,50_anos_depois__1958,psychographed_emmanuel_50_anos_depois__1958_082,1000,928,49,81.49245689655173,0.008158036677454154,0.5743534482758621,0.78605548854041,4.975215517241379,18.93877551020408,13.285573214712336,0.42780172413793105,0.46012931034482757,2.9302587176602923,4.26530612244898,1.0786637931034482
psychographed,emmanuel,50_anos_depois__1958,psychographed_emmanuel_50_anos_depois__1958_083,1000,904,54,68.99032813846033,0.00690667293877831,0.5564159292035398,0.8047577639751553,4.977876106194691,16.74074074074074,12.206836556232021,0.4413716814159292,0.48783185840707965,2.6501154734411085,4.055555555555555,1.0575221238938053
psychographed,emmanuel,50_anos_depois__1958,psychographed_emmanuel_50_anos_depois__1958_084,1000,917,67,76.46669179879865,0.007655017071997638,0.5463467829880043,0.7852811735941321,4.786259541984733,13.686567164179104,9.417685736610064,0.4514721919302072,0.5059978189749182,2.5674740484429064,3.7761194029850746,1.074154852780807
psychographed,emmanuel,50_anos_depois__1958,psychographed_emmanuel_50_anos_depois__1958_085,1000,905,60,75.87069991758493,0.007595462768298049,0.5646408839779006,0.7887717121588089,4.732596685082873,15.083333333333334,11.438664937638288,0.43425414364640885,0.46740331491712706,2.525581395348837,4.0,1.0696132596685084
psychographed,emmanuel,50_anos_depois__1958,psychographed_emmanuel_50_anos_depois__1958_086,1000,933,71,78.23189035128532,0.007831583014779956,0.5562700964630225,0.7998441247002397,4.847802786709539,13.140845070422536,9.048065351764413,0.4490889603429796,0.5048231511254019,2.3513203214695753,3.7183098591549295,1.052518756698821
psychographed,emmanuel,50_anos_depois__1958,psychographed_emmanuel_50_anos_depois__1958_087,1000,930,47,72.9564111457972,0.007303494334294015,0.5623655913978495,0.7907460890493382,4.905376344086021,19.78723404255319,13.35909311836788,0.4172043010752688,0.4806451612903226,2.8322072072072073,4.638297872340425,1.0935483870967742
psychographed,emmanuel,50_anos_depois__1958,psychographed_emmanuel_50_anos_depois__1958_088,1000,896,80,74.18885522959184,0.007427174780526736,0.5669642857142857,0.7887327478042662,4.411830357142857,11.2,10.266937225872184,0.41183035714285715,0.45982142857142855,2.6554621848739495,3.075,1.046875
psychographed,emmanuel,50_anos_depois__1958,psychographed_emmanuel_50_anos_depois__1958_089,1000,879,82,83.47990852155141,0.00835749881440133,0.5620022753128555,0.7863846153846153,4.565415244596132,10.71951219512195,8.76839444969608,0.4448236632536974,0.472127417519909,2.45985401459854,3.2804878048780486,1.0614334470989761
psychographed,emmanuel,50_anos_depois__1958,psychographed_emmanuel_50_anos_depois__1958_090,1000,892,84,75.7103500975286,0.007579532243209374,0.5885650224215246,0.8034678436317781,4.2791479820627805,10.619047619047619,9.419969621203622,0.3901345291479821,0.43609865470852016,2.8567931456548346,2.7976190476190474,1.1311659192825112
psychographed,emmanuel,50_anos_depois__1958,psychographed_emmanuel_50_anos_depois__1958_091,1000,875,48,74.42285714285714,0.007450800915331807,0.5862857142857143,0.8157603092783505,4.8742857142857146,18.229166666666668,13.309206687060236,0.4034285714285714,0.45257142857142857,2.895558223289316,4.208333333333333,1.1405714285714286
psychographed,emmanuel,50_anos_depois__1958,psychographed_emmanuel_50_anos_depois__1958_092,1000,884,64,73.9389037898487,0.007402263980773074,0.5588235294117647,0.8129044585987261,4.8088235294117645,13.8125,11.2387096123176,0.4230769230769231,0.4660633484162896,2.6009557945041815,3.59375,1.1233031674208145
psychographed,emmanuel,50_anos_depois__1958,psychographed_emmanuel_50_anos_depois__1958_093,1000,909,79,88.63812673896652,0.008873574582127817,0.5896589658965896,0.79020987654321,4.698569856985698,11.50632911392405,10.920742564961646,0.4367436743674367,0.47414741474147415,2.6827830188679247,3.1645569620253164,1.0352035203520351
psychographed,emmanuel,50_anos_depois__1958,psychographed_emmanuel_50_anos_depois__1958_094,1000,899,65,91.0912013224433,0.009119263918583132,0.5528364849833148,0.7866,4.450500556173526,13.830769230769231,12.044237984989055,0.42157953281423804,0.46162402669632924,2.822274881516588,3.3384615384615386,1.0634037819799778
psychographed,emmanuel,50_anos_depois__1958,psychographed_emmanuel_50_anos_depois__1958_095,1000,905,63,98.28759805866731,0.009839632327775877,0.569060773480663,0.76787841191067,4.622099447513812,14.365079365079366,15.029390874984463,0.43646408839779005,0.4718232044198895,3.0881316098707403,3.4761904761904763,1.1005524861878453
psychographed,emmanuel,50_anos_depois__1958,psychographed_emmanuel_50_anos_depois__1958_096,1000,923,52,84.06803853372757,0.008415921861890515,0.570964247020585,0.7791140776699029,4.971830985915493,17.75,17.83565465361664,0.40736728060671723,0.4507042253521127,2.929384965831435,3.9038461538461537,1.0866738894907908
psychographed,emmanuel,50_anos_depois__1958,psychographed_emmanuel_50_anos_depois__1958_097,1093,998,82,81.92738181774371,0.008200955572127203,0.5561122244488977,0.7810011123470522,4.536072144288577,12.170731707317072,14.556705669635877,0.3997995991983968,0.43987975951903807,3.0032154340836015,3.2804878048780486,1.1132264529058116
psychographed,emmanuel,ave__cristo__1954,psychographed_emmanuel_ave__cristo__1954_000,1000,896,82,80.4916693239796,0.008058160415003991,0.5669642857142857,0.7844416562107904,4.880580357142857,10.926829268292684,13.997195265920745,0.3984375,0.4330357142857143,3.2943305186972256,2.7439024390243905,1.0926339285714286
psychographed,emmanuel,ave__cristo__1954,psychographed_emmanuel_ave__cristo__1954_001,1000,921,58,78.30321807127928,0.007838833026483501,0.5689467969598263,0.7876763990267639,4.998914223669924,15.879310344827585,10.339208243892887,0.43213897937024975,0.48751357220412594,2.6792237442922375,3.9655172413793105,1.0618892508143323
psychographed,emmanuel,ave__cristo__1954,psychographed_emmanuel_ave__cristo__1954_002,1000,899,59,71.73957963427415,0.007181946780758626,0.6017797552836485,0.8235250000000001,5.073414905450501,15.23728813559322,10.259908783172088,0.43492769744160176,0.47163515016685204,2.7741176470588234,4.169491525423729,1.07119021134594
psychographed,emmanuel,ave__cristo__1954,psychographed_emmanuel_ave__cristo__1954_003,1000,912,64,80.62576946752847,0.008071427195871127,0.5767543859649122,0.7940467404674046,5.024122807017544,14.25,10.913008292858574,0.41228070175438597,0.4605263157894737,2.5977011494252875,3.765625,1.0581140350877194
psychographed,emmanuel,ave__cristo__1954,psychographed_emmanuel_ave__cristo__1954_004,1000,917,70,68.09459988179177,0.006816893896463215,0.5932388222464559,0.8145721271393643,4.899672846237732,13.1,10.579157406361407,0.4143947655398037,0.46564885496183206,2.775462962962963,3.3714285714285714,1.0567066521264994
psychographed,emmanuel,ave__cristo__1954,psychographed_emmanuel_ave__cristo__1954_005,1000,922,55,75.92190889370933,0.00760043431053203,0.5824295010845987,0.8075212636695018,5.0271149674620395,16.763636363636362,12.174434668769313,0.42190889370932755,0.46529284164859,2.561503416856492,4.454545454545454,1.0466377440347072
psychographed,emmanuel,ave__cristo__1954,psychographed_emmanuel_ave__cristo__1954_006,1000,918,75,82.18586393647267,0.008227548865177963,0.5816993464052288,0.791074481074481,5.079520697167756,12.24,12.141213558234888,0.41612200435729846,0.44880174291938996,2.8074245939675175,3.4,1.056644880174292
psychographed,emmanuel,ave__cristo__1954,psychographed_emmanuel_ave__cristo__1954_007,1000,911,72,71.18749856914091,0.007126572658954657,0.5697036223929748,0.8043349753694581,4.926454445664105,12.652777777777779,9.404726533655273,0.4281009879253567,0.47859495060373214,2.7038777908343126,3.7777777777777777,1.0965971459934138
psychographed,emmanuel,ave__cristo__1954,psychographed_emmanuel_ave__cristo__1954_008,1000,924,62,76.55403759299863,0.007663697804542875,0.5681818181818182,0.8054545454545454,4.888528138528138,14.903225806451612,9.850019940080283,0.44264069264069267,0.48484848484848486,2.6002304147465436,4.32258064516129,1.0974025974025974
psychographed,emmanuel,ave__cristo__1954,psychographed_emmanuel_ave__cristo__1954_009,1000,916,53,89.1478041990046,0.008924523349321116,0.5676855895196506,0.7951285189718482,4.97707423580786,17.28301886792453,13.301124024698016,0.43013100436681223,0.4606986899563319,2.5240825688073394,4.547169811320755,1.1211790393013101
psychographed,emmanuel,ave__cristo__1954,psychographed_emmanuel_ave__cristo__1954_010,1000,903,71,76.94298198818016,0.0077028284628965285,0.5603543743078627,0.8087562189054727,4.756367663344408,12.71830985915493,9.223642460655958,0.45182724252491696,0.5049833887043189,2.5355450236966823,3.563380281690141,1.1251384274640088
psychographed,emmanuel,ave__cristo__1954,psychographed_emmanuel_ave__cristo__1954_011,1000,923,61,81.86128186738566,0.008195006850715506,0.6013001083423619,0.8046480582524271,5.117009750812568,15.131147540983607,10.075901147244911,0.42036836403033584,0.46153846153846156,2.462857142857143,4.229508196721311,1.0433369447453955
psychographed,emmanuel,ave__cristo__1954,psychographed_emmanuel_ave__cristo__1954_012,1000,914,76,89.80172277578538,0.008990008172734702,0.5842450765864332,0.8059018404907975,5.1236323851203505,12.026315789473685,10.673348120941398,0.39606126914660833,0.4474835886214442,2.41852286049238,3.6578947368421053,1.0448577680525164
psychographed,emmanuel,ave__cristo__1954,psychographed_emmanuel_ave__cristo__1954_013,1000,924,61,86.34583309907985,0.00864393822140301,0.5703463203463204,0.7808,5.014069264069264,15.147540983606557,12.779127533232284,0.41125541125541126,0.44805194805194803,2.802047781569966,3.80327868852459,1.050865800865801
psychographed,emmanuel,ave__cristo__1954,psychographed_emmanuel_ave__cristo__1954_014,1000,900,89,73.4074074074074,0.0073489061920652575,0.5566666666666666,0.8161922596754058,4.638888888888889,10.112359550561798,7.318497731041714,0.4266666666666667,0.4777777777777778,2.4788391777509067,3.269662921348315,1.0666666666666667
psychographed,emmanuel,ave__cristo__1954,psychographed_emmanuel_ave__cristo__1954_015,1000,914,90,74.67117391033713,0.00747529605192203,0.5689277899343544,0.8005153374233129,4.647702407002188,10.155555555555555,9.191676320467716,0.42669584245076586,0.49452954048140046,2.668240850059032,3.1444444444444444,1.049234135667396
psychographed,emmanuel,ave__cristo__1954,psychographed_emmanuel_ave__cristo__1954_016,1000,890,99,92.76606489079661,0.009287041367020134,0.5561797752808989,0.7899494310998735,4.717977528089888,8.98989898989899,8.602906426301285,0.41235955056179774,0.451685393258427,2.4554334554334556,2.909090909090909,1.0775280898876405
psychographed,emmanuel,ave__cristo__1954,psychographed_emmanuel_ave__cristo__1954_017,1000,932,53,89.93534601853045,0.00900319468198393,0.5879828326180258,0.7944177671068428,5.195278969957082,17.58490566037736,11.294403293039302,0.40879828326180256,0.44742489270386265,2.81123595505618,4.245283018867925,1.0815450643776825
psychographed,emmanuel,ave__cristo__1954,psychographed_emmanuel_ave__cristo__1954_018,1000,912,71,88.94563711911357,0.008904327228609394,0.5734649122807017,0.7972078720787208,5.052631578947368,12.845070422535212,10.399956510369448,0.42105263157894735,0.47039473684210525,2.586448598130841,3.6901408450704225,1.0625
psychographed,emmanuel,ave__cristo__1954,psychographed_emmanuel_ave__cristo__1954_019,1000,920,61,85.56238185255198,0.008565548564129251,0.5608695652173913,0.7825213154689403,4.9369565217391305,15.081967213114755,13.618087155302568,0.4358695652173913,0.47608695652173916,2.8595890410958904,3.819672131147541,1.0347826086956522
psychographed,emmanuel,ave__cristo__1954,psychographed_emmanuel_ave__cristo__1954_020,1000,918,65,84.25059687394686,0.008434247320641573,0.5708061002178649,0.8028083028083028,5.0119825708061,14.123076923076923,12.409063303529638,0.4139433551198257,0.4651416122004357,2.8906789413118528,3.723076923076923,1.1067538126361656
psychographed,emmanuel,ave__cristo__1954,psychographed_emmanuel_ave__cristo__1954_021,1000,917,100,75.70559253361621,0.007578824056039963,0.5866957470010905,0.8121515892420539,4.931297709923665,9.17,7.640752580734438,0.4122137404580153,0.4732824427480916,2.430622009569378,3.02,1.0905125408942202
psychographed,emmanuel,ave__cristo__1954,psychographed_emmanuel_ave__cristo__1954_022,1000,906,80,71.95103528597673,0.007203053919237008,0.5993377483443708,0.8070260223048327,4.983443708609271,11.325,7.452809872792946,0.4260485651214128,0.46799116997792495,2.3981042654028437,3.6375,1.0408388520971303
psychographed,emmanuel,ave__cristo__1954,psychographed_emmanuel_ave__cristo__1954_023,1000,893,94,95.88073970874626,0.009598822932725383,0.5543113101903695,0.7735894206549118,4.920492721164614,9.5,8.473676385687721,0.4076147816349384,0.48040313549832026,2.4896719319562575,3.0,1.070548712206047
psychographed,emmanuel,ave__cristo__1954,psychographed_emmanuel_ave__cristo__1954_024,1000,912,67,84.52119883040936,0.008461397731430662,0.5789473684210527,0.785079950799508,4.803728070175438,13.611940298507463,9.546360131360526,0.43201754385964913,0.4769736842105263,2.4688601645123383,3.970149253731343,1.069078947368421
psychographed,emmanuel,ave__cristo__1954,psychographed_emmanuel_ave__cristo__1954_025,1000,916,71,86.1921015998932,0.008628630061803517,0.5687772925764192,0.7817013463892288,4.913755458515284,12.901408450704226,8.83679077808812,0.4268558951965066,0.4781659388646288,2.5301624129930396,3.8028169014084505,1.034934497816594
psychographed,emmanuel,ave__cristo__1954,psychographed_emmanuel_ave__cristo__1954_026,1000,903,73,91.4878300337622,0.00915892577832453,0.5681063122923588,0.7968781094527364,5.022148394241418,12.36986301369863,9.404905233280566,0.4186046511627907,0.4795127353266888,2.5343601895734595,3.6301369863013697,1.052048726467331
psychographed,emmanuel,ave__cristo__1954,psychographed_emmanuel_ave__cristo__1954_027,1000,908,68,87.13539948378583,0.008723146938398846,0.5837004405286343,0.797070457354759,5.102422907488987,13.352941176470589,9.07285010327735,0.4185022026431718,0.4669603524229075,2.572928821470245,3.764705882352941,1.0495594713656389
psychographed,emmanuel,ave__cristo__1954,psychographed_emmanuel_ave__cristo__1954_028,1000,907,108,81.27403060114338,0.008136373703668548,0.5865490628445424,0.800680693069307,5.105843439911797,8.398148148148149,6.667971837260305,0.402425578831312,0.43660418963616315,2.223826714801444,2.9722222222222223,1.054024255788313
psychographed,emmanuel,ave__cristo__1954,psychographed_emmanuel_ave__cristo__1954_029,1000,911,70,84.97194311265771,0.008506531887431997,0.5894621295279913,0.7974507389162563,5.073545554335895,13.014285714285714,9.179935974166483,0.43688254665203075,0.4972557628979144,2.3730994152046785,3.8714285714285714,1.0439077936333698
psychographed,emmanuel,ave__cristo__1954,psychographed_emmanuel_ave__cristo__1954_030,1000,919,72,87.83261363003975,0.008792829185839492,0.5799782372143635,0.8026341463414635,5.065288356909685,12.76388888888889,9.09287427903416,0.42546245919477693,0.4624591947769314,2.7154471544715446,3.5694444444444446,1.0946681175190425
psychographed,emmanuel,ave__cristo__1954,psychographed_emmanuel_ave__cristo__1954_031,1000,925,61,82.41928414901388,0.00825084825084825,0.6108108108108108,0.7999999999999999,5.092972972972973,15.163934426229508,12.27843682028777,0.39135135135135135,0.4335135135135135,2.9578107183580387,3.6557377049180326,1.1005405405405406
psychographed,emmanuel,ave__cristo__1954,psychographed_emmanuel_ave__cristo__1954_032,1000,914,75,102.75366413054408,0.0102866209217215,0.5459518599562363,0.7731288343558281,4.6597374179431075,12.186666666666667,8.200314357117998,0.45842450765864334,0.5054704595185996,2.4518002322880372,3.7333333333333334,1.0218818380743981
psychographed,emmanuel,ave__cristo__1954,psychographed_emmanuel_ave__cristo__1954_033,1000,923,70,88.03550530619336,0.008813098850066862,0.5828819068255688,0.7846723300970873,4.908992416034669,13.185714285714285,8.845164711609966,0.4333694474539545,0.4810400866738895,2.4684270952927667,3.742857142857143,1.039003250270856
psychographed,emmanuel,ave__cristo__1954,psychographed_emmanuel_ave__cristo__1954_034,1000,912,71,79.83225607879348,0.007991988753442333,0.5789473684210527,0.8082656826568264,4.925438596491228,12.845070422535212,9.087443569499811,0.4331140350877193,0.4901315789473684,2.4656577415599537,3.788732394366197,1.043859649122807
psychographed,emmanuel,ave__cristo__1954,psychographed_emmanuel_ave__cristo__1954_035,1000,932,58,92.72136160179778,0.009282095490104784,0.5879828326180258,0.779435774309724,5.134120171673819,16.06896551724138,12.047123091921755,0.4388412017167382,0.47746781115879827,2.6065388951521986,3.896551724137931,1.046137339055794
psychographed,emmanuel,ave__cristo__1954,psychographed_emmanuel_ave__cristo__1954_036,1000,916,83,83.4747621136134,0.008356599136182499,0.5873362445414847,0.797796817625459,5.024017467248909,11.036144578313253,8.814617901541816,0.4104803493449782,0.4606986899563319,2.536556603773585,3.180722891566265,1.0982532751091703
psychographed,emmanuel,ave__cristo__1954,psychographed_emmanuel_ave__cristo__1954_037,1000,923,81,69.20764523804213,0.0069282707759992295,0.600216684723727,0.8154733009708739,4.969664138678223,11.395061728395062,7.974773517192234,0.4160346695557963,0.47020585048754066,2.4250871080139373,3.4444444444444446,1.0465872156013
psychographed,emmanuel,ave__cristo__1954,psychographed_emmanuel_ave__cristo__1954_038,1000,913,77,87.38328800615186,0.008747910301493054,0.556407447973713,0.7872481572481572,5.014238773274918,11.857142857142858,8.935140440635365,0.4315443592552026,0.4589266155531216,2.5507584597432906,3.675324675324675,1.0668127053669223
psychographed,emmanuel,ave__cristo__1954,psychographed_emmanuel_ave__cristo__1954_039,1000,914,55,81.13517421677862,0.008122404078218584,0.6050328227571116,0.8111411042944786,5.289934354485776,16.618181818181817,13.760934044792307,0.41466083150984684,0.4420131291028446,2.759450171821306,4.0181818181818185,1.0820568927789935
psychographed,emmanuel,ave__cristo__1954,psychographed_emmanuel_ave__cristo__1954_040,1000,895,78,87.1882900034331,0.008728581605489108,0.5553072625698324,0.7871482412060302,4.739664804469274,11.474358974358974,10.930695850153974,0.4402234636871508,0.49273743016759775,2.8968824940047964,3.282051282051282,1.0793296089385476
psychographed,emmanuel,ave__cristo__1954,psychographed_emmanuel_ave__cristo__1954_041,1000,911,79,81.35714122187534,0.008144654467376751,0.5784851811196488,0.8014162561576355,5.182217343578485,11.531645569620252,8.593249400941659,0.3907793633369923,0.45554335894621295,2.6502347417840375,3.5949367088607596,1.1163556531284302
psychographed,emmanuel,ave__cristo__1954,psychographed_emmanuel_ave__cristo__1954_042,1000,912,69,79.42347645429363,0.007951065919463863,0.5723684210526315,0.8105043050430505,5.0493421052631575,13.217391304347826,8.623979990460692,0.4243421052631579,0.4682017543859649,2.8343057176196034,3.681159420289855,1.1074561403508771
psychographed,emmanuel,ave__cristo__1954,psychographed_emmanuel_ave__cristo__1954_043,1000,917,80,78.25051820157,0.007833594453148438,0.549618320610687,0.7864669926650367,4.777535441657579,11.4625,7.436302424592481,0.4580152671755725,0.520174482006543,2.423391812865497,3.5,1.0763358778625953
psychographed,emmanuel,ave__cristo__1954,psychographed_emmanuel_ave__cristo__1954_044,1000,912,67,92.5765620190828,0.009267818283359331,0.569078947368421,0.7956088560885608,5.005482456140351,13.611940298507463,10.247613808714453,0.4144736842105263,0.4616228070175439,2.7364787111622553,3.671641791044776,1.0405701754385965
psychographed,emmanuel,ave__cristo__1954,psychographed_emmanuel_ave__cristo__1954_045,1000,913,67,84.31215652213554,0.008440460406218174,0.5826944140197152,0.7877764127764127,5.069003285870756,13.626865671641792,11.232729125587493,0.4085432639649507,0.4665936473165389,2.719257540603248,3.701492537313433,1.0941949616648412
psychographed,emmanuel,ave__cristo__1954,psychographed_emmanuel_ave__cristo__1954_046,1000,916,62,79.42258919547682,0.00795093898394063,0.5720524017467249,0.778421052631579,5.0185589519650655,14.774193548387096,11.237063321507593,0.42467248908296945,0.47707423580786024,2.684757505773672,3.7096774193548385,1.0698689956331877
psychographed,emmanuel,ave__cristo__1954,psychographed_emmanuel_ave__cristo__1954_047,1000,905,85,82.41506669515583,0.008250623380433189,0.5679558011049723,0.7841811414392059,4.900552486187845,10.647058823529411,7.168076093268871,0.41104972375690607,0.47734806629834253,2.5167464114832536,3.2941176470588234,1.112707182320442
psychographed,emmanuel,ave__cristo__1954,psychographed_emmanuel_ave__cristo__1954_048,1000,896,86,84.1537786989796,0.008424780526735834,0.5770089285714286,0.8045545796737766,4.887276785714286,10.418604651162791,8.379744565512373,0.39620535714285715,0.4732142857142857,2.5338983050847457,3.1627906976744184,1.0691964285714286
psychographed,emmanuel,ave__cristo__1954,psychographed_emmanuel_ave__cristo__1954_049,1000,913,81,67.78083158082894,0.006785515266808862,0.5815991237677984,0.8188206388206388,4.88828039430449,11.271604938271604,7.669101619250808,0.384446878422782,0.44687842278203727,2.7080378250591015,3.45679012345679,1.1139101861993428
psychographed,emmanuel,ave__cristo__1954,psychographed_emmanuel_ave__cristo__1954_050,1000,915,66,79.95461196213682,0.008004208965574966,0.5726775956284152,0.7819362745098039,4.903825136612022,13.863636363636363,10.843076779659304,0.42950819672131146,0.492896174863388,2.65,3.757575757575758,1.0524590163934426
psychographed,emmanuel,ave__cristo__1954,psychographed_emmanuel_ave__cristo__1954_051,1000,940,61,83.63512901765505,0.008372419731266852,0.575531914893617,0.7805707491082045,5.068085106382979,15.40983606557377,10.41495936917903,0.4340425531914894,0.5042553191489362,2.8365276211950397,3.9672131147540983,1.0882978723404255
psychographed,emmanuel,ave__cristo__1954,psychographed_emmanuel_ave__cristo__1954_052,1000,924,61,81.87159161185136,0.008196029322789886,0.5584415584415584,0.7940727272727273,4.904761904761905,15.147540983606557,11.72056629523963,0.4491341991341991,0.5054112554112554,2.6892201834862384,3.901639344262295,1.0822510822510822
psychographed,emmanuel,ave__cristo__1954,psychographed_emmanuel_ave__cristo__1954_053,1000,908,77,97.15402976964428,0.009726114556872879,0.5616740088105727,0.7669221260815823,4.738986784140969,11.792207792207792,8.418189431669482,0.45594713656387664,0.5088105726872246,2.49645390070922,3.3896103896103895,1.079295154185022
psychographed,emmanuel,ave__cristo__1954,psychographed_emmanuel_ave__cristo__1954_054,1000,934,59,104.70495990169151,0.010481718386728818,0.5717344753747323,0.7807425149700599,5.018201284796574,15.830508474576272,11.50114591545435,0.4132762312633833,0.4614561027837259,2.695259593679458,4.203389830508475,1.0481798715203425
psychographed,emmanuel,ave__cristo__1954,psychographed_emmanuel_ave__cristo__1954_055,1000,918,60,89.25816756138427,0.00893555047124872,0.5697167755991286,0.7819902319902321,4.85838779956427,15.3,13.270644294833616,0.43899782135076254,0.49019607843137253,2.656716417910448,3.9166666666666665,1.0806100217864925
psychographed,emmanuel,ave__cristo__1954,psychographed_emmanuel_ave__cristo__1954_056,1000,904,85,81.05568172918788,0.008114544438891012,0.5918141592920354,0.8043850931677018,4.961283185840708,10.635294117647058,9.760481013729661,0.42035398230088494,0.4745575221238938,2.5961768219832737,3.376470588235294,1.0962389380530972
psychographed,emmanuel,ave__cristo__1954,psychographed_emmanuel_ave__cristo__1954_057,1000,882,83,80.21349129220849,0.008030453952296015,0.5680272108843537,0.7968454661558109,4.882086167800454,10.626506024096386,8.357538755949184,0.41609977324263037,0.47845804988662133,2.6174661746617467,3.1325301204819276,1.1179138321995465
psychographed,emmanuel,ave__cristo__1954,psychographed_emmanuel_ave__cristo__1954_058,1000,903,101,84.79180386775225,0.008488580808490053,0.584717607973422,0.7965174129353235,4.937984496124031,8.94059405940594,6.827176013576971,0.4186046511627907,0.45957918050941304,2.3575757575757574,2.9603960396039604,1.1018826135105204
psychographed,emmanuel,ave__cristo__1954,psychographed_emmanuel_ave__cristo__1954_059,1000,915,80,86.35671414494311,0.008645119632672095,0.6043715846994535,0.804375,5.157377049180328,11.4375,8.277746900576268,0.41530054644808745,0.4524590163934426,2.4265734265734267,3.525,1.0546448087431695
psychographed,emmanuel,ave__cristo__1954,psychographed_emmanuel_ave__cristo__1954_060,1000,915,75,95.45821015855952,0.00955626502134376,0.5912568306010929,0.792218137254902,5.2098360655737705,12.2,8.345857255748706,0.4098360655737705,0.4546448087431694,2.4573099415204678,3.6133333333333333,1.037158469945355
psychographed,emmanuel,ave__cristo__1954,psychographed_emmanuel_ave__cristo__1954_061,1000,922,73,89.44998376631015,0.00895471064414093,0.561822125813449,0.7872904009720535,4.982646420824295,12.63013698630137,10.09476583391159,0.41431670281995664,0.4718004338394794,2.647607934655776,3.547945205479452,1.06941431670282
psychographed,emmanuel,ave__cristo__1954,psychographed_emmanuel_ave__cristo__1954_062,1000,916,61,100.77992410518488,0.010089006609874246,0.5731441048034934,0.7801958384332927,5.009825327510917,15.01639344262295,10.290042621713397,0.4366812227074236,0.4737991266375546,2.531177829099307,4.180327868852459,1.0327510917030567
psychographed,emmanuel,ave__cristo__1954,psychographed_emmanuel_ave__cristo__1954_063,1000,920,66,84.38090737240076,0.008447272555234897,0.5739130434782609,0.7749573690621194,4.967391304347826,13.93939393939394,9.637173588983737,0.4358695652173913,0.4652173913043478,2.5709342560553634,3.8484848484848486,1.065217391304348
psychographed,emmanuel,ave__cristo__1954,psychographed_emmanuel_ave__cristo__1954_064,1000,913,83,81.72088933249677,0.008181049557079994,0.5870755750273823,0.7995945945945946,4.981380065717415,11.0,8.66094961264474,0.4348302300109529,0.4709748083242059,2.530921820303384,3.5421686746987953,1.0624315443592551
psychographed,emmanuel,ave__cristo__1954,psychographed_emmanuel_ave__cristo__1954_065,1000,904,75,91.89736862714386,0.0091999137584649,0.5973451327433629,0.7882608695652175,5.231194690265487,12.053333333333333,8.764919978084354,0.42035398230088494,0.461283185840708,2.4653937947494033,3.6666666666666665,1.1084070796460177
psychographed,emmanuel,ave__cristo__1954,psychographed_emmanuel_ave__cristo__1954_066,1000,913,81,74.30698598436362,0.007438846294267981,0.5717415115005476,0.7996191646191647,4.930996714129244,11.271604938271604,9.60454155136139,0.42825848849945236,0.4819277108433735,2.566193853427896,3.2962962962962963,1.112814895947426
psychographed,emmanuel,ave__cristo__1954,psychographed_emmanuel_ave__cristo__1954_067,1000,908,81,74.81224165033282,0.007489472482745557,0.5969162995594713,0.8002348578491966,5.057268722466961,11.209876543209877,10.744755883551012,0.42180616740088106,0.4647577092511013,2.593860684769776,3.0,1.0726872246696035
psychographed,emmanuel,ave__cristo__1954,psychographed_emmanuel_ave__cristo__1954_068,1000,887,94,80.37937437799405,0.00804700960195042,0.5963923337091319,0.7992893401015229,5.099210822998873,9.436170212765957,8.28939146527926,0.3979706877113867,0.4532130777903044,2.44228432563791,3.117021276595745,1.0225479143179257
psychographed,emmanuel,ave__cristo__1954,psychographed_emmanuel_ave__cristo__1954_069,1000,893,92,60.141777091701165,0.006020920060862011,0.6047032474804032,0.8142695214105794,5.004479283314669,9.706521739130435,8.279805242771296,0.4008958566629339,0.4568868980963046,2.5297691373025515,3.141304347826087,1.0963045912653975
psychographed,emmanuel,ave__cristo__1954,psychographed_emmanuel_ave__cristo__1954_070,1000,888,88,92.70249979709439,0.00928070121982185,0.5540540540540541,0.783979721166033,4.89527027027027,10.090909090909092,7.386468530723724,0.42342342342342343,0.46734234234234234,2.4133333333333336,3.3181818181818183,1.072072072072072
psychographed,emmanuel,ave__cristo__1954,psychographed_emmanuel_ave__cristo__1954_071,1000,883,88,92.34451172198146,0.009244921071486353,0.5639864099660249,0.8090306122448979,4.8244620611551525,10.034090909090908,8.275715931178022,0.4292185730464326,0.4869762174405436,2.494518879415347,3.159090909090909,1.0668176670441676
psychographed,emmanuel,ave__cristo__1954,psychographed_emmanuel_ave__cristo__1954_072,1000,915,80,106.16023171787751,0.010627638076789707,0.5530054644808743,0.7850490196078431,4.927868852459016,11.4375,8.623867679295643,0.42950819672131146,0.4830601092896175,2.4437939110070257,3.6125,1.0633879781420765
psychographed,emmanuel,ave__cristo__1954,psychographed_emmanuel_ave__cristo__1954_073,1000,927,79,83.94922084556671,0.008403987875144747,0.535059331175836,0.7710386473429952,4.702265372168285,11.734177215189874,9.350704110440018,0.4552319309600863,0.5221143473570659,2.521788990825688,3.4556962025316458,1.0420711974110033
psychographed,emmanuel,ave__cristo__1954,psychographed_emmanuel_ave__cristo__1954_074,1000,906,90,83.11038989518003,0.008320222458014708,0.5684326710816777,0.7876703841387858,4.838852097130243,10.066666666666666,7.794299911545045,0.4249448123620309,0.48344370860927155,2.432657926102503,3.077777777777778,1.0673289183222958
psychographed,emmanuel,ave__cristo__1954,psychographed_emmanuel_ave__cristo__1954_075,1000,916,81,101.08979615186591,0.0101200276803398,0.5589519650655022,0.7864014687882497,4.8373362445414845,11.308641975308642,8.181040978329241,0.41375545851528384,0.46943231441048033,2.429239766081871,3.432098765432099,1.0655021834061136
psychographed,emmanuel,ave__cristo__1954,psychographed_emmanuel_ave__cristo__1954_076,1000,908,89,72.26513225562304,0.007234480715336905,0.5803964757709251,0.8020271940667492,4.959251101321586,10.202247191011235,7.426311824161649,0.4041850220264317,0.4658590308370044,2.5172004744958483,3.258426966292135,1.0550660792951543
psychographed,emmanuel,ave__cristo__1954,psychographed_emmanuel_ave__cristo__1954_077,1000,910,65,92.23523729018234,0.009233670619809233,0.5538461538461539,0.785154130702836,4.821978021978022,14.0,11.250982863048694,0.4307692307692308,0.4857142857142857,2.630232558139535,3.769230769230769,1.0505494505494506
psychographed,emmanuel,ave__cristo__1954,psychographed_emmanuel_ave__cristo__1954_078,1000,912,62,89.4746460449369,0.00895728619022859,0.5756578947368421,0.8130627306273063,5.016447368421052,14.709677419354838,11.683165579604607,0.43530701754385964,0.4824561403508772,2.8060394889663183,4.0,1.0789473684210527
psychographed,emmanuel,ave__cristo__1954,psychographed_emmanuel_ave__cristo__1954_079,1000,913,69,83.01652292731616,0.008310754981649085,0.5651697699890471,0.7835626535626535,5.03723986856517,13.231884057971014,10.592785249823404,0.41621029572836804,0.4600219058050383,2.608342989571263,3.5217391304347827,1.0558598028477546
psychographed,emmanuel,ave__cristo__1954,psychographed_emmanuel_ave__cristo__1954_080,1000,937,57,97.04215069096972,0.009714582820239171,0.5827107790821772,0.7834725536992843,5.115261472785486,16.43859649122807,11.056501689463557,0.41302027748132336,0.44930629669156885,2.677491601343785,4.298245614035087,1.033084311632871
psychographed,emmanuel,ave__cristo__1954,psychographed_emmanuel_ave__cristo__1954_081,1000,932,88,69.99576341431965,0.007007094683366909,0.5665236051502146,0.8064585834333733,4.805793991416309,10.590909090909092,8.436442005905585,0.4184549356223176,0.47854077253218885,2.648491879350348,3.090909090909091,1.1008583690987124
psychographed,emmanuel,ave__cristo__1954,psychographed_emmanuel_ave__cristo__1954_082,1000,901,76,98.22604308198684,0.009833518312985571,0.5427302996670367,0.7824563591022443,4.675915649278579,11.855263157894736,8.504958224731743,0.4594894561598224,0.5105438401775805,2.418632075471698,3.526315789473684,0.9988901220865705
psychographed,emmanuel,ave__cristo__1954,psychographed_emmanuel_ave__cristo__1954_083,1000,904,82,91.28553528075808,0.009138662668195494,0.5276548672566371,0.78855900621118,4.837389380530974,11.024390243902438,9.753017806582461,0.4413716814159292,0.4811946902654867,2.6982035928143713,3.182926829268293,1.116150442477876
psychographed,emmanuel,ave__cristo__1954,psychographed_emmanuel_ave__cristo__1954_084,1000,925,64,105.7472607742878,0.010586170586170587,0.5675675675675675,0.7935956416464891,4.948108108108108,14.453125,11.52297933411212,0.42486486486486486,0.4594594594594595,2.617142857142857,3.8125,1.0627027027027027
psychographed,emmanuel,ave__cristo__1954,psychographed_emmanuel_ave__cristo__1954_085,1000,927,61,92.70023471801836,0.009280034296285423,0.5544768069039914,0.7632125603864734,4.859762675296656,15.19672131147541,10.476859234242674,0.43905070118662354,0.4886731391585761,2.5575826681870013,3.9836065573770494,1.0711974110032363
psychographed,emmanuel,ave__cristo__1954,psychographed_emmanuel_ave__cristo__1954_086,1000,942,51,110.98038685364743,0.011109832562819966,0.5520169851380042,0.7718742586002373,4.925690021231422,18.470588235294116,13.097452141357714,0.44904458598726116,0.5021231422505308,2.710467706013363,4.509803921568627,1.070063694267516
psychographed,emmanuel,ave__cristo__1954,psychographed_emmanuel_ave__cristo__1954_087,1000,922,53,92.5555592153246,0.009265605385073756,0.5639913232104121,0.7888942891859052,5.078091106290673,17.39622641509434,12.631705576051752,0.43058568329718006,0.47396963123644253,2.8329545454545455,4.245283018867925,1.0607375271149675
psychographed,emmanuel,ave__cristo__1954,psychographed_emmanuel_ave__cristo__1954_088,1000,897,80,90.45387262633155,0.009055482560917344,0.5518394648829431,0.7874060150375941,4.6700111482720175,11.2125,7.941495057607226,0.43924191750278707,0.49944258639910816,2.597590361445783,3.475,1.0746934225195095
psychographed,emmanuel,ave__cristo__1954,psychographed_emmanuel_ave__cristo__1954_089,1000,919,59,85.67764791412343,0.00857709786852717,0.5745375408052231,0.7795243902439025,4.818280739934711,15.576271186440678,14.510315897728816,0.4178454842219804,0.4896626768226333,2.694508009153318,3.8813559322033897,1.0446137105549511
psychographed,emmanuel,ave__cristo__1954,psychographed_emmanuel_ave__cristo__1954_090,1000,905,65,89.39898049510089,0.008949787317263971,0.5580110497237569,0.7862779156327544,4.954696132596685,13.923076923076923,8.879202480312662,0.42099447513812155,0.4585635359116022,2.3810623556581985,4.015384615384615,1.0044198895027625
psychographed,emmanuel,ave__cristo__1954,psychographed_emmanuel_ave__cristo__1954_091,1000,920,88,88.6578449905482,0.008875431707432465,0.5543478260869565,0.7798416565164433,4.758695652173913,10.454545454545455,6.452464453265989,0.43369565217391304,0.5010869565217392,2.2823803967327887,3.4886363636363638,1.0282608695652173
psychographed,emmanuel,ave__cristo__1954,psychographed_emmanuel_ave__cristo__1954_092,1000,920,90,81.59262759924385,0.008168141174244217,0.566304347826087,0.808721071863581,5.01304347826087,10.222222222222221,8.62268040019753,0.40869565217391307,0.4652173913043478,2.4905882352941178,3.2111111111111112,1.0739130434782609
psychographed,emmanuel,ave__cristo__1954,psychographed_emmanuel_ave__cristo__1954_093,1000,935,65,89.77093997540679,0.008986705447216846,0.5946524064171123,0.7924880382775119,5.178609625668449,14.384615384615385,9.156237567392655,0.4032085561497326,0.4502673796791444,2.483031674208145,3.830769230769231,1.0577540106951873
psychographed,emmanuel,ave__cristo__1954,psychographed_emmanuel_ave__cristo__1954_094,1000,916,91,82.25911023817243,0.00823490109050994,0.5818777292576419,0.8031089351285191,4.861353711790393,10.065934065934066,8.430455253180131,0.435589519650655,0.47925764192139736,2.4638196915776986,3.120879120879121,1.0633187772925765
psychographed,emmanuel,ave__cristo__1954,psychographed_emmanuel_ave__cristo__1954_095,1000,914,62,69.73938108394103,0.006981576594821698,0.6083150984682714,0.8186134969325153,5.145514223194748,14.741935483870968,11.236368779578052,0.3971553610503282,0.4223194748358862,2.6826137689614935,4.016129032258065,1.1280087527352298
psychographed,emmanuel,ave__cristo__1954,psychographed_emmanuel_ave__cristo__1954_096,1000,915,68,80.59959986861358,0.008068778323827288,0.5814207650273224,0.8047058823529412,4.936612021857924,13.455882352941176,10.612747362224093,0.42950819672131146,0.47650273224043715,2.7300115874855155,3.75,1.0666666666666667
psychographed,emmanuel,ave__cristo__1954,psychographed_emmanuel_ave__cristo__1954_097,1477,1369,102,85.72369182796996,0.008578635534538807,0.537618699780862,0.788007874015748,4.745799853907962,13.42156862745098,12.410018307889517,0.41490138787436087,0.4631117604090577,3.0657894736842106,3.4313725490196076,1.1008035062089117
psychographed,emmanuel,fonte_viva__1944,psychographed_emmanuel_fonte_viva__1944_000,1000,589,54,66.7587145200204,0.006687224974879595,0.5500848896434635,0.7898163265306122,5.441426146010187,10.907407407407407,8.699230529017045,0.2869269949066214,0.3463497453310696,4.94659300184162,2.9074074074074074,1.5602716468590832
psychographed,emmanuel,fonte_viva__1944,psychographed_emmanuel_fonte_viva__1944_001,1000,966,76,93.25343243787748,0.009335006811916026,0.531055900621118,0.7506343713956172,4.940993788819876,12.710526315789474,9.179232552305638,0.4616977225672878,0.515527950310559,2.3940066592674807,3.5657894736842106,1.1014492753623188
psychographed,emmanuel,fonte_viva__1944,psychographed_emmanuel_fonte_viva__1944_002,1000,949,67,73.70633610222507,0.007378408540191096,0.5395152792413066,0.7706588235294118,5.134878819810327,14.164179104477611,14.260473516792684,0.43940990516332984,0.4815595363540569,2.7123745819397995,3.537313432835821,1.1043203371970496
psychographed,emmanuel,fonte_viva__1944,psychographed_emmanuel_fonte_viva__1944_003,1000,945,69,98.56386999244143,0.00986682808716707,0.5396825396825397,0.7513947990543736,4.823280423280424,13.695652173913043,9.814665672137213,0.4634920634920635,0.5100529100529101,2.6128668171557563,3.710144927536232,1.1153439153439153
psychographed,emmanuel,fonte_viva__1944,psychographed_emmanuel_fonte_viva__1944_004,1000,956,73,98.2782164177798,0.009838112554491884,0.5648535564853556,0.7723103850641774,5.21652719665272,13.095890410958905,10.80609212189561,0.4476987447698745,0.4769874476987448,2.4411111111111112,3.9863013698630136,1.0910041841004183
psychographed,emmanuel,fonte_viva__1944,psychographed_emmanuel_fonte_viva__1944_005,1000,960,91,99.82638888888889,0.009993048314216197,0.509375,0.740952380952381,4.98125,10.54945054945055,8.355117844985708,0.415625,0.4864583333333333,2.334090909090909,3.065934065934066,1.0885416666666667
psychographed,emmanuel,fonte_viva__1944,psychographed_emmanuel_fonte_viva__1944_006,1000,963,72,103.45396492658263,0.01035615054306643,0.5212876427829699,0.7518171296296295,4.91588785046729,13.375,11.36079699375591,0.46417445482866043,0.5036344755970924,2.454646017699115,3.611111111111111,1.0799584631360333
psychographed,emmanuel,fonte_viva__1944,psychographed_emmanuel_fonte_viva__1944_007,1000,960,61,94.85677083333333,0.009495568300312826,0.525,0.7493960511033682,4.863541666666666,15.737704918032787,13.157185457339587,0.4791666666666667,0.5104166666666666,2.5411635565312842,3.9836065573770494,1.0864583333333333
psychographed,emmanuel,fonte_viva__1944,psychographed_emmanuel_fonte_viva__1944_008,1000,954,65,96.40529339117211,0.009650645319536012,0.5167714884696016,0.7413216374269006,4.952830188679245,14.676923076923076,12.448178973782214,0.46016771488469604,0.48532494758909855,2.651111111111111,3.923076923076923,1.0838574423480083
psychographed,emmanuel,fonte_viva__1944,psychographed_emmanuel_fonte_viva__1944_009,1000,955,73,94.6684575532469,0.009476769073726497,0.5455497382198953,0.7711915887850467,4.954973821989529,13.082191780821917,9.925411450230708,0.44502617801047123,0.4942408376963351,2.5585284280936453,3.5753424657534247,1.086910994764398
psychographed,emmanuel,fonte_viva__1944,psychographed_emmanuel_fonte_viva__1944_010,1000,956,66,98.4532833808932,0.009855637582422397,0.5523012552301255,0.7545974329054843,4.892259414225942,14.484848484848484,10.455160280559772,0.45502092050209203,0.5052301255230126,2.5220264317180616,3.984848484848485,1.0815899581589958
psychographed,emmanuel,fonte_viva__1944,psychographed_emmanuel_fonte_viva__1944_011,1000,967,69,90.02351647811064,0.009011670852415424,0.5449844881075491,0.7678917050691244,5.002068252326784,14.014492753623188,11.163466234368675,0.4332988624612203,0.4891416752843847,2.558726673984632,3.898550724637681,1.1044467425025852
psychographed,emmanuel,fonte_viva__1944,psychographed_emmanuel_fonte_viva__1944_012,1000,960,74,87.56510416666667,0.008765641293013555,0.5270833333333333,0.7637166085946573,5.007291666666666,12.972972972972974,10.191375491300226,0.44479166666666664,0.5052083333333334,2.6273637374860956,3.5675675675675675,1.1177083333333333
psychographed,emmanuel,fonte_viva__1944,psychographed_emmanuel_fonte_viva__1944_013,1000,972,72,96.46649392877102,0.00965658415023331,0.5195473251028807,0.7716723940435282,4.816872427983539,13.5,13.316656236958787,0.4763374485596708,0.49691358024691357,2.748633879781421,3.7083333333333335,1.0915637860082306
psychographed,emmanuel,fonte_viva__1944,psychographed_emmanuel_fonte_viva__1944_014,1000,960,66,105.46875,0.010557872784150156,0.53125,0.7517886178861788,4.935416666666667,14.545454545454545,10.380900028391036,0.478125,0.5114583333333333,2.3189845474613686,4.242424242424242,1.0697916666666667
psychographed,emmanuel,fonte_viva__1944,psychographed_emmanuel_fonte_viva__1944_015,1000,968,61,98.63141178881224,0.009873340911227534,0.5134297520661157,0.7738319907940161,5.105371900826446,15.868852459016393,13.709486257232546,0.44731404958677684,0.5041322314049587,2.703056768558952,3.9836065573770494,1.078512396694215
psychographed,emmanuel,fonte_viva__1944,psychographed_emmanuel_fonte_viva__1944_016,1000,973,61,100.2610039409377,0.010036415312194688,0.5282631038026722,0.7553089244851259,5.028776978417266,15.950819672131148,14.6292164772408,0.47173689619732784,0.5005138746145941,2.575135135135135,3.8688524590163933,1.079136690647482
psychographed,emmanuel,fonte_viva__1944,psychographed_emmanuel_fonte_viva__1944_017,1000,972,72,100.86961675896289,0.010097349895953855,0.5102880658436214,0.7479954180985109,4.882716049382716,13.5,12.99038105676658,0.4691358024691358,0.5041152263374485,2.692982456140351,3.763888888888889,1.087448559670782
psychographed,emmanuel,fonte_viva__1944,psychographed_emmanuel_fonte_viva__1944_018,1000,972,70,93.22765838540873,0.009332367039198484,0.5390946502057613,0.7531958762886598,5.13477366255144,13.885714285714286,10.981208438760746,0.41975308641975306,0.47530864197530864,2.664113785557987,3.8285714285714287,1.1111111111111112
psychographed,emmanuel,fonte_viva__1944,psychographed_emmanuel_fonte_viva__1944_019,1000,957,59,94.46972153706561,0.009456853923741819,0.5005224660397074,0.7596037296037296,4.926854754440962,16.220338983050848,11.685233034541124,0.4723092998955068,0.5193312434691745,2.7289617486338797,4.135593220338983,1.0856844305120168
psychographed,emmanuel,fonte_viva__1944,psychographed_emmanuel_fonte_viva__1944_020,1000,967,56,108.82386596356069,0.010893652006911303,0.5191313340227508,0.7581451612903225,4.902792140641158,17.267857142857142,13.96870363070421,0.4622543950361944,0.4932781799379524,2.6200873362445414,4.142857142857143,1.09100310237849
psychographed,emmanuel,fonte_viva__1944,psychographed_emmanuel_fonte_viva__1944_021,1000,956,73,107.4035818700653,0.010751604635369888,0.5062761506276151,0.7504550758459743,4.7845188284518825,13.095890410958905,9.610445777526907,0.47175732217573224,0.50418410041841,2.627212389380531,3.712328767123288,1.0721757322175731
psychographed,emmanuel,fonte_viva__1944,psychographed_emmanuel_fonte_viva__1944_022,1000,967,77,99.92631717408717,0.010002976056660694,0.5201654601861427,0.7500691244239631,4.761116856256463,12.558441558441558,9.319012135502856,0.4767321613236815,0.5149948293691831,2.4961411245865492,3.4545454545454546,1.0713547052740435
psychographed,emmanuel,fonte_viva__1944,psychographed_emmanuel_fonte_viva__1944_023,1000,956,66,85.03877733232962,0.008512782317246817,0.5219665271966527,0.7855659276546091,5.069037656903766,14.484848484848484,10.253221850246707,0.4581589958158996,0.4811715481171548,2.608888888888889,3.787878787878788,1.112970711297071
psychographed,emmanuel,fonte_viva__1944,psychographed_emmanuel_fonte_viva__1944_024,1000,958,75,93.48808626182766,0.009358577496220575,0.5407098121085595,0.7596158323632131,5.0741127348643005,12.773333333333333,10.746253093779037,0.44258872651356995,0.46450939457202506,2.510520487264673,3.506666666666667,1.0876826722338204
psychographed,emmanuel,fonte_viva__1944,psychographed_emmanuel_fonte_viva__1944_025,1000,968,70,85.52609111399495,0.008561453588246858,0.5485537190082644,0.7792059838895282,5.079545454545454,13.82857142857143,9.818308595347235,0.43285123966942146,0.484504132231405,2.4917491749174916,3.7142857142857144,1.0981404958677685
psychographed,emmanuel,fonte_viva__1944,psychographed_emmanuel_fonte_viva__1944_026,1000,969,58,79.85422184733977,0.00799367158781738,0.5490196078431373,0.7795632183908047,4.984520123839009,16.70689655172414,13.078026610455463,0.4582043343653251,0.49226006191950467,2.6435536294691224,4.120689655172414,1.1001031991744066
psychographed,emmanuel,fonte_viva__1944,psychographed_emmanuel_fonte_viva__1944_027,1000,956,71,92.01957248647608,0.009211592805976035,0.5188284518828452,0.7634772462077012,5.043933054393306,13.464788732394366,12.9840975171803,0.446652719665272,0.48640167364016734,2.608647450110865,3.6619718309859155,1.0815899581589958
psychographed,emmanuel,fonte_viva__1944,psychographed_emmanuel_fonte_viva__1944_028,1000,978,59,86.0443039298096,0.008613237384171319,0.5347648261758691,0.782844141069397,5.127811860940695,16.576271186440678,13.512333838274067,0.4284253578732106,0.4734151329243354,2.698704103671706,4.0508474576271185,1.1104294478527608
psychographed,emmanuel,fonte_viva__1944,psychographed_emmanuel_fonte_viva__1944_029,1000,967,72,92.88955382856605,0.009298571278698072,0.5274043433298863,0.7634216589861751,5.126163391933816,13.430555555555555,12.944138944892833,0.4332988624612203,0.47466390899689764,2.6222466960352424,3.5694444444444446,1.0713547052740435
psychographed,emmanuel,fonte_viva__1944,psychographed_emmanuel_fonte_viva__1944_030,1000,967,70,84.09894673127371,0.008418600568234128,0.5367114788004137,0.7781451612903226,5.132368148914168,13.814285714285715,13.823678296048886,0.43950361944157185,0.4932781799379524,2.6883259911894273,3.5285714285714285,1.0992761116856256
psychographed,emmanuel,fonte_viva__1944,psychographed_emmanuel_fonte_viva__1944_031,1000,953,71,93.65685651650666,0.009375523556746939,0.5267576075550892,0.7642037470725995,5.033578174186778,13.422535211267606,8.484720271154853,0.4491080797481637,0.5057712486883525,2.5027808676307006,3.7183098591549295,1.0650577124868836
psychographed,emmanuel,fonte_viva__1944,psychographed_emmanuel_fonte_viva__1944_032,1000,947,87,80.35155757803501,0.008043649579957627,0.5417106652587117,0.7733844339622642,5.095036958817317,10.885057471264368,8.751256444906248,0.43611404435058077,0.47729672650475186,2.439273552780931,3.425287356321839,1.0823653643083422
psychographed,emmanuel,fonte_viva__1944,psychographed_emmanuel_fonte_viva__1944_033,1000,966,64,97.13274093506338,0.009723339662515153,0.5093167701863354,0.7514071510957324,4.901656314699793,15.09375,11.242662537739893,0.4648033126293996,0.5020703933747412,2.4227820372398687,4.28125,1.0848861283643891
psychographed,emmanuel,fonte_viva__1944,psychographed_emmanuel_fonte_viva__1944_034,1000,955,74,92.629039774129,0.009272613520366162,0.5256544502617801,0.7584228971962618,4.827225130890052,12.905405405405405,10.569165912165904,0.44397905759162304,0.4900523560209424,2.4033519553072624,3.7162162162162162,1.0712041884816754
psychographed,emmanuel,fonte_viva__1944,psychographed_emmanuel_fonte_viva__1944_035,1000,953,65,90.4857802554258,0.009058082834392939,0.5057712486883525,0.7525878220140516,4.814270724029381,14.661538461538461,11.564237875153559,0.4963273871983211,0.5320041972717734,2.6245847176079735,3.9846153846153847,1.0818467995802727
psychographed,emmanuel,fonte_viva__1944,psychographed_emmanuel_fonte_viva__1944_036,1000,952,84,89.81533789986582,0.008990978094707915,0.5525210084033614,0.7708909730363424,5.065126050420168,11.333333333333334,9.000440906307674,0.4275210084033613,0.4737394957983193,2.5480225988700567,3.1547619047619047,1.088235294117647
psychographed,emmanuel,fonte_viva__1944,psychographed_emmanuel_fonte_viva__1944_037,1000,949,84,112.08071054773424,0.011219893914535843,0.5015806111696522,0.7386588235294118,4.8134878819810325,11.297619047619047,9.491574913104028,0.46259220231822973,0.49736564805057953,2.3670454545454547,3.4642857142857144,1.0800842992623814
psychographed,emmanuel,fonte_viva__1944,psychographed_emmanuel_fonte_viva__1944_038,1000,960,65,80.72916666666667,0.00808133472367049,0.5229166666666667,0.7618815331010453,5.00625,14.76923076923077,9.345948082571942,0.4322916666666667,0.4822916666666667,2.4746696035242293,3.9692307692307693,1.103125
psychographed,emmanuel,fonte_viva__1944,psychographed_emmanuel_fonte_viva__1944_039,1000,965,72,90.91250771832802,0.009100681529894869,0.5202072538860104,0.745877598152425,4.909844559585492,13.402777777777779,11.649582398598175,0.47875647668393784,0.5046632124352332,2.5993377483443707,3.4722222222222223,1.0974093264248705
psychographed,emmanuel,fonte_viva__1944,psychographed_emmanuel_fonte_viva__1944_040,1000,965,68,91.70715992375634,0.009180229183239094,0.5170984455958549,0.7516974595842957,4.873575129533679,14.191176470588236,11.758923211183292,0.46839378238341967,0.5046632124352332,2.7497255762897916,3.661764705882353,1.1088082901554404
psychographed,emmanuel,fonte_viva__1944,psychographed_emmanuel_fonte_viva__1944_041,1000,952,70,80.94414236282748,0.008102925712871899,0.5598739495798319,0.7999648300117234,5.260504201680672,13.6,9.571385927410333,0.44432773109243695,0.47689075630252103,2.4347826086956523,4.142857142857143,1.093487394957983
psychographed,emmanuel,fonte_viva__1944,psychographed_emmanuel_fonte_viva__1944_042,1000,972,62,90.03116056156752,0.00901238806033405,0.5380658436213992,0.7693012600229095,5.084362139917696,15.67741935483871,12.215503361406297,0.46399176954732513,0.4897119341563786,2.6125541125541125,4.016129032258065,1.0853909465020577
psychographed,emmanuel,fonte_viva__1944,psychographed_emmanuel_fonte_viva__1944_043,1000,958,73,80.36924525259217,0.008045322565515496,0.5302713987473904,0.7758323632130385,4.8058455114822545,13.123287671232877,9.363211610177958,0.4342379958246347,0.49582463465553234,2.403118040089087,3.835616438356164,1.0835073068893528
psychographed,emmanuel,fonte_viva__1944,psychographed_emmanuel_fonte_viva__1944_044,1000,963,63,92.08847826485466,0.009218420433373705,0.5316718587746625,0.7655208333333333,5.05607476635514,15.285714285714286,14.975565889012179,0.4569055036344756,0.48494288681204567,3.1395604395604395,4.063492063492063,1.09865005192108
psychographed,emmanuel,fonte_viva__1944,psychographed_emmanuel_fonte_viva__1944_045,1000,963,76,89.1985822256297,0.008929130424457527,0.5233644859813084,0.7754745370370371,4.977154724818276,12.671052631578947,10.734092462673773,0.44963655244029077,0.4755970924195223,2.5303867403314917,3.4473684210526314,1.078920041536864
psychographed,emmanuel,fonte_viva__1944,psychographed_emmanuel_fonte_viva__1944_046,1000,957,83,102.39679248435058,0.010250390209992,0.49738766980146293,0.7381818181818182,4.746081504702194,11.53012048192771,8.480079207116999,0.47126436781609193,0.5067920585161965,2.4130190796857462,3.3132530120481927,1.06478578892372
psychographed,emmanuel,fonte_viva__1944,psychographed_emmanuel_fonte_viva__1944_047,1000,943,85,103.45808654268939,0.010356791466003832,0.48250265111346763,0.740260663507109,4.724284199363733,11.094117647058823,8.914790788890596,0.4369034994697773,0.48886532343584305,2.473081328751432,3.623529411764706,1.0731707317073171
psychographed,emmanuel,fonte_viva__1944,psychographed_emmanuel_fonte_viva__1944_048,1000,956,70,82.30335603368289,0.008238953755832548,0.5428870292887029,0.7749008168028005,5.175732217573222,13.657142857142857,11.343828673758779,0.4320083682008368,0.46338912133891214,2.532741398446171,3.7857142857142856,1.1192468619246863
psychographed,emmanuel,fonte_viva__1944,psychographed_emmanuel_fonte_viva__1944_049,1000,949,71,78.34768115958121,0.00784303263928719,0.5521601685985248,0.8080705882352941,5.157007376185458,13.366197183098592,8.988630434492197,0.4267650158061117,0.46469968387776606,2.533482142857143,3.8732394366197185,1.095890410958904
psychographed,emmanuel,fonte_viva__1944,psychographed_emmanuel_fonte_viva__1944_050,622,589,60,80.36411747919556,0.008050079114837785,0.5789473684210527,0.7526326530612245,5.018675721561969,9.816666666666666,7.727637988990484,0.4431239388794567,0.46519524617996605,2.358455882352941,3.2,1.0831918505942275
psychographed,emmanuel,pão_nosso,psychographed_emmanuel_pão_nosso_000,1000,506,52,69.67770157321627,0.006981567721989591,0.6521739130434783,0.8139557739557739,5.280632411067193,9.73076923076923,9.068362977990665,0.32608695652173914,0.38537549407114624,5.075757575757576,3.1153846153846154,1.523715415019763
psychographed,emmanuel,pão_nosso,psychographed_emmanuel_pão_nosso_001,1000,901,73,96.79712146203319,0.009690467381921322,0.516093229744728,0.7619825436408977,5.145394006659267,12.342465753424657,10.821362912772267,0.44617092119866814,0.47835738068812433,2.476359338061466,3.7534246575342465,1.0932297447280799
psychographed,emmanuel,pão_nosso,psychographed_emmanuel_pão_nosso_002,1000,975,64,86.55358316896779,0.008664244721739588,0.5374358974358975,0.7842579908675799,5.10974358974359,15.234375,12.219019738071259,0.4369230769230769,0.4707692307692308,2.5607375271149673,4.125,1.0984615384615384
psychographed,emmanuel,pão_nosso,psychographed_emmanuel_pão_nosso_003,1000,966,55,73.94262052647146,0.007401924500370096,0.5383022774327122,0.7903344867358708,5.296066252587992,17.563636363636363,12.379989185431665,0.4554865424430642,0.4834368530020704,2.536373507057546,4.327272727272727,1.0776397515527951
psychographed,emmanuel,pão_nosso,psychographed_emmanuel_pão_nosso_004,1000,976,53,90.47047164740661,0.00905632618747373,0.5358606557377049,0.7571949828962372,5.120901639344262,18.41509433962264,13.282750854929068,0.4610655737704918,0.48668032786885246,2.8006430868167205,4.320754716981132,1.091188524590164
psychographed,emmanuel,pão_nosso,psychographed_emmanuel_pão_nosso_005,1000,967,67,92.18373866017032,0.009227916696106076,0.5439503619441571,0.7862672811059908,5.198552223371252,14.432835820895523,12.605641807974541,0.43226473629782836,0.45708376421923474,2.5647442872687702,3.746268656716418,1.0941054808686659
psychographed,emmanuel,pão_nosso,psychographed_emmanuel_pão_nosso_006,1000,968,51,82.83672563349498,0.00829223892587623,0.5464876033057852,0.7671116225546606,5.331611570247934,18.980392156862745,11.113479178639611,0.4452479338842975,0.4555785123966942,2.6375404530744335,4.568627450980392,1.0981404958677685
psychographed,emmanuel,pão_nosso,psychographed_emmanuel_pão_nosso_007,1000,959,61,79.07089523432582,0.007915343270325517,0.5328467153284672,0.7920116279069769,5.1647549530761205,15.721311475409836,11.024757753616807,0.43795620437956206,0.48383733055265904,2.8796498905908097,3.901639344262295,1.0959332638164756
psychographed,emmanuel,pão_nosso,psychographed_emmanuel_pão_nosso_008,1000,968,69,82.92210231541561,0.008300785423094344,0.5371900826446281,0.779505178365938,5.208677685950414,14.028985507246377,11.165385192953995,0.44731404958677684,0.4762396694214876,2.3475409836065575,3.9565217391304346,1.06301652892562
psychographed,emmanuel,pão_nosso,psychographed_emmanuel_pão_nosso_009,1000,968,60,82.8794139744553,0.008296512174485288,0.5289256198347108,0.7841196777905638,5.024793388429752,16.133333333333333,11.789072152727806,0.44111570247933884,0.48037190082644626,2.4793478260869564,4.35,1.084710743801653
psychographed,emmanuel,pão_nosso,psychographed_emmanuel_pão_nosso_010,1000,961,69,84.78421172880746,0.008487252861602497,0.5411030176899063,0.7850232018561486,5.052029136316337,13.927536231884059,10.35362968011871,0.4380853277835588,0.4869927159209157,2.4552486187845304,3.782608695652174,1.0738813735691988
psychographed,emmanuel,pão_nosso,psychographed_emmanuel_pão_nosso_011,1000,971,63,76.85283096513622,0.007693206068778069,0.5365602471678682,0.7727522935779817,5.1328527291452115,15.412698412698413,12.334793891168857,0.4356333676622039,0.48094747682801237,2.5321701199563793,4.015873015873016,1.0957775489186405
psychographed,emmanuel,pão_nosso,psychographed_emmanuel_pão_nosso_012,1000,973,53,75.96682894471385,0.007604498411852529,0.5375128468653648,0.7928260869565217,5.362795477903392,18.358490566037737,14.362023218514732,0.4234326824254882,0.4624871531346352,2.7007534983853607,4.452830188679245,1.0976361767728675
psychographed,emmanuel,pão_nosso,psychographed_emmanuel_pão_nosso_013,1000,973,73,97.36682831095277,0.009746699994501753,0.5508735868448099,0.7671395881006865,5.143884892086331,13.32876712328767,9.695437134020366,0.4316546762589928,0.4552929085303186,2.508214676889376,3.808219178082192,1.092497430626927
psychographed,emmanuel,pão_nosso,psychographed_emmanuel_pão_nosso_014,1000,970,69,81.36890211499627,0.008145287415020267,0.5463917525773195,0.7773823191733641,5.277319587628866,14.057971014492754,10.41304095690468,0.4402061855670103,0.47010309278350515,2.3778751369112814,3.971014492753623,1.079381443298969
psychographed,emmanuel,pão_nosso,psychographed_emmanuel_pão_nosso_015,1000,974,64,94.76364954947738,0.00948610428172569,0.5215605749486653,0.7752571428571429,5.216632443531828,15.21875,11.06863353976,0.4353182751540041,0.49075975359342916,2.5266594124047876,4.140625,1.091375770020534
psychographed,emmanuel,pão_nosso,psychographed_emmanuel_pão_nosso_016,1000,973,89,93.54313642024275,0.009363937421491378,0.5375128468653648,0.7436384439359267,5.044193216855088,10.932584269662922,11.029885605373146,0.43782117163412126,0.4450154162384378,2.453229398663697,3.3258426966292136,1.0719424460431655
psychographed,emmanuel,pão_nosso,psychographed_emmanuel_pão_nosso_017,1000,955,78,96.57629999177654,0.009667753301063585,0.5308900523560209,0.7535981308411214,5.215706806282722,12.243589743589743,10.203299990860042,0.44607329842931936,0.47853403141361256,2.346801346801347,3.6923076923076925,1.075392670157068
psychographed,emmanuel,pão_nosso,psychographed_emmanuel_pão_nosso_018,1000,970,67,79.22202146880646,0.007930377794091049,0.5577319587628866,0.7754075774971296,5.123711340206185,14.477611940298507,11.921832736190698,0.44948453608247424,0.4793814432989691,2.6008771929824563,3.8955223880597014,1.097938144329897
psychographed,emmanuel,pão_nosso,psychographed_emmanuel_pão_nosso_019,1000,968,69,75.17416843111809,0.007525190800550394,0.5526859504132231,0.7903452243958574,5.2727272727272725,14.028985507246377,11.462567957844167,0.4297520661157025,0.47417355371900827,2.5521405049396266,3.681159420289855,1.1208677685950412
psychographed,emmanuel,pão_nosso,psychographed_emmanuel_pão_nosso_020,1000,963,74,93.77065655634381,0.009386813125130882,0.5358255451713395,0.748599537037037,4.919003115264798,13.013513513513514,9.463290729920885,0.4392523364485981,0.48078920041536866,2.683977900552486,3.5675675675675675,1.110072689511942
psychographed,emmanuel,pão_nosso,psychographed_emmanuel_pão_nosso_021,1000,965,54,87.11106338425192,0.008720142755788704,0.5492227979274611,0.7749653579676675,5.191709844559585,17.87037037037037,11.213494344689408,0.43316062176165804,0.47150259067357514,2.5010822510822512,4.481481481481482,1.0735751295336788
psychographed,emmanuel,pão_nosso,psychographed_emmanuel_pão_nosso_022,1000,957,58,89.68727377548045,0.008978108891541296,0.54858934169279,0.7784498834498835,5.105538140020899,16.5,13.362647373465567,0.4503657262277952,0.47335423197492166,2.5486338797814208,4.293103448275862,1.0825496342737722
psychographed,emmanuel,pão_nosso,psychographed_emmanuel_pão_nosso_023,1000,974,58,76.73852822249114,0.007681739618572082,0.5564681724845996,0.7940571428571429,5.283367556468172,16.79310344827586,12.082701542929271,0.44353182751540043,0.4671457905544148,2.5259740259740258,4.137931034482759,1.0811088295687885
psychographed,emmanuel,pão_nosso,psychographed_emmanuel_pão_nosso_024,1000,972,62,76.1020508391336,0.007618042576275783,0.5493827160493827,0.7860481099656358,5.244855967078189,15.67741935483871,13.650917721186115,0.41872427983539096,0.4660493827160494,2.5757575757575757,3.8225806451612905,1.0606995884773662
psychographed,emmanuel,pão_nosso,psychographed_emmanuel_pão_nosso_025,1000,960,75,93.27256944444444,0.00933698296836983,0.5270833333333333,0.7537862950058072,5.136458333333334,12.8,11.02240143223487,0.446875,0.4947916666666667,2.527839643652561,3.7066666666666666,1.0864583333333333
psychographed,emmanuel,pão_nosso,psychographed_emmanuel_pão_nosso_026,1000,972,53,92.80428119019797,0.009289985717494585,0.5257201646090535,0.7637800687285224,5.106995884773663,18.339622641509433,13.87129980745015,0.44753086419753085,0.4886831275720165,2.9503239740820733,4.3584905660377355,1.123456790123457
psychographed,emmanuel,pão_nosso,psychographed_emmanuel_pão_nosso_027,1000,956,70,90.94728733740656,0.00910425200990164,0.5439330543933054,0.7690198366394398,5.182008368200837,13.657142857142857,11.055555441607128,0.4330543933054393,0.45397489539748953,2.3829078801331853,3.942857142857143,1.0679916317991631
psychographed,emmanuel,pão_nosso,psychographed_emmanuel_pão_nosso_028,1000,969,57,78.02240987644855,0.007810301153954404,0.5335397316821465,0.7773793103448275,5.264189886480908,17.0,16.759391187702978,0.44891640866873067,0.49226006191950467,2.7107258938244856,4.140350877192983,1.108359133126935
psychographed,emmanuel,pão_nosso,psychographed_emmanuel_pão_nosso_029,1000,958,62,73.52652751687798,0.0073603357744168344,0.5594989561586639,0.8017462165308499,5.258872651356993,15.451612903225806,10.649363784350989,0.4279749478079332,0.47494780793319413,2.489059080962801,3.9516129032258065,1.0647181628392484
psychographed,emmanuel,pão_nosso,psychographed_emmanuel_pão_nosso_030,1000,965,71,89.8816075599345,0.00899748457420506,0.5305699481865285,0.7632448036951501,5.008290155440415,13.591549295774648,10.245682656252844,0.45284974093264246,0.49119170984455957,2.504405286343612,3.704225352112676,1.0870466321243524
psychographed,emmanuel,pão_nosso,psychographed_emmanuel_pão_nosso_031,1000,973,63,79.32576270506132,0.007940737357204184,0.527235354573484,0.7896910755148742,5.177800616649537,15.444444444444445,12.136495895762744,0.447070914696814,0.4727646454265159,2.6872964169381106,3.8095238095238093,1.1109969167523124
psychographed,emmanuel,pão_nosso,psychographed_emmanuel_pão_nosso_032,1000,969,76,86.45726499822676,0.00865465803546299,0.5067079463364293,0.7574712643678161,5.091847265221878,12.75,9.692814756031234,0.4437564499484004,0.49226006191950467,2.482948294829483,3.6578947368421053,1.0701754385964912
psychographed,emmanuel,pão_nosso,psychographed_emmanuel_pão_nosso_033,1000,968,59,73.25319308790384,0.007332894613142803,0.5320247933884298,0.7965822784810127,5.351239669421488,16.406779661016948,11.876652276228086,0.4256198347107438,0.45764462809917356,2.660520607375271,4.0,1.0898760330578512
psychographed,emmanuel,pão_nosso,psychographed_emmanuel_pão_nosso_034,1000,969,55,80.38672532725002,0.008046976946498478,0.5386996904024768,0.7841264367816092,5.110423116615067,17.618181818181817,12.93408591715691,0.4375644994840041,0.4695562435500516,2.51024811218986,4.472727272727273,1.0804953560371517
psychographed,emmanuel,pão_nosso,psychographed_emmanuel_pão_nosso_035,1000,966,73,73.06388213760614,0.007313959600510626,0.556935817805383,0.797277970011534,5.37888198757764,13.232876712328768,10.2081360888978,0.4109730848861284,0.44824016563146996,2.2723263506063947,3.863013698630137,1.1097308488612836
psychographed,emmanuel,pão_nosso,psychographed_emmanuel_pão_nosso_036,1000,971,60,83.00445143985041,0.008309002303927294,0.5314109165808445,0.778704128440367,5.2976313079299695,16.183333333333334,12.399585566551094,0.4232749742533471,0.4593202883625129,2.5345572354211665,4.033333333333333,1.0772399588053554
psychographed,emmanuel,pão_nosso,psychographed_emmanuel_pão_nosso_037,1000,977,70,77.83943704172424,0.007791919056328338,0.5547594677584442,0.7963553530751708,5.242579324462641,13.957142857142857,10.85809206377005,0.43091095189355166,0.4595701125895599,2.4324618736383443,3.742857142857143,1.0859774820880246
psychographed,emmanuel,pão_nosso,psychographed_emmanuel_pão_nosso_038,1000,975,72,67.38724523339909,0.006745643131680093,0.5579487179487179,0.8088698630136986,5.331282051282051,13.541666666666666,10.575045967853862,0.4348717948717949,0.4543589743589744,2.4541484716157207,3.736111111111111,1.0933333333333333
psychographed,emmanuel,pão_nosso,psychographed_emmanuel_pão_nosso_039,1000,971,68,85.54994956731835,0.008563814539161456,0.5365602471678682,0.7606651376146788,5.073120494335736,14.279411764705882,10.59806528991369,0.45314109165808447,0.46961894953656025,2.5672131147540984,3.6176470588235294,1.0916580844490216
psychographed,emmanuel,pão_nosso,psychographed_emmanuel_pão_nosso_040,1000,973,53,87.86041200808256,0.008795080337846125,0.5231243576567317,0.7741990846681923,5.273381294964029,18.358490566037737,13.830639133954893,0.4522096608427544,0.48201438848920863,2.640256959314775,4.113207547169812,1.1099691675231245
psychographed,emmanuel,pão_nosso,psychographed_emmanuel_pão_nosso_041,1000,969,60,78.98091614028698,0.00790625079958038,0.5603715170278638,0.7926551724137932,5.352941176470588,16.15,10.191213535852015,0.4200206398348813,0.4716202270381837,2.5102925243770313,4.133333333333334,1.0773993808049536
psychographed,emmanuel,pão_nosso,psychographed_emmanuel_pão_nosso_042,1000,974,67,89.38773617125341,0.008947960434820228,0.5503080082135524,0.7795428571428572,5.253593429158111,14.537313432835822,10.079280296222521,0.43634496919917864,0.46303901437371664,2.4874591057797164,3.8059701492537314,1.1098562628336757
psychographed,emmanuel,pão_nosso,psychographed_emmanuel_pão_nosso_043,1000,980,53,91.21199500208246,0.009130516353630318,0.5122448979591837,0.7766515323496027,5.309183673469388,18.49056603773585,10.92102462797719,0.4306122448979592,0.45714285714285713,2.6381156316916488,4.69811320754717,1.136734693877551
psychographed,emmanuel,pão_nosso,psychographed_emmanuel_pão_nosso_044,1027,986,90,77.47408958687343,0.007755274348493117,0.5689655172413793,0.7899436302142052,5.252535496957404,10.955555555555556,8.47468270282612,0.4056795131845842,0.4543610547667343,2.4276315789473686,3.5,1.0933062880324544
psychographed,emmanuel,renúncia__1944,psychographed_emmanuel_renúncia__1944_000,1000,905,102,61.414486737279084,0.006148242311641324,0.5900552486187846,0.8094789081885857,4.874033149171271,8.872549019607844,9.36375110086602,0.37458563535911604,0.430939226519337,2.515299877600979,2.823529411764706,1.0784530386740332
psychographed,emmanuel,renúncia__1944,psychographed_emmanuel_renúncia__1944_001,1000,931,59,73.09973568261609,0.007317833754894148,0.6165413533834586,0.818545673076923,5.335123523093448,15.779661016949152,11.103622552275251,0.40816326530612246,0.44575725026852847,2.4123006833712983,4.11864406779661,1.0644468313641247
psychographed,emmanuel,renúncia__1944,psychographed_emmanuel_renúncia__1944_002,1000,917,67,67.11944144827676,0.006719271594767444,0.5954198473282443,0.8111613691931542,5.206106870229007,13.686567164179104,11.215938758993335,0.38495092693565974,0.42857142857142855,2.662037037037037,3.582089552238806,1.078516902944384
psychographed,emmanuel,renúncia__1944,psychographed_emmanuel_renúncia__1944_003,1000,910,76,70.23306363965705,0.007031032773607031,0.5527472527472528,0.806399506781751,4.9241758241758244,11.973684210526315,13.104813985115833,0.4164835164835165,0.46153846153846156,2.653755868544601,3.4210526315789473,1.0626373626373626
psychographed,emmanuel,renúncia__1944,psychographed_emmanuel_renúncia__1944_004,1000,906,82,66.44445419060567,0.006651787347700414,0.5728476821192053,0.8224039653035936,4.91280353200883,11.048780487804878,10.060672574889388,0.41501103752759383,0.47130242825607066,2.7161520190023754,3.268292682926829,1.0794701986754967
psychographed,emmanuel,renúncia__1944,psychographed_emmanuel_renúncia__1944_005,1000,898,52,65.62467448078135,0.006569783465300072,0.6069042316258352,0.8331914893617022,5.255011135857461,17.26923076923077,10.00598933065627,0.3997772828507795,0.45879732739420936,2.61046511627907,4.576923076923077,1.0579064587973275
psychographed,emmanuel,renúncia__1944,psychographed_emmanuel_renúncia__1944_006,1000,922,59,76.74535692943286,0.007682868522143007,0.5770065075921909,0.8056865127582016,4.828633405639914,15.627118644067796,11.85348165270476,0.42190889370932755,0.4750542299349241,2.920689655172414,4.101694915254237,1.06941431670282
psychographed,emmanuel,renúncia__1944,psychographed_emmanuel_renúncia__1944_007,1000,884,71,79.56941913556234,0.007965953172801485,0.6210407239819005,0.8026624203821656,4.9423076923076925,12.450704225352112,9.700862067681372,0.38009049773755654,0.4321266968325792,2.722760290556901,3.6901408450704225,1.0757918552036199
psychographed,emmanuel,renúncia__1944,psychographed_emmanuel_renúncia__1944_008,1000,918,84,83.18263156146021,0.008327334326436257,0.5708061002178649,0.8059584859584858,4.911764705882353,10.928571428571429,9.938843607024811,0.4074074074074074,0.47167755991285404,2.470035252643948,3.2023809523809526,1.0816993464052287
psychographed,emmanuel,renúncia__1944,psychographed_emmanuel_renúncia__1944_009,1000,906,77,73.04747842443558,0.007312819387020843,0.5673289183222958,0.8072862453531598,5.1158940397351,11.766233766233766,9.25524927066994,0.40728476821192056,0.4746136865342163,2.532391048292108,3.3636363636363638,1.0827814569536425
psychographed,emmanuel,renúncia__1944,psychographed_emmanuel_renúncia__1944_010,1000,909,67,64.5301053757741,0.006460117377376504,0.5863586358635864,0.8227777777777778,4.927392739273928,13.567164179104477,10.04649471891686,0.38833883388338836,0.4675467546754675,2.578638497652582,3.5522388059701493,1.0616061606160616
psychographed,emmanuel,renúncia__1944,psychographed_emmanuel_renúncia__1944_011,1000,937,48,69.0684978626808,0.006914228899287597,0.5795090715048026,0.8143436754176612,5.115261472785486,19.520833333333332,12.029459643124273,0.4066168623265742,0.4535752401280683,2.692563817980022,4.458333333333333,1.0576307363927429
psychographed,emmanuel,renúncia__1944,psychographed_emmanuel_renúncia__1944_012,1000,933,70,79.4036455371636,0.007948884258173137,0.5744908896034298,0.8045563549160671,5.0010718113612,13.32857142857143,13.160244709591327,0.4340836012861736,0.47266881028938906,2.544318181818182,3.4857142857142858,1.0353697749196142
psychographed,emmanuel,renúncia__1944,psychographed_emmanuel_renúncia__1944_013,1000,908,62,74.32707795610239,0.0074409026222867665,0.5671806167400881,0.8059579728059334,5.004405286343612,14.64516129032258,14.358426517928754,0.43392070484581496,0.4988986784140969,2.748544819557625,3.870967741935484,1.053964757709251
psychographed,emmanuel,renúncia__1944,psychographed_emmanuel_renúncia__1944_014,1000,926,79,68.41007794970355,0.0068484034790730255,0.593952483801296,0.8178960096735188,5.064794816414687,11.721518987341772,8.392185498397476,0.4114470842332613,0.46976241900647947,2.3415204678362573,3.6202531645569622,1.0777537796976242
psychographed,emmanuel,renúncia__1944,psychographed_emmanuel_renúncia__1944_015,1000,915,59,65.97987398847383,0.006605206203441308,0.5770491803278689,0.8258088235294117,4.962841530054645,15.508474576271187,13.083011213739946,0.41202185792349727,0.4819672131147541,2.7563805104408354,3.8983050847457625,1.0786885245901638
psychographed,emmanuel,renúncia__1944,psychographed_emmanuel_renúncia__1944_016,1000,920,67,84.87712665406427,0.008496948478970525,0.5467391304347826,0.7921071863580998,5.011956521739131,13.73134328358209,10.005344973879485,0.42282608695652174,0.475,2.5432525951557095,3.6417910447761193,1.0369565217391303
psychographed,emmanuel,renúncia__1944,psychographed_emmanuel_renúncia__1944_017,1000,911,70,78.58579310560884,0.007867215112001062,0.58397365532382,0.8050123152709361,4.949506037321624,13.014285714285714,9.732849908785134,0.42041712403951703,0.4796926454445664,2.5093457943925235,3.4714285714285715,1.061470911086718
psychographed,emmanuel,renúncia__1944,psychographed_emmanuel_renúncia__1944_018,1000,912,69,70.5265081563558,0.007060392474050109,0.5756578947368421,0.8200000000000001,5.100877192982456,13.217391304347826,8.281058472598238,0.43530701754385964,0.48135964912280704,2.461809635722679,3.8260869565217392,1.106359649122807
psychographed,emmanuel,renúncia__1944,psychographed_emmanuel_renúncia__1944_019,1000,897,77,85.55708424837405,0.008565257206561554,0.5696767001114827,0.7986716791979949,4.964325529542921,11.64935064935065,11.336375464373646,0.39241917502787066,0.45707915273132665,2.6875,3.103896103896104,1.0546265328874025
psychographed,emmanuel,renúncia__1944,psychographed_emmanuel_renúncia__1944_020,1000,916,61,73.39200244083827,0.007347221227957143,0.5556768558951966,0.8123500611995105,4.9443231441048034,15.01639344262295,9.15529373565843,0.40720524017467247,0.47489082969432317,2.509259259259259,3.9672131147540983,1.081877729257642
psychographed,emmanuel,renúncia__1944,psychographed_emmanuel_renúncia__1944_021,1000,929,58,91.90756870183456,0.009200660703017706,0.5705059203444564,0.7968674698795181,5.044133476856835,16.017241379310345,13.11026365408671,0.41119483315392896,0.44994617868675996,2.9114642451759365,3.689655172413793,1.0904198062432724
psychographed,emmanuel,renúncia__1944,psychographed_emmanuel_renúncia__1944_022,1000,909,71,67.87037339597546,0.006794512050323975,0.5951595159515951,0.8203827160493827,5.14961496149615,12.80281690140845,9.995237905996076,0.39823982398239827,0.45764576457645767,2.529620853080569,3.6619718309859155,1.0880088008800881
psychographed,emmanuel,renúncia__1944,psychographed_emmanuel_renúncia__1944_023,1000,920,61,77.36294896030246,0.007744713062402422,0.5739130434782609,0.8101827040194886,4.945652173913044,15.081967213114755,11.750542480629946,0.41847826086956524,0.4826086956521739,2.6286043829296424,3.6885245901639343,1.0510869565217391
psychographed,emmanuel,renúncia__1944,psychographed_emmanuel_renúncia__1944_024,1000,929,57,73.90147165661887,0.007398110686314539,0.573735199138859,0.8069879518072288,4.989235737351992,16.29824561403509,11.876506238406218,0.4101184068891281,0.465016146393972,2.7100456621004567,4.315789473684211,1.0818083961248655
psychographed,emmanuel,renúncia__1944,psychographed_emmanuel_renúncia__1944_025,1000,929,51,72.3256484917866,0.00724035856130062,0.5801937567276642,0.8175662650602409,5.1141011840688915,18.215686274509803,17.465162776325247,0.4058127018299246,0.4542518837459634,3.085875706214689,3.8627450980392157,1.0882669537136707
psychographed,emmanuel,renúncia__1944,psychographed_emmanuel_renúncia__1944_026,1000,912,60,78.62996306555863,0.007871627477035069,0.581140350877193,0.796949569495695,5.0548245614035086,15.2,10.241744643044628,0.4276315789473684,0.4769736842105263,2.571759259259259,4.033333333333333,1.0635964912280702
psychographed,emmanuel,renúncia__1944,psychographed_emmanuel_renúncia__1944_027,1000,936,57,77.45726495726495,0.007754010695187166,0.5737179487179487,0.8019713261648745,5.073717948717949,16.42105263157895,12.63099413850923,0.40705128205128205,0.48183760683760685,2.660270880361174,4.0701754385964914,1.0438034188034189
psychographed,emmanuel,renúncia__1944,psychographed_emmanuel_renúncia__1944_028,1000,914,66,84.1756484349937,0.008426784520217332,0.5842450765864332,0.7999509202453988,5.080962800875273,13.848484848484848,12.23289458082297,0.4102844638949672,0.4638949671772429,2.4778554778554778,3.6363636363636362,1.075492341356674
psychographed,emmanuel,renúncia__1944,psychographed_emmanuel_renúncia__1944_029,1000,926,54,91.64104884568198,0.009174012024983948,0.5874730021598272,0.7909552599758162,4.909287257019439,17.14814814814815,14.530182389576137,0.42332613390928725,0.46436285097192226,2.7653061224489797,3.7777777777777777,1.0637149028077755
psychographed,emmanuel,renúncia__1944,psychographed_emmanuel_renúncia__1944_030,1000,908,42,87.08688311436279,0.008718289952352966,0.5550660792951542,0.7953028430160693,5.001101321585903,21.61904761904762,14.336022528934352,0.42070484581497797,0.45484581497797355,2.7528604118993134,5.0,1.0715859030837005
psychographed,emmanuel,renúncia__1944,psychographed_emmanuel_renúncia__1944_031,1000,919,59,79.26011265024077,0.007934645264223451,0.5614798694232862,0.791329268292683,4.9630032644178455,15.576271186440678,12.571427638721483,0.41458106637649617,0.4776931447225245,2.7211981566820276,3.9661016949152543,1.0772578890097932
psychographed,emmanuel,renúncia__1944,psychographed_emmanuel_renúncia__1944_032,1000,901,68,88.27286490161998,0.008837094586262178,0.562708102108768,0.7804738154613468,4.8357380688124305,13.25,12.782542092750612,0.41509433962264153,0.4672586015538291,2.6399055489964582,3.485294117647059,1.0865704772475027
psychographed,emmanuel,renúncia__1944,psychographed_emmanuel_renúncia__1944_033,1000,916,59,72.48622261207834,0.007256544252750137,0.5687772925764192,0.8125948592411262,5.037117903930131,15.525423728813559,12.81862513080801,0.3799126637554585,0.4606986899563319,2.669345579793341,3.9322033898305087,1.081877729257642
psychographed,emmanuel,renúncia__1944,psychographed_emmanuel_renúncia__1944_034,1000,920,62,81.28544423440454,0.008137389411931683,0.5739130434782609,0.8011693057247259,4.9902173913043475,14.838709677419354,10.922296740017785,0.4141304347826087,0.4771739130434783,2.7330264672036826,4.209677419354839,1.0684782608695653
psychographed,emmanuel,renúncia__1944,psychographed_emmanuel_renúncia__1944_035,1000,938,65,73.87673269352294,0.007395557659180845,0.603411513859275,0.8217163289630514,4.980810234541578,14.430769230769231,10.149602842960038,0.3816631130063966,0.42217484008528783,2.6002265005662513,3.8461538461538463,1.060767590618337
psychographed,emmanuel,renúncia__1944,psychographed_emmanuel_renúncia__1944_036,1000,902,76,88.79012394236017,0.008888867013985446,0.5620842572062085,0.7885180572851807,4.926829268292683,11.868421052631579,10.713176964132533,0.3902439024390244,0.45787139689578715,2.8200238379022644,3.0657894736842106,1.083148558758315
psychographed,emmanuel,renúncia__1944,psychographed_emmanuel_renúncia__1944_037,1000,920,69,76.32325141776937,0.0076406301745753896,0.5793478260869566,0.8081242387332521,5.010869565217392,13.333333333333334,11.158497985602095,0.3923913043478261,0.44782608695652176,2.5209302325581397,3.6231884057971016,1.0934782608695652
psychographed,emmanuel,renúncia__1944,psychographed_emmanuel_renúncia__1944_038,1000,934,71,68.45828996418894,0.006853166433714091,0.5556745182012848,0.8190299401197604,4.985010706638116,13.154929577464788,9.758561264489105,0.41113490364025695,0.48501070663811563,2.476624857468643,3.619718309859155,1.051391862955032
psychographed,emmanuel,renúncia__1944,psychographed_emmanuel_renúncia__1944_039,1000,908,79,66.7342661413961,0.006680784306106689,0.6068281938325991,0.8314833127317677,5.144273127753304,11.49367088607595,8.994897875485757,0.3711453744493392,0.4196035242290749,2.41527446300716,3.1265822784810124,1.0671806167400881
psychographed,emmanuel,renúncia__1944,psychographed_emmanuel_renúncia__1944_040,1000,913,73,75.31470100255648,0.0075397282911550505,0.5662650602409639,0.8123587223587223,4.897042716319825,12.506849315068493,9.30771264762287,0.41073384446878425,0.46987951807228917,2.4900351699882766,3.671232876712329,1.0624315443592551
psychographed,emmanuel,renúncia__1944,psychographed_emmanuel_renúncia__1944_041,1000,899,79,73.79352413570386,0.007387569955233605,0.5539488320355951,0.8186,4.952169076751947,11.379746835443038,8.303276457875391,0.38598442714126807,0.4671857619577308,2.576413959085439,3.430379746835443,1.1156840934371524
psychographed,emmanuel,renúncia__1944,psychographed_emmanuel_renúncia__1944_042,1000,920,55,74.17296786389414,0.007425367838387662,0.5695652173913044,0.824068209500609,5.051086956521739,16.727272727272727,12.435220574794869,0.4152173913043478,0.47391304347826085,2.9035591274397246,4.0181818181818185,1.0923913043478262
psychographed,emmanuel,renúncia__1944,psychographed_emmanuel_renúncia__1944_043,1000,910,50,89.7476150223403,0.008984634727208984,0.5725274725274725,0.7956843403205918,4.868131868131868,18.2,12.185236969382252,0.4142857142857143,0.4725274725274725,2.913793103448276,4.46,1.065934065934066
psychographed,emmanuel,renúncia__1944,psychographed_emmanuel_renúncia__1944_044,1000,908,78,78.91187486657998,0.00789988780362234,0.5825991189427313,0.803053152039555,4.849118942731278,11.64102564102564,8.426110759882288,0.3964757709251101,0.4746696035242291,2.525943396226415,3.5,1.0561674008810573
psychographed,emmanuel,renúncia__1944,psychographed_emmanuel_renúncia__1944_045,1000,919,69,86.1749476947195,0.008626882018676169,0.5788900979325353,0.8023658536585366,5.0119695321001085,13.318840579710145,12.318823529399966,0.40696409140369966,0.4733405875952122,2.6347926267281108,3.579710144927536,1.02829162132753
psychographed,emmanuel,renúncia__1944,psychographed_emmanuel_renúncia__1944_046,1000,921,57,86.97999742997568,0.008707454090544305,0.5646036916395223,0.7856447688564476,5.134636264929425,16.157894736842106,10.450869977526525,0.41150922909880566,0.4571118349619978,2.4732041049030786,4.280701754385965,1.0325732899022801
psychographed,emmanuel,renúncia__1944,psychographed_emmanuel_renúncia__1944_047,1000,917,66,75.18233678880328,0.007526441357569062,0.5997818974918212,0.8229706601466993,4.882224645583424,13.893939393939394,8.506911250661426,0.4100327153762268,0.4743729552889858,2.4355400696864113,4.181818181818182,1.0970556161395857
psychographed,emmanuel,renúncia__1944,psychographed_emmanuel_renúncia__1944_048,1000,908,79,73.52655786062218,0.007360762352529761,0.5803964757709251,0.8164276885043263,4.955947136563877,11.49367088607595,10.513250732051203,0.40969162995594716,0.47687224669603523,2.6132858837485173,3.1265822784810124,1.0429515418502202
psychographed,emmanuel,renúncia__1944,psychographed_emmanuel_renúncia__1944_049,1000,923,71,78.90328888909757,0.00789888672935326,0.5590465872156013,0.7997694174757283,4.891657638136511,13.0,10.335226238861475,0.40628385698808234,0.46912242686890576,2.482080924855491,3.535211267605634,1.0834236186348862
psychographed,emmanuel,renúncia__1944,psychographed_emmanuel_renúncia__1944_050,1000,907,62,72.18145284319314,0.007226112332094502,0.577728776185226,0.807029702970297,4.890848952590959,14.629032258064516,9.639023292388991,0.3936052921719956,0.44652701212789414,2.6580493537015277,3.8225806451612905,1.103638368246968
psychographed,emmanuel,renúncia__1944,psychographed_emmanuel_renúncia__1944_051,1000,918,69,68.56337306164296,0.006863814227981269,0.5762527233115469,0.8265445665445667,5.021786492374727,13.304347826086957,10.507836065411743,0.41938997821350765,0.4662309368191721,2.6399535423925666,3.5652173913043477,1.091503267973856
psychographed,emmanuel,renúncia__1944,psychographed_emmanuel_renúncia__1944_052,1000,898,69,74.20598112112539,0.007428870796741427,0.5746102449888641,0.8085732165206507,5.0378619153674835,13.014492753623188,10.01519534438442,0.39420935412026725,0.4665924276169265,2.6227967097532314,3.6231884057971016,1.069042316258352
psychographed,emmanuel,renúncia__1944,psychographed_emmanuel_renúncia__1944_053,1000,910,81,85.95580243931892,0.008605036327808605,0.5912087912087912,0.8012330456226879,4.967032967032967,11.234567901234568,8.43020964684947,0.3978021978021978,0.45494505494505494,2.479191438763377,3.271604938271605,1.0703296703296703
psychographed,emmanuel,renúncia__1944,psychographed_emmanuel_renúncia__1944_054,1000,933,78,76.1181358983284,0.007619980771796181,0.5530546623794212,0.7927697841726619,4.983922829581994,11.961538461538462,9.082869629696287,0.4415862808145766,0.4887459807073955,2.537313432835821,3.282051282051282,1.07502679528403
psychographed,emmanuel,renúncia__1944,psychographed_emmanuel_renúncia__1944_055,1000,918,71,77.3681537490329,0.007745252469096205,0.6034858387799564,0.8130158730158731,5.082788671023965,12.929577464788732,9.724839610773373,0.4139433551198257,0.4760348583877996,2.5453488372093025,3.6901408450704225,1.0675381263616557
psychographed,emmanuel,renúncia__1944,psychographed_emmanuel_renúncia__1944_056,1000,920,80,65.92627599243856,0.0065998012963050575,0.6010869565217392,0.816638246041413,5.102173913043479,11.5,7.568024841396862,0.39021739130434785,0.44021739130434784,2.4074941451990632,3.3875,1.065217391304348
psychographed,emmanuel,renúncia__1944,psychographed_emmanuel_renúncia__1944_057,1000,910,61,87.91208791208791,0.0088008800880088,0.5725274725274725,0.8015659679408137,5.030769230769231,14.918032786885245,11.73518610211973,0.41318681318681316,0.45494505494505494,2.5813148788927336,3.9508196721311477,1.0373626373626375
psychographed,emmanuel,renúncia__1944,psychographed_emmanuel_renúncia__1944_058,1000,913,81,62.766249704583544,0.006283507234680348,0.5640744797371303,0.8193611793611794,4.928806133625411,11.271604938271604,9.56848265855857,0.4085432639649507,0.4633077765607886,2.511764705882353,3.2839506172839505,1.0788608981380066
psychographed,emmanuel,renúncia__1944,psychographed_emmanuel_renúncia__1944_059,1000,915,69,82.29567917823763,0.008238571821453768,0.5923497267759563,0.8027573529411766,4.963934426229508,13.26086956521739,9.693344756955138,0.4010928961748634,0.45901639344262296,2.557491289198606,3.536231884057971,1.0743169398907104
psychographed,emmanuel,renúncia__1944,psychographed_emmanuel_renúncia__1944_060,1000,926,74,79.23253828678587,0.007931819508493374,0.5885529157667386,0.7957678355501813,5.012958963282937,12.513513513513514,9.673372819718923,0.4060475161987041,0.4654427645788337,2.347926267281106,3.5675675675675675,1.0323974082073435
psychographed,emmanuel,renúncia__1944,psychographed_emmanuel_renúncia__1944_061,1000,919,67,66.35399929667602,0.006642628034166151,0.6006528835690969,0.8282804878048781,5.262241566920566,13.716417910447761,9.73960367294008,0.381936887921654,0.4439608269858542,2.392156862745098,3.8059701492537314,1.0359085963003265
psychographed,emmanuel,renúncia__1944,psychographed_emmanuel_renúncia__1944_062,1000,925,62,85.90211833455076,0.0085995085995086,0.5535135135135135,0.7846246973365619,4.876756756756757,14.919354838709678,10.466996345035795,0.42702702702702705,0.505945945945946,2.7416762342135477,3.870967741935484,1.0875675675675676
psychographed,emmanuel,renúncia__1944,psychographed_emmanuel_renúncia__1944_063,1000,911,82,75.35657008317659,0.007543937950085042,0.5565312843029637,0.8071059113300494,4.783754116355653,11.109756097560975,7.646146961388182,0.4083424807903403,0.4818880351262349,2.452296819787986,3.3048780487804876,1.0647639956092205
psychographed,emmanuel,renúncia__1944,psychographed_emmanuel_renúncia__1944_064,1000,933,63,84.32042219947638,0.008441089475548441,0.5830653804930332,0.8018585131894486,5.047159699892819,14.80952380952381,9.216715564938992,0.39442658092175775,0.4587352625937835,2.463193657984145,4.095238095238095,1.052518756698821
psychographed,emmanuel,renúncia__1944,psychographed_emmanuel_renúncia__1944_065,1000,909,75,76.65673057954861,0.0076741154291640615,0.5753575357535754,0.8019012345679012,4.908690869086909,12.12,8.962083091186631,0.40264026402640263,0.46644664466446645,2.56198347107438,3.533333333333333,1.033003300330033
psychographed,emmanuel,renúncia__1944,psychographed_emmanuel_renúncia__1944_066,1000,902,82,81.48927488065448,0.00815797180270259,0.5665188470066519,0.7959526774595269,4.8337028824833705,11.0,11.043152607484654,0.401330376940133,0.47339246119733924,2.7885304659498207,2.975609756097561,1.0776053215077606
psychographed,emmanuel,renúncia__1944,psychographed_emmanuel_renúncia__1944_067,1000,936,74,75.51683833735116,0.007559760500936971,0.5683760683760684,0.8090919952210275,4.971153846153846,12.64864864864865,10.591215677399873,0.41025641025641024,0.4722222222222222,2.5347776510832385,3.2837837837837838,1.0416666666666667
psychographed,emmanuel,renúncia__1944,psychographed_emmanuel_renúncia__1944_068,1000,908,79,70.2031865551437,0.007028058808387043,0.5583700440528634,0.809839307787392,4.773127753303965,11.49367088607595,8.921419847435477,0.40308370044052866,0.4966960352422907,2.4178571428571427,3.3037974683544302,1.0759911894273129
psychographed,emmanuel,renúncia__1944,psychographed_emmanuel_renúncia__1944_069,1000,939,55,82.61116611717311,0.008269923772284174,0.5676251331203408,0.8013928571428572,4.959531416400426,17.072727272727274,11.58659812880153,0.4036208732694356,0.4728434504792332,2.6458100558659217,4.509090909090909,1.0820021299254525
psychographed,emmanuel,renúncia__1944,psychographed_emmanuel_renúncia__1944_070,1000,917,54,71.2103499986324,0.007128809055539947,0.5757906215921483,0.809559902200489,5.027262813522356,16.98148148148148,10.9822933932573,0.4100327153762268,0.4569247546346783,2.499425947187141,4.37037037037037,1.054525627044711
psychographed,emmanuel,renúncia__1944,psychographed_emmanuel_renúncia__1944_071,1000,905,58,80.5836207685968,0.008067276194201339,0.5712707182320442,0.8014764267990074,4.923756906077348,15.60344827586207,11.40619864020167,0.4176795580110497,0.46519337016574586,2.7001166861143524,3.913793103448276,1.1060773480662984
psychographed,emmanuel,renúncia__1944,psychographed_emmanuel_renúncia__1944_072,1000,937,74,81.09625738494184,0.008118289868556677,0.5709711846318036,0.791038186157518,4.930629669156883,12.662162162162161,9.704104769586365,0.4439701173959445,0.49413020277481323,2.55184331797235,3.5135135135135136,1.0704375667022412
psychographed,emmanuel,renúncia__1944,psychographed_emmanuel_renúncia__1944_073,1000,936,77,59.0802834392578,0.005914347090817679,0.5833333333333334,0.8265113500597373,4.97008547008547,12.155844155844155,8.597893029524219,0.41773504273504275,0.4722222222222222,2.4505747126436783,3.3506493506493507,1.0715811965811965
psychographed,emmanuel,renúncia__1944,psychographed_emmanuel_renúncia__1944_074,1000,919,80,65.9277423418794,0.006599955905467011,0.5865070729053319,0.812560975609756,4.835690968443961,11.4875,8.253777544252086,0.4015233949945593,0.46354733405875953,2.3896713615023475,3.375,1.0957562568008705
psychographed,emmanuel,renúncia__1944,psychographed_emmanuel_renúncia__1944_075,1000,922,59,82.3683306590878,0.008245776424286531,0.527114967462039,0.8008262454434995,5.005422993492408,15.627118644067796,9.921553844072957,0.40130151843817785,0.4913232104121475,2.6827033218785794,4.254237288135593,1.06941431670282
psychographed,emmanuel,renúncia__1944,psychographed_emmanuel_renúncia__1944_076,1000,945,60,62.88737717309146,0.006295399515738499,0.5735449735449736,0.8240307328605201,5.006349206349206,15.75,10.932558407497,0.4148148148148148,0.4804232804232804,2.6049382716049383,4.066666666666666,1.1026455026455027
psychographed,emmanuel,renúncia__1944,psychographed_emmanuel_renúncia__1944_077,1000,945,81,67.3217435122197,0.006739305891848265,0.5566137566137566,0.807919621749409,5.058201058201059,11.666666666666666,8.827566251573868,0.39365079365079364,0.4634920634920635,2.473744292237443,3.493827160493827,1.0444444444444445
psychographed,emmanuel,renúncia__1944,psychographed_emmanuel_renúncia__1944_078,1000,932,64,78.30776031977013,0.007839187177016729,0.5675965665236051,0.8051380552220889,5.1427038626609445,14.5625,11.637593984582896,0.398068669527897,0.4688841201716738,2.607021517553794,3.75,1.0396995708154506
psychographed,emmanuel,renúncia__1944,psychographed_emmanuel_renúncia__1944_079,1000,926,73,76.78349015016164,0.007686649932870235,0.5669546436285097,0.8132527206771464,5.071274298056156,12.684931506849315,8.24932826211508,0.3963282937365011,0.45464362850971923,2.517919075144509,3.5753424657534247,1.0442764578833694
psychographed,emmanuel,renúncia__1944,psychographed_emmanuel_renúncia__1944_080,1000,903,84,75.2751073387711,0.007535856089457904,0.574750830564784,0.819726368159204,5.034330011074197,10.75,7.762662466668802,0.37652270210409744,0.4717607973421927,2.327731092436975,3.4761904761904763,1.0841638981173864
psychographed,emmanuel,renúncia__1944,psychographed_emmanuel_renúncia__1944_081,1000,901,86,74.82129241033209,0.0074904427179676904,0.5715871254162043,0.8030922693266833,4.942286348501665,10.476744186046512,8.317433000947881,0.41509433962264153,0.5016648168701443,2.402644230769231,3.255813953488372,1.0932297447280799
psychographed,emmanuel,renúncia__1944,psychographed_emmanuel_renúncia__1944_082,1000,924,82,66.31716047300463,0.006638901005098188,0.5725108225108225,0.8202666666666666,5.0270562770562774,11.268292682926829,8.437790689464556,0.36363636363636365,0.4512987012987013,2.3704572098475967,3.3902439024390243,1.0551948051948052
psychographed,emmanuel,renúncia__1944,psychographed_emmanuel_renúncia__1944_083,1000,904,87,76.45469496436682,0.007653936240065073,0.547566371681416,0.7943105590062113,4.789823008849558,10.39080459770115,9.357959697361927,0.3915929203539823,0.4646017699115044,2.550359712230216,3.045977011494253,1.122787610619469
psychographed,emmanuel,renúncia__1944,psychographed_emmanuel_renúncia__1944_084,1000,916,96,64.95394824660094,0.006502493616818193,0.5818777292576419,0.8242105263157895,4.891921397379913,9.541666666666666,7.3752354011395616,0.3799126637554585,0.46943231441048033,2.4109263657957243,2.9791666666666665,1.0971615720524017
psychographed,emmanuel,renúncia__1944,psychographed_emmanuel_renúncia__1944_085,1000,906,88,67.34597410444961,0.0067420389545449,0.5805739514348786,0.8255885997521685,4.873068432671082,10.295454545454545,7.421037496244117,0.3830022075055188,0.46688741721854304,2.4837153196622435,3.352272727272727,1.1147902869757174
psychographed,emmanuel,renúncia__1944,psychographed_emmanuel_renúncia__1944_086,1000,922,75,85.1209998070779,0.008521342217386083,0.5216919739696312,0.7741919805589307,4.841648590021692,12.293333333333333,10.649285839383264,0.43275488069414314,0.5065075921908894,2.5347222222222223,3.48,1.03470715835141
psychographed,emmanuel,renúncia__1944,psychographed_emmanuel_renúncia__1944_087,1000,934,70,66.02808944972007,0.006609885910615064,0.5396145610278372,0.8158922155688623,4.872591006423983,13.342857142857143,9.73782861434976,0.4346895074946467,0.49571734475374735,2.6064441887226697,3.742857142857143,1.0781584582441113
psychographed,emmanuel,renúncia__1944,psychographed_emmanuel_renúncia__1944_088,1000,923,77,79.2084786408257,0.007929438805366824,0.5557963163596966,0.7988834951456311,4.822318526543879,11.987012987012987,9.53802166654698,0.4182015167930661,0.4875406283856988,2.481913652275379,3.3506493506493507,1.0845070422535212
psychographed,emmanuel,renúncia__1944,psychographed_emmanuel_renúncia__1944_089,1000,922,67,80.76848876111066,0.00808561852744235,0.5585683297180043,0.7899635479951399,4.891540130151844,13.761194029850746,9.715489329037984,0.43275488069414314,0.5032537960954447,2.599537037037037,3.8208955223880596,1.1182212581344901
psychographed,emmanuel,renúncia__1944,psychographed_emmanuel_renúncia__1944_090,1000,923,82,79.60757293154711,0.007969391520153794,0.570964247020585,0.8101456310679612,5.09967497291441,11.25609756097561,8.122253345292549,0.40303358613217766,0.4593716143011918,2.456445993031359,3.426829268292683,1.029252437703142
psychographed,emmanuel,renúncia__1944,psychographed_emmanuel_renúncia__1944_091,1000,925,66,84.80350620891161,0.00848952848952849,0.5405405405405406,0.795,4.967567567567568,14.015151515151516,10.477237121699398,0.42162162162162165,0.4897297297297297,2.604357798165138,3.8181818181818183,1.0875675675675676
psychographed,emmanuel,renúncia__1944,psychographed_emmanuel_renúncia__1944_092,1000,937,69,69.50131496670156,0.006957556850833265,0.5645677694770544,0.8150477326968973,4.971184631803629,13.579710144927537,9.331892948536247,0.4151547491995731,0.46744930629669157,2.463302752293578,3.63768115942029,1.088580576307364
psychographed,emmanuel,renúncia__1944,psychographed_emmanuel_renúncia__1944_093,1000,930,64,67.29101630246271,0.006736345011979583,0.5655913978494623,0.8136221419975933,5.143010752688172,14.53125,7.182810970469709,0.4258064516129032,0.4838709677419355,2.4531963470319633,3.953125,1.064516129032258
psychographed,emmanuel,renúncia__1944,psychographed_emmanuel_renúncia__1944_094,1000,936,63,70.12930089853167,0.007020430549842314,0.5705128205128205,0.8186977299880526,5.128205128205129,14.857142857142858,10.292325917357827,0.4155982905982906,0.4636752136752137,2.7055492638731597,3.8095238095238093,1.0993589743589745
psychographed,emmanuel,renúncia__1944,psychographed_emmanuel_renúncia__1944_095,1000,942,69,79.89956770840377,0.007998447691957103,0.583864118895966,0.8124199288256226,4.869426751592357,13.652173913043478,12.472376535108392,0.4033970276008493,0.46390658174097665,2.775370581527936,3.608695652173913,1.1220806794055203
psychographed,emmanuel,renúncia__1944,psychographed_emmanuel_renúncia__1944_096,1000,943,83,68.16988267628078,0.006824224985534264,0.5790031813361611,0.8203909952606635,4.9077412513255565,11.36144578313253,7.540378555025247,0.37751855779427357,0.4485683987274655,2.4377880184331797,3.397590361445783,1.0816542948038177
psychographed,emmanuel,renúncia__1944,psychographed_emmanuel_renúncia__1944_097,1000,930,76,71.49959532893976,0.007157655937127447,0.5849462365591398,0.8228880866425992,4.917204301075269,12.236842105263158,11.034477572176161,0.3827956989247312,0.43870967741935485,2.739030023094688,3.1973684210526314,1.09247311827957
psychographed,emmanuel,renúncia__1944,psychographed_emmanuel_renúncia__1944_098,1000,922,82,71.4047082405974,0.007148223778266102,0.588937093275488,0.824678007290401,5.05531453362256,11.24390243902439,8.750694711947238,0.4088937093275488,0.4642082429501085,2.4342258440046565,3.3780487804878048,1.0672451193058567
psychographed,emmanuel,renúncia__1944,psychographed_emmanuel_renúncia__1944_099,1000,932,85,73.7718506511448,0.007385109001811703,0.575107296137339,0.829483793517407,4.997854077253219,10.964705882352941,9.111656476021484,0.4130901287553648,0.48283261802575106,2.343057176196033,3.447058823529412,1.0933476394849786
psychographed,emmanuel,renúncia__1944,psychographed_emmanuel_renúncia__1944_100,1000,930,75,77.62747138397502,0.007771103163304281,0.578494623655914,0.8076173285198556,4.839784946236559,12.4,9.842763839491427,0.4053763440860215,0.47096774193548385,2.7433831990794015,3.8,1.0763440860215054
psychographed,emmanuel,renúncia__1944,psychographed_emmanuel_renúncia__1944_101,1000,892,81,70.45687626938005,0.007053595244925589,0.5818385650224215,0.8305548549810845,5.021300448430493,11.012345679012345,8.504891587641964,0.3834080717488789,0.46524663677130046,2.5169082125603865,3.3333333333333335,1.1031390134529149
psychographed,emmanuel,renúncia__1944,psychographed_emmanuel_renúncia__1944_102,1000,929,74,71.35234594880197,0.0071429234252626105,0.573735199138859,0.83,4.905274488697525,12.554054054054054,8.301972888110152,0.41119483315392896,0.48546824542518835,2.6800920598388953,3.527027027027027,1.0968783638320776
psychographed,emmanuel,renúncia__1944,psychographed_emmanuel_renúncia__1944_103,1000,907,86,67.85396931133448,0.006792886331719688,0.5986769570011026,0.8289727722772277,4.908489525909592,10.546511627906977,8.407716523146204,0.3836824696802646,0.4564498346196251,2.520334928229665,3.1744186046511627,1.0926130099228224
psychographed,emmanuel,renúncia__1944,psychographed_emmanuel_renúncia__1944_104,1000,892,72,71.71368818998974,0.0071794174933188385,0.5728699551569507,0.8198991172761665,4.766816143497758,12.38888888888889,9.72476157313489,0.39798206278026904,0.4730941704035874,2.6041162227602905,3.4583333333333335,1.0706278026905829
psychographed,emmanuel,renúncia__1944,psychographed_emmanuel_renúncia__1944_105,1000,907,71,89.10239968686524,0.008920074670638716,0.5501653803748622,0.7891707920792079,4.816979051819184,12.774647887323944,9.363093841485695,0.41565600882028664,0.47519294377067256,2.6485849056603774,3.436619718309859,1.083792723263506
psychographed,emmanuel,renúncia__1944,psychographed_emmanuel_renúncia__1944_106,1000,902,94,79.00649456000708,0.007909418212333673,0.565410199556541,0.8034122042341219,4.876940133037694,9.595744680851064,6.947093604654641,0.40687361419068735,0.4634146341463415,2.297560975609756,3.021276595744681,1.1075388026607538
psychographed,emmanuel,renúncia__1944,psychographed_emmanuel_renúncia__1944_107,1000,893,97,72.1049245782489,0.007218575969548908,0.5621500559910414,0.812670025188917,4.843225083986562,9.206185567010309,8.964923794766872,0.406494960806271,0.4658454647256439,2.438423645320197,2.9587628865979383,1.100783874580067
psychographed,emmanuel,renúncia__1944,psychographed_emmanuel_renúncia__1944_108,1000,915,75,83.75287407805548,0.008384450741949755,0.5420765027322404,0.792156862745098,4.995628415300547,12.2,9.496666081666064,0.40437158469945356,0.4710382513661202,2.3594847775175642,3.466666666666667,1.0415300546448087
psychographed,emmanuel,renúncia__1944,psychographed_emmanuel_renúncia__1944_109,1000,911,95,87.43000839838973,0.008752608533069564,0.5697036223929748,0.8001847290640394,4.884742041712404,9.589473684210526,7.60262383632624,0.40285400658616904,0.4676180021953897,2.4348864994026282,3.0210526315789474,1.0801317233809
psychographed,emmanuel,renúncia__1944,psychographed_emmanuel_renúncia__1944_110,1000,913,70,83.08850257147279,0.00831796083856959,0.5585980284775466,0.8095823095823096,5.0098576122672505,13.042857142857143,8.300491748402989,0.3910186199342826,0.4665936473165389,2.349243306169965,3.8142857142857145,1.036144578313253
psychographed,emmanuel,renúncia__1944,psychographed_emmanuel_renúncia__1944_111,1000,918,72,87.69181843640385,0.008778744746414257,0.5424836601307189,0.7717948717948719,4.730936819172113,12.75,10.680654890449784,0.420479302832244,0.4782135076252723,2.660069848661234,3.3333333333333335,1.0686274509803921
psychographed,emmanuel,renúncia__1944,psychographed_emmanuel_renúncia__1944_112,1000,934,77,66.25735364919827,0.006632836903360255,0.563169164882227,0.7996646706586826,4.9036402569593145,12.12987012987013,8.45976059553597,0.4004282655246253,0.47644539614561027,2.452353616532721,3.4675324675324677,1.068522483940043
psychographed,emmanuel,renúncia__1944,psychographed_emmanuel_renúncia__1944_113,1000,922,80,78.01581961312058,0.007810052734342799,0.5672451193058569,0.8032442284325637,4.954446854663774,11.525,8.793427943640637,0.4121475054229935,0.4793926247288503,2.3911007025761126,3.325,1.0856832971800434
psychographed,emmanuel,renúncia__1944,psychographed_emmanuel_renúncia__1944_114,1000,894,85,89.06005234999425,0.008915978365161798,0.5615212527964206,0.8022138364779874,4.809843400447427,10.51764705882353,7.338234704703501,0.41387024608501116,0.4988814317673378,2.5230582524271843,3.176470588235294,1.0883668903803132
psychographed,emmanuel,renúncia__1944,psychographed_emmanuel_renúncia__1944_115,1000,920,80,69.0453686200378,0.006912049959786157,0.5771739130434783,0.8027161997563946,4.968478260869565,11.5,7.862887510323418,0.41195652173913044,0.4641304347826087,2.3939038686987106,3.6375,1.0543478260869565
psychographed,emmanuel,renúncia__1944,psychographed_emmanuel_renúncia__1944_116,1000,917,69,97.46827464742671,0.009757468106079727,0.5485278080697928,0.7888264058679708,4.953107960741549,13.289855072463768,8.397897337378025,0.4187568157033806,0.49291166848418755,2.522248243559719,3.869565217391304,1.0916030534351144
psychographed,emmanuel,renúncia__1944,psychographed_emmanuel_renúncia__1944_117,1000,894,86,88.034072539275,0.008813265492733691,0.5514541387024608,0.7924528301886793,4.672259507829978,10.395348837209303,8.383648356296531,0.38814317673378074,0.4720357941834452,2.393719806763285,3.0930232558139537,1.0760626398210291
psychographed,emmanuel,renúncia__1944,psychographed_emmanuel_renúncia__1944_118,1000,918,88,88.21393481139732,0.008831013321359079,0.5729847494553377,0.7855799755799757,4.620915032679738,10.431818181818182,8.144707504298637,0.39215686274509803,0.4553376906318083,2.4530321046373365,3.0795454545454546,1.0348583877995643
psychographed,emmanuel,renúncia__1944,psychographed_emmanuel_renúncia__1944_119,1000,901,79,80.33988625291174,0.008042915279319275,0.5549389567147613,0.7897880299251872,4.846836847946726,11.405063291139241,7.497711021746202,0.4295227524972253,0.48834628190899,2.3127962085308056,3.481012658227848,1.0577136514983352
psychographed,emmanuel,renúncia__1944,psychographed_emmanuel_renúncia__1944_120,1000,903,79,81.01455833820819,0.00811043749217317,0.5570321151716501,0.8016915422885573,4.8737541528239205,11.430379746835444,8.469877443412347,0.4152823920265781,0.48726467331118495,2.4421930870083433,3.632911392405063,1.0852713178294573
psychographed,emmanuel,renúncia__1944,psychographed_emmanuel_renúncia__1944_121,1000,909,84,71.64632854924656,0.007172523419742855,0.5984598459845984,0.8234444444444444,4.971397139713972,10.821428571428571,10.37184916502553,0.38943894389438943,0.44664466446644663,2.6037735849056602,3.1666666666666665,1.0726072607260726
psychographed,emmanuel,renúncia__1944,psychographed_emmanuel_renúncia__1944_122,1000,914,84,76.34702584163678,0.007643064799480397,0.5853391684901532,0.8094601226993865,4.87527352297593,10.880952380952381,8.69099802738547,0.3971553610503282,0.47155361050328226,2.606132075471698,3.357142857142857,1.0667396061269148
psychographed,emmanuel,renúncia__1944,psychographed_emmanuel_renúncia__1944_123,1000,915,94,67.1265191555436,0.006719996173667659,0.5890710382513661,0.8220098039215686,4.7901639344262295,9.73404255319149,8.004221667896731,0.4131147540983607,0.4633879781420765,2.418269230769231,2.9468085106382977,1.0830601092896175
psychographed,emmanuel,renúncia__1944,psychographed_emmanuel_renúncia__1944_124,1000,907,74,87.78956760416654,0.008788646558165459,0.5556780595369349,0.798539603960396,4.855567805953694,12.256756756756756,9.707980571605537,0.4189636163175303,0.48401323042998895,2.464622641509434,3.4324324324324325,1.076074972436604
psychographed,emmanuel,renúncia__1944,psychographed_emmanuel_renúncia__1944_125,1000,943,60,74.10747720829599,0.007418614756626658,0.5874867444326617,0.8083175355450237,4.889713679745493,15.716666666666667,15.601379924723183,0.4019088016967126,0.4528101802757158,2.7732884399551065,3.7,1.0911983032873807
psychographed,emmanuel,renúncia__1944,psychographed_emmanuel_renúncia__1944_126,1000,924,59,76.5774629410993,0.007666042877310483,0.5746753246753247,0.8155030303030303,5.158008658008658,15.661016949152541,10.414478464026839,0.4199134199134199,0.47835497835497837,2.507411630558723,3.8983050847457625,1.0714285714285714
psychographed,emmanuel,renúncia__1944,psychographed_emmanuel_renúncia__1944_127,1000,923,79,69.04331229480391,0.006911819658145771,0.570964247020585,0.8101213592233011,5.014084507042254,11.683544303797468,8.481617208757141,0.41278439869989164,0.4723726977248104,2.3795534665099884,3.4430379746835444,1.1018418201516793
psychographed,emmanuel,renúncia__1944,psychographed_emmanuel_renúncia__1944_128,1000,913,63,70.85196306484526,0.007092965162083742,0.5684556407447974,0.8012285012285013,4.980284775465498,14.492063492063492,12.775066260658797,0.4173055859802848,0.4764512595837897,2.7436194895591646,3.857142857142857,1.0810514786418401
psychographed,emmanuel,renúncia__1944,psychographed_emmanuel_renúncia__1944_129,1000,919,55,87.28795196557738,0.008738303688057256,0.5788900979325353,0.7943170731707317,5.140369967355822,16.70909090909091,14.021636173847027,0.4363438520130577,0.47442872687704024,2.637714285714286,4.254545454545455,1.0152339499455931
psychographed,emmanuel,renúncia__1944,psychographed_emmanuel_renúncia__1944_130,1000,918,60,80.47711943649404,0.008056488074449458,0.5925925925925926,0.80992673992674,5.0021786492374725,15.3,9.427442212321786,0.4139433551198257,0.4923747276688453,2.5309633027522938,4.133333333333334,1.065359477124183
psychographed,emmanuel,renúncia__1944,psychographed_emmanuel_renúncia__1944_131,1000,901,73,83.64118792659778,0.008373412257984955,0.6026637069922308,0.8031047381546135,4.991120976692564,12.342465753424657,8.581948525562392,0.40843507214206437,0.44950055493895674,2.5196195005945303,3.712328767123288,1.0732519422863485
psychographed,emmanuel,renúncia__1944,psychographed_emmanuel_renúncia__1944_132,1062,978,96,61.68425190593884,0.006174738829478831,0.5766871165644172,0.8193629124004551,4.979550102249489,10.1875,9.688172019701824,0.418200408997955,0.45807770961145194,2.456858407079646,3.1458333333333335,1.0879345603271984
psychographed,humberto_de_campos,brasil__coração_do_mundo__pátria_do_evangelho__1938,psychographed_humberto_de_campos_brasil__coração_do_mundo__pátria_do_evangelho__1938_000,1000,897,96,99.20346404278351,0.009931418219461698,0.5261984392419174,0.753095238095238,5.076923076923077,9.34375,16.9231277429489,0.44816053511705684,0.4938684503901895,3.0983412322274884,2.1666666666666665,1.0379041248606466
psychographed,humberto_de_campos,brasil__coração_do_mundo__pátria_do_evangelho__1938,psychographed_humberto_de_campos_brasil__coração_do_mundo__pátria_do_evangelho__1938_001,1000,955,36,93.65971327540363,0.009375788907548267,0.53717277486911,0.7758060747663552,4.936125654450262,26.52777777777778,18.108448168237064,0.45759162303664924,0.5047120418848168,3.077006507592191,4.722222222222222,1.0921465968586388
psychographed,humberto_de_campos,brasil__coração_do_mundo__pátria_do_evangelho__1938,psychographed_humberto_de_campos_brasil__coração_do_mundo__pátria_do_evangelho__1938_002,1000,930,37,90.16071222106602,0.009025776357975393,0.5193548387096775,0.7715523465703972,4.880645161290323,25.135135135135137,15.840697094547258,0.46344086021505376,0.510752688172043,2.9390243902439024,5.054054054054054,1.064516129032258
psychographed,humberto_de_campos,brasil__coração_do_mundo__pátria_do_evangelho__1938,psychographed_humberto_de_campos_brasil__coração_do_mundo__pátria_do_evangelho__1938_003,1000,927,51,104.47686508892403,0.010458969107714102,0.5318230852211435,0.7605314009661837,4.802588996763754,18.176470588235293,12.525590874642957,0.4487594390507012,0.4962243797195254,2.60225988700565,4.137254901960785,1.0258899676375404
psychographed,humberto_de_campos,brasil__coração_do_mundo__pátria_do_evangelho__1938,psychographed_humberto_de_campos_brasil__coração_do_mundo__pátria_do_evangelho__1938_004,1000,945,44,85.35035413342291,0.008544076764415747,0.526984126984127,0.7724231678486998,4.902645502645503,21.477272727272727,12.112143861662965,0.4624338624338624,0.5174603174603175,2.712555066079295,4.795454545454546,1.0486772486772487
psychographed,humberto_de_campos,brasil__coração_do_mundo__pátria_do_evangelho__1938,psychographed_humberto_de_campos_brasil__coração_do_mundo__pátria_do_evangelho__1938_005,1000,948,43,81.29484235076288,0.008138068695725788,0.560126582278481,0.7931919905771496,4.9831223628691985,22.046511627906977,10.414554860748453,0.4345991561181435,0.48945147679324896,2.6432491767288693,4.8604651162790695,1.0643459915611815
psychographed,humberto_de_campos,brasil__coração_do_mundo__pátria_do_evangelho__1938,psychographed_humberto_de_campos_brasil__coração_do_mundo__pátria_do_evangelho__1938_006,1000,950,34,110.89196675900277,0.011100881814652543,0.5210526315789473,0.7709753231492362,4.92,27.941176470588236,17.84894324845326,0.4631578947368421,0.5178947368421053,3.040173724212812,5.0,1.0694736842105264
psychographed,humberto_de_campos,brasil__coração_do_mundo__pátria_do_evangelho__1938,psychographed_humberto_de_campos_brasil__coração_do_mundo__pátria_do_evangelho__1938_007,1000,939,48,72.35848981707366,0.007243563106421339,0.5718849840255591,0.8161547619047619,5.179978700745474,19.5625,13.187598735807313,0.43769968051118213,0.48562300319488816,2.712694877505568,4.645833333333333,1.0372736954206603
psychographed,humberto_de_campos,brasil__coração_do_mundo__pátria_do_evangelho__1938,psychographed_humberto_de_campos_brasil__coração_do_mundo__pátria_do_evangelho__1938_008,1000,942,41,84.11429807835341,0.008420368628034953,0.5063694267515924,0.7823250296559905,5.1093418259023355,22.975609756097562,14.239224089710016,0.4437367303609342,0.4861995753715499,2.56353591160221,5.0,1.0435244161358812
psychographed,humberto_de_campos,brasil__coração_do_mundo__pátria_do_evangelho__1938,psychographed_humberto_de_campos_brasil__coração_do_mundo__pátria_do_evangelho__1938_009,1000,954,28,93.92209344742868,0.009402064758535883,0.5262054507337526,0.7625029239766082,5.066037735849057,34.07142857142857,26.22829520551717,0.43186582809224316,0.5041928721174004,3.2704741379310347,5.5,1.0880503144654088
psychographed,humberto_de_campos,brasil__coração_do_mundo__pátria_do_evangelho__1938,psychographed_humberto_de_campos_brasil__coração_do_mundo__pátria_do_evangelho__1938_010,1000,947,40,88.64763846036335,0.008874134632342929,0.49947201689545934,0.7628419811320756,4.915522703273496,23.675,12.430582247022864,0.4815205913410771,0.5163674762407603,2.581140350877193,5.35,1.058078141499472
psychographed,humberto_de_campos,brasil__coração_do_mundo__pátria_do_evangelho__1938,psychographed_humberto_de_campos_brasil__coração_do_mundo__pátria_do_evangelho__1938_011,1000,955,49,91.24749869795235,0.009134314597122065,0.5413612565445026,0.774894859813084,5.0910994764397905,19.489795918367346,12.182494046082702,0.4586387434554974,0.5015706806282723,2.4939626783754116,4.571428571428571,1.0628272251308901
psychographed,humberto_de_campos,brasil__coração_do_mundo__pátria_do_evangelho__1938,psychographed_humberto_de_campos_brasil__coração_do_mundo__pátria_do_evangelho__1938_012,1000,930,32,99.43346051566655,0.009954049330416565,0.5268817204301075,0.7768712394705175,5.064516129032258,29.0625,15.56224899395971,0.47096774193548385,0.5204301075268817,2.9536934950385887,5.53125,1.0462365591397849
psychographed,humberto_de_campos,brasil__coração_do_mundo__pátria_do_evangelho__1938,psychographed_humberto_de_campos_brasil__coração_do_mundo__pátria_do_evangelho__1938_013,1000,943,37,94.70913096331849,0.009480967144204813,0.5302226935312832,0.774063981042654,5.009544008483563,25.486486486486488,13.708591943034419,0.46659597030752914,0.5196182396606575,2.9416299559471364,5.243243243243243,1.0657476139978792
psychographed,humberto_de_campos,brasil__coração_do_mundo__pátria_do_evangelho__1938,psychographed_humberto_de_campos_brasil__coração_do_mundo__pátria_do_evangelho__1938_014,1000,949,41,87.38608995548528,0.008747826937526956,0.523709167544784,0.7777764705882353,4.998946259220232,23.146341463414632,17.025892728443814,0.4636459430979979,0.5068493150684932,2.7820372398685653,4.414634146341464,1.0590094836670179
psychographed,humberto_de_campos,brasil__coração_do_mundo__pátria_do_evangelho__1938,psychographed_humberto_de_campos_brasil__coração_do_mundo__pátria_do_evangelho__1938_015,1000,937,38,97.56608718531065,0.009767032445794452,0.5293489861259338,0.7525417661097852,4.941302027748132,24.657894736842106,12.767714867441553,0.4567769477054429,0.5016008537886874,2.6293007769145396,5.184210526315789,1.032017075773746
psychographed,humberto_de_campos,brasil__coração_do_mundo__pátria_do_evangelho__1938,psychographed_humberto_de_campos_brasil__coração_do_mundo__pátria_do_evangelho__1938_016,1000,947,37,85.77077170278176,0.008586143848048025,0.5374868004223865,0.7603537735849057,4.927138331573389,25.594594594594593,15.283730016394061,0.46462513199577615,0.5227032734952481,2.816593886462882,4.675675675675675,1.0760295670538542
psychographed,humberto_de_campos,brasil__coração_do_mundo__pátria_do_evangelho__1938,psychographed_humberto_de_campos_brasil__coração_do_mundo__pátria_do_evangelho__1938_017,1000,940,37,89.92756903576279,0.009002333854485305,0.5202127659574468,0.7735315101070154,4.956382978723404,25.405405405405407,15.774525237143212,0.4563829787234043,0.5053191489361702,2.7739801543550167,4.945945945945946,1.028723404255319
psychographed,humberto_de_campos,brasil__coração_do_mundo__pátria_do_evangelho__1938,psychographed_humberto_de_campos_brasil__coração_do_mundo__pátria_do_evangelho__1938_018,1000,935,41,95.238639938231,0.009534060850347536,0.5422459893048128,0.7589473684210527,4.8834224598930485,22.804878048780488,13.070576735731292,0.46310160427807484,0.5133689839572193,2.5532150776053215,5.097560975609756,1.0310160427807487
psychographed,humberto_de_campos,brasil__coração_do_mundo__pátria_do_evangelho__1938,psychographed_humberto_de_campos_brasil__coração_do_mundo__pátria_do_evangelho__1938_019,1000,945,39,85.19358360628202,0.008528383104654291,0.5566137566137566,0.7894917257683216,5.121693121693122,24.23076923076923,15.125901606459168,0.45185185185185184,0.4835978835978836,2.8267543859649122,5.128205128205129,1.053968253968254
psychographed,humberto_de_campos,brasil__coração_do_mundo__pátria_do_evangelho__1938,psychographed_humberto_de_campos_brasil__coração_do_mundo__pátria_do_evangelho__1938_020,1000,931,47,88.97493080560847,0.008907060277421665,0.518796992481203,0.7616826923076924,4.980665950590763,19.80851063829787,13.554677763457287,0.47046186895810954,0.5016111707841031,2.509518477043673,4.468085106382978,1.0354457572502684
psychographed,humberto_de_campos,brasil__coração_do_mundo__pátria_do_evangelho__1938,psychographed_humberto_de_campos_brasil__coração_do_mundo__pátria_do_evangelho__1938_021,1000,940,42,115.11996378451788,0.011524256225500193,0.5074468085106383,0.7538406658739596,4.892553191489362,22.38095238095238,15.758523590731372,0.4648936170212766,0.5117021276595745,2.915291529152915,4.690476190476191,1.0191489361702128
psychographed,humberto_de_campos,brasil__coração_do_mundo__pátria_do_evangelho__1938,psychographed_humberto_de_campos_brasil__coração_do_mundo__pátria_do_evangelho__1938_022,1000,931,46,89.80560962018365,0.008990217479181826,0.5295381310418904,0.7723076923076923,4.909774436090226,20.23913043478261,13.757503537767397,0.45005370569280345,0.5155746509129968,2.841340782122905,4.586956521739131,1.0150375939849625
psychographed,humberto_de_campos,brasil__coração_do_mundo__pátria_do_evangelho__1938,psychographed_humberto_de_campos_brasil__coração_do_mundo__pátria_do_evangelho__1938_023,1000,937,42,95.24254273214657,0.009534429758549288,0.5197438633938101,0.7589021479713605,5.046958377801494,22.30952380952381,13.824560778759793,0.464247598719317,0.49626467449306294,2.5957918050941307,4.9523809523809526,1.0042689434364995
psychographed,humberto_de_campos,brasil__coração_do_mundo__pátria_do_evangelho__1938,psychographed_humberto_de_campos_brasil__coração_do_mundo__pátria_do_evangelho__1938_024,1000,930,38,86.34524222453463,0.008643818651110571,0.5279569892473118,0.7708303249097472,5.233333333333333,24.473684210526315,13.997625441679032,0.44516129032258067,0.4956989247311828,2.6967670011148273,5.2894736842105265,1.0526881720430108
psychographed,humberto_de_campos,brasil__coração_do_mundo__pátria_do_evangelho__1938,psychographed_humberto_de_campos_brasil__coração_do_mundo__pátria_do_evangelho__1938_025,1000,935,39,106.86036203494524,0.01069747735574666,0.5058823529411764,0.7508612440191388,4.9315508021390375,23.974358974358974,13.514450346900153,0.4502673796791444,0.5026737967914439,2.6090808416389812,4.948717948717949,1.0224598930481283
psychographed,humberto_de_campos,brasil__coração_do_mundo__pátria_do_evangelho__1938,psychographed_humberto_de_campos_brasil__coração_do_mundo__pátria_do_evangelho__1938_026,1000,939,39,90.27799043007936,0.009037423562243551,0.5346112886048988,0.7668452380952382,5.05111821086262,24.076923076923077,16.003821042752314,0.476038338658147,0.5154419595314164,2.749448123620309,5.333333333333333,1.040468583599574
psychographed,humberto_de_campos,brasil__coração_do_mundo__pátria_do_evangelho__1938,psychographed_humberto_de_campos_brasil__coração_do_mundo__pátria_do_evangelho__1938_027,1000,945,43,88.75451415133955,0.0088848533763788,0.5248677248677248,0.7745153664302601,4.993650793650794,21.976744186046513,12.130086316710129,0.4783068783068783,0.5259259259259259,2.8574585635359115,4.558139534883721,1.052910052910053
psychographed,humberto_de_campos,brasil__coração_do_mundo__pátria_do_evangelho__1938,psychographed_humberto_de_campos_brasil__coração_do_mundo__pátria_do_evangelho__1938_028,1000,935,37,91.1207069118362,0.009121826655521076,0.5358288770053476,0.7727033492822967,5.002139037433155,25.27027027027027,15.894327814780677,0.4663101604278075,0.5155080213903743,2.7937915742793793,4.972972972972973,1.0556149732620321
psychographed,humberto_de_campos,brasil__coração_do_mundo__pátria_do_evangelho__1938,psychographed_humberto_de_campos_brasil__coração_do_mundo__pátria_do_evangelho__1938_029,1000,939,40,102.52676300099465,0.010263606658628355,0.5079872204472844,0.7725000000000001,5.06283280085197,23.475,17.639426719709462,0.4579339723109691,0.503727369542066,2.84070796460177,4.7,1.0489882854100105
psychographed,humberto_de_campos,brasil__coração_do_mundo__pátria_do_evangelho__1938,psychographed_humberto_de_campos_brasil__coração_do_mundo__pátria_do_evangelho__1938_030,1000,939,43,77.91580329832226,0.00779988691867,0.5218317358892439,0.7829523809523811,5.235356762513312,21.837209302325583,18.34416481908296,0.4398296059637913,0.4909478168264111,2.814238042269188,4.488372093023256,1.0575079872204474
psychographed,humberto_de_campos,brasil__coração_do_mundo__pátria_do_evangelho__1938,psychographed_humberto_de_campos_brasil__coração_do_mundo__pátria_do_evangelho__1938_031,1000,946,40,101.68552132267162,0.0101793125048939,0.5338266384778013,0.7706847697756788,5.088794926004228,23.65,13.97059411764582,0.45771670190274844,0.5126849894291755,2.890230515916575,5.1,1.062367864693446
psychographed,humberto_de_campos,brasil__coração_do_mundo__pátria_do_evangelho__1938,psychographed_humberto_de_campos_brasil__coração_do_mundo__pátria_do_evangelho__1938_032,1000,938,33,93.76662226485604,0.00938666933665261,0.523454157782516,0.7647675804529201,5.040511727078891,28.424242424242426,16.602355260132665,0.4573560767590618,0.5010660980810234,2.7719298245614037,5.363636363636363,1.0255863539445629
psychographed,humberto_de_campos,brasil__coração_do_mundo__pátria_do_evangelho__1938,psychographed_humberto_de_campos_brasil__coração_do_mundo__pátria_do_evangelho__1938_033,1000,945,39,84.54410570812688,0.008463366514213972,0.5407407407407407,0.7685933806146572,5.104761904761904,24.23076923076923,13.652202862469762,0.4455026455026455,0.4846560846560847,2.78021978021978,5.0,1.0243386243386243
psychographed,humberto_de_campos,brasil__coração_do_mundo__pátria_do_evangelho__1938,psychographed_humberto_de_campos_brasil__coração_do_mundo__pátria_do_evangelho__1938_034,1000,943,37,108.76593620009693,0.010888139897737941,0.5164369034994698,0.7592298578199052,5.149522799575822,25.486486486486488,18.603431275514485,0.45387062566277836,0.49628844114528103,2.738748627881449,5.243243243243243,1.029692470837752
psychographed,humberto_de_campos,brasil__coração_do_mundo__pátria_do_evangelho__1938,psychographed_humberto_de_campos_brasil__coração_do_mundo__pátria_do_evangelho__1938_035,1000,946,38,102.28892991074022,0.010239717216461403,0.5021141649048626,0.7483471074380166,4.937632135306554,24.894736842105264,19.019089404407698,0.4820295983086681,0.5264270613107822,3.0976138828633406,4.2631578947368425,1.040169133192389
psychographed,humberto_de_campos,brasil__coração_do_mundo__pátria_do_evangelho__1938,psychographed_humberto_de_campos_brasil__coração_do_mundo__pátria_do_evangelho__1938_036,1000,942,37,104.80479262174259,0.010491616859689855,0.5169851380042463,0.7538790035587188,5.031847133757962,25.45945945945946,18.523315613826743,0.4575371549893843,0.49150743099787686,3.0792079207920793,4.972972972972973,1.0732484076433122
psychographed,humberto_de_campos,brasil__coração_do_mundo__pátria_do_evangelho__1938,psychographed_humberto_de_campos_brasil__coração_do_mundo__pátria_do_evangelho__1938_037,1000,948,33,105.08465523687443,0.010519562108189754,0.4767932489451477,0.7461130742049471,4.9905063291139244,28.727272727272727,19.0107987291318,0.4810126582278481,0.5274261603375527,3.1251360174102287,5.333333333333333,1.0559071729957805
psychographed,humberto_de_campos,brasil__coração_do_mundo__pátria_do_evangelho__1938,psychographed_humberto_de_campos_brasil__coração_do_mundo__pátria_do_evangelho__1938_038,1000,945,27,95.49564681839814,0.009559680746121424,0.49947089947089945,0.7563002364066193,5.032804232804232,35.0,21.793645013236382,0.46984126984126984,0.5365079365079365,3.1397616468039002,5.666666666666667,1.0402116402116401
psychographed,humberto_de_campos,brasil__coração_do_mundo__pátria_do_evangelho__1938,psychographed_humberto_de_campos_brasil__coração_do_mundo__pátria_do_evangelho__1938_039,1389,1323,44,102.06081256723736,0.010213801439217475,0.46787603930461075,0.7519362745098039,5.024943310657596,30.068181818181817,18.556299747810137,0.46107331821617537,0.5222978080120937,3.0863141524105755,5.545454545454546,1.0627362055933485
psychographed,humberto_de_campos,crônicas_de_além_túmulo__1937,psychographed_humberto_de_campos_crônicas_de_além_túmulo__1937_000,1000,907,98,93.8674939129568,0.00939711004183795,0.5126791620727673,0.7737747524752475,5.149944873208379,9.255102040816327,17.4463090210788,0.4410143329658214,0.5137816979051819,2.8146853146853146,2.4081632653061225,1.0341786108048512
psychographed,humberto_de_campos,crônicas_de_além_túmulo__1937,psychographed_humberto_de_campos_crônicas_de_além_túmulo__1937_001,1000,968,55,89.75223686906632,0.008984505200543558,0.5702479338842975,0.7914614499424626,5.12396694214876,17.6,12.697315392704795,0.45661157024793386,0.49173553719008267,2.632829373650108,4.709090909090909,1.0795454545454546
psychographed,humberto_de_campos,crônicas_de_além_túmulo__1937,psychographed_humberto_de_campos_crônicas_de_além_túmulo__1937_002,1000,969,63,77.74550806689521,0.007782582367440234,0.541795665634675,0.7729425287356322,4.652218782249742,15.380952380952381,13.371883047492886,0.47058823529411764,0.5397316821465429,2.428881650380022,4.111111111111111,1.0546955624355006
psychographed,humberto_de_campos,crônicas_de_além_túmulo__1937,psychographed_humberto_de_campos_crônicas_de_além_túmulo__1937_003,1000,978,69,88.28166493114365,0.008837202487477838,0.5,0.7607622298065985,4.7280163599182,14.173913043478262,10.508735526658292,0.48568507157464214,0.5644171779141104,2.3187772925764194,4.0144927536231885,1.0593047034764826
psychographed,humberto_de_campos,crônicas_de_além_túmulo__1937,psychographed_humberto_de_campos_crônicas_de_além_túmulo__1937_004,1000,958,79,70.88968405821105,0.007096375896318305,0.5427974947807933,0.7834109429569267,4.876826722338205,12.126582278481013,8.24523965247673,0.46555323590814196,0.5250521920668059,2.5095613048368954,3.4430379746835444,1.0949895615866387
psychographed,humberto_de_campos,crônicas_de_além_túmulo__1937,psychographed_humberto_de_campos_crônicas_de_além_túmulo__1937_005,1000,959,73,69.1544133237503,0.006922659955895255,0.5630865484880083,0.7960232558139535,4.818561001042753,13.136986301369863,10.037348157800857,0.456725755995829,0.5224191866527633,2.376248612652608,3.6986301369863015,1.089676746611053
psychographed,humberto_de_campos,crônicas_de_além_túmulo__1937,psychographed_humberto_de_campos_crônicas_de_além_túmulo__1937_006,1000,969,53,67.81964320136832,0.006788970481624577,0.5304437564499485,0.786183908045977,4.913312693498452,18.28301886792453,11.634978749833536,0.46439628482972134,0.5335397316821465,2.5644637053087758,4.547169811320755,1.061919504643963
psychographed,humberto_de_campos,crônicas_de_além_túmulo__1937,psychographed_humberto_de_campos_crônicas_de_além_túmulo__1937_007,1000,981,52,78.20350159659421,0.00782833010880193,0.5382262996941896,0.7835600907029477,4.7716615698267075,18.865384615384617,14.541755324890945,0.4780835881753313,0.5259938837920489,2.7427961579509073,4.3076923076923075,1.0774719673802242
psychographed,humberto_de_campos,crônicas_de_além_túmulo__1937,psychographed_humberto_de_campos_crônicas_de_além_túmulo__1937_008,1000,978,51,76.09118396125811,0.007616906644228294,0.5296523517382413,0.7803526734926053,4.894683026584867,19.176470588235293,15.401433447868904,0.4897750511247444,0.5286298568507157,2.76093916755603,4.333333333333333,1.0879345603271984
psychographed,humberto_de_campos,crônicas_de_além_túmulo__1937,psychographed_humberto_de_campos_crônicas_de_além_túmulo__1937_009,1000,971,53,77.63769288777218,0.0077717731746419355,0.5386199794026777,0.7852408256880734,4.911431513903192,18.32075471698113,10.413658637714946,0.4685890834191555,0.5242018537590113,2.5551948051948052,4.735849056603773,1.074150360453141
psychographed,humberto_de_campos,crônicas_de_além_túmulo__1937,psychographed_humberto_de_campos_crônicas_de_além_túmulo__1937_010,1000,978,50,86.10703367751054,0.008619516779591128,0.5204498977505112,0.7556996587030717,4.798568507157464,19.56,15.139564062416062,0.4652351738241309,0.5184049079754601,2.7379679144385025,4.36,1.0613496932515338
psychographed,humberto_de_campos,crônicas_de_além_túmulo__1937,psychographed_humberto_de_campos_crônicas_de_além_túmulo__1937_011,1000,986,45,84.81828767038745,0.008490439760710866,0.5050709939148073,0.761510710259301,5.001014198782961,21.91111111111111,10.720327984663781,0.47565922920892495,0.5243407707910751,2.72938689217759,5.177777777777778,1.088235294117647
psychographed,humberto_de_campos,crônicas_de_além_túmulo__1937,psychographed_humberto_de_campos_crônicas_de_além_túmulo__1937_012,1000,963,54,75.56862478689713,0.007564717845091677,0.553478712357217,0.7908449074074073,4.924195223260644,17.833333333333332,17.65696798769592,0.4620976116303219,0.5285565939771547,3.0976138828633406,3.8333333333333335,1.0944963655244029
psychographed,humberto_de_campos,crônicas_de_além_túmulo__1937,psychographed_humberto_de_campos_crônicas_de_além_túmulo__1937_013,1000,954,79,67.1782498055193,0.006724874114844219,0.5775681341719078,0.7980233918128654,5.09853249475891,12.075949367088608,10.757125577075906,0.4350104821802935,0.5010482180293501,2.452300785634119,3.329113924050633,1.1247379454926625
psychographed,humberto_de_campos,crônicas_de_além_túmulo__1937,psychographed_humberto_de_campos_crônicas_de_além_túmulo__1937_014,1000,975,58,89.58316896778435,0.008967514347391145,0.5343589743589744,0.7644178082191782,4.912820512820513,16.810344827586206,12.353216664094393,0.4717948717948718,0.5241025641025641,2.675704989154013,4.293103448275862,1.0964102564102565
psychographed,humberto_de_campos,crônicas_de_além_túmulo__1937,psychographed_humberto_de_campos_crônicas_de_além_túmulo__1937_015,1000,955,58,91.88344617746225,0.009197976006234428,0.5204188481675392,0.7542757009345794,4.795811518324608,16.46551724137931,12.572843638026143,0.4649214659685864,0.5214659685863874,2.579933847850055,4.120689655172414,1.0649214659685864
psychographed,humberto_de_campos,crônicas_de_além_túmulo__1937,psychographed_humberto_de_campos_crônicas_de_além_túmulo__1937_016,1000,961,51,77.1612123600871,0.007724158862296219,0.5088449531737773,0.774802784222738,4.965660770031217,18.84313725490196,15.649810559549548,0.4911550468262227,0.5400624349635796,2.7097826086956522,4.176470588235294,1.0998959417273673
psychographed,humberto_de_campos,crônicas_de_além_túmulo__1937,psychographed_humberto_de_campos_crônicas_de_além_túmulo__1937_017,1000,959,52,87.4868568558011,0.008757817925335412,0.5088633993743483,0.7623372093023256,5.217935349322211,18.442307692307693,12.018276885225305,0.47340980187695514,0.5380604796663191,2.731521739130435,4.211538461538462,1.0907194994786236
psychographed,humberto_de_campos,crônicas_de_além_túmulo__1937,psychographed_humberto_de_campos_crônicas_de_além_túmulo__1937_018,1000,983,46,96.38938247253151,0.00964875386664954,0.5228891149542217,0.7583031674208144,4.942014242115971,21.369565217391305,13.135346763354699,0.46083418107833163,0.5005086469989827,2.6220806794055203,4.739130434782608,1.0651068158697863
psychographed,humberto_de_campos,crônicas_de_além_túmulo__1937,psychographed_humberto_de_campos_crônicas_de_além_túmulo__1937_019,1000,992,38,89.9331750780437,0.009002392500244132,0.5393145161290323,0.7702127659574468,4.970766129032258,26.105263157894736,17.141500078194667,0.4405241935483871,0.4959677419354839,2.954022988505747,5.2105263157894735,1.0846774193548387
psychographed,humberto_de_campos,crônicas_de_além_túmulo__1937,psychographed_humberto_de_campos_crônicas_de_além_túmulo__1937_020,1000,973,46,96.01480465898901,0.009611358532221842,0.4789311408016444,0.7426544622425629,4.723535457348407,21.152173913043477,16.785044315264898,0.4892086330935252,0.5354573484069887,2.6866310160427807,4.586956521739131,1.066803699897225
psychographed,humberto_de_campos,crônicas_de_além_túmulo__1937,psychographed_humberto_de_campos_crônicas_de_além_túmulo__1937_021,1000,985,49,95.17379989177768,0.00952705212331311,0.5370558375634518,0.7638148984198646,5.293401015228427,20.102040816326532,9.788049560684481,0.4517766497461929,0.500507614213198,2.547872340425532,4.959183673469388,1.0609137055837563
psychographed,humberto_de_campos,crônicas_de_além_túmulo__1937,psychographed_humberto_de_campos_crônicas_de_além_túmulo__1937_022,1000,956,60,75.23502739797972,0.007531380753138075,0.547071129707113,0.7992998833138857,5.169456066945607,15.933333333333334,12.131043740017683,0.4581589958158996,0.5156903765690377,2.57649667405765,3.8,1.1182008368200838
psychographed,humberto_de_campos,crônicas_de_além_túmulo__1937,psychographed_humberto_de_campos_crônicas_de_além_túmulo__1937_023,1000,982,31,92.4378113580083,0.009253203950414287,0.4959266802443992,0.766647791619479,5.069246435845214,31.677419354838708,17.932466675898382,0.4663951120162933,0.5132382892057027,2.8698845750262327,6.0,1.0682281059063137
psychographed,humberto_de_campos,crônicas_de_além_túmulo__1937,psychographed_humberto_de_campos_crônicas_de_além_túmulo__1937_024,1000,972,44,98.2446781486562,0.009834585701389684,0.4742798353909465,0.7477892325315006,4.948559670781893,22.09090909090909,14.007819539973479,0.4732510288065844,0.5092592592592593,2.862619808306709,4.954545454545454,1.0946502057613168
psychographed,humberto_de_campos,crônicas_de_além_túmulo__1937,psychographed_humberto_de_campos_crônicas_de_além_túmulo__1937_025,1000,975,40,81.84089414858646,0.008192491970726056,0.5333333333333333,0.7843150684931506,5.075897435897436,24.375,18.192975979756582,0.4564102564102564,0.5097435897435898,2.9170212765957446,4.925,1.0923076923076922
psychographed,humberto_de_campos,crônicas_de_além_túmulo__1937,psychographed_humberto_de_campos_crônicas_de_além_túmulo__1937_026,1000,970,45,84.38728876607503,0.008447437575138574,0.5278350515463918,0.766211251435132,5.061855670103093,21.555555555555557,15.798108966378864,0.46804123711340206,0.5154639175257731,2.9775160599571735,4.466666666666667,1.0948453608247424
psychographed,humberto_de_campos,crônicas_de_além_túmulo__1937,psychographed_humberto_de_campos_crônicas_de_além_túmulo__1937_027,1000,971,46,81.6256399541386,0.008170979009842122,0.533470648815654,0.7943004587155963,5.3841400617919675,21.108695652173914,12.429327626834787,0.4428424304840371,0.490216271884655,2.840300107181136,4.413043478260869,1.0968074150360454
psychographed,humberto_de_campos,crônicas_de_além_túmulo__1937,psychographed_humberto_de_campos_crônicas_de_além_túmulo__1937_028,1000,962,46,94.07376351243295,0.009417165504574453,0.5311850311850311,0.7709733487833139,5.168399168399168,20.91304347826087,14.488115199762454,0.45114345114345117,0.4875259875259875,2.7829373650107994,4.760869565217392,1.0956340956340955
psychographed,humberto_de_campos,crônicas_de_além_túmulo__1937,psychographed_humberto_de_campos_crônicas_de_além_túmulo__1937_029,1000,959,59,87.37812350151846,0.008746933239870167,0.5203336809176226,0.7696162790697676,5.002085505735141,16.25423728813559,14.208607107795414,0.48175182481751827,0.5307612095933264,2.8530701754385963,3.8813559322033897,1.086548488008342
psychographed,humberto_de_campos,crônicas_de_além_túmulo__1937,psychographed_humberto_de_campos_crônicas_de_além_túmulo__1937_030,1000,974,57,70.60366236734143,0.007067622522691732,0.5646817248459959,0.7952571428571428,5.15605749486653,17.087719298245613,10.418069157662474,0.4404517453798768,0.5082135523613963,2.5829741379310347,4.315789473684211,1.0841889117043122
psychographed,humberto_de_campos,crônicas_de_além_túmulo__1937,psychographed_humberto_de_campos_crônicas_de_além_túmulo__1937_031,1000,970,48,92.33712403018387,0.009243241517985381,0.5329896907216495,0.7786337543053962,5.210309278350516,20.208333333333332,16.68202417440868,0.45670103092783504,0.5020618556701031,2.8085561497326204,4.166666666666667,1.092783505154639
psychographed,humberto_de_campos,crônicas_de_além_túmulo__1937,psychographed_humberto_de_campos_crônicas_de_além_túmulo__1937_032,1000,978,41,92.61001752250952,0.00927048077144466,0.49795501022494887,0.7606484641638226,4.896728016359918,23.853658536585368,15.510124113937456,0.4815950920245399,0.5296523517382413,2.719873150105708,5.097560975609756,1.0828220858895705
psychographed,humberto_de_campos,crônicas_de_além_túmulo__1937,psychographed_humberto_de_campos_crônicas_de_além_túmulo__1937_033,1000,958,49,83.02788080595883,0.008311463930209881,0.5323590814196242,0.7782654249126891,5.034446764091858,19.551020408163264,14.334290589836291,0.47286012526096033,0.5386221294363257,2.953362255965293,4.489795918367347,1.1263048016701462
psychographed,humberto_de_campos,crônicas_de_além_túmulo__1937,psychographed_humberto_de_campos_crônicas_de_além_túmulo__1937_034,1000,982,43,110.46079948233167,0.011057339968567757,0.5040733197556008,0.7537032842582106,5.172097759674134,22.837209302325583,17.981812817733548,0.4531568228105906,0.5162932790224033,2.6599362380446334,4.674418604651163,1.089613034623218
psychographed,humberto_de_campos,crônicas_de_além_túmulo__1937,psychographed_humberto_de_campos_crônicas_de_além_túmulo__1937_035,1000,958,49,88.25798353389324,0.008835020713215227,0.4968684759916493,0.7643189755529685,4.916492693110647,19.551020408163264,10.874161894966933,0.477035490605428,0.5198329853862212,2.462719298245614,4.877551020408164,1.1012526096033404
psychographed,humberto_de_campos,crônicas_de_além_túmulo__1937,psychographed_humberto_de_campos_crônicas_de_além_túmulo__1937_036,1000,984,35,93.34308282107212,0.009343804017897759,0.5538617886178862,0.7773672316384181,5.121951219512195,28.114285714285714,19.490322035852163,0.45426829268292684,0.5101626016260162,2.8350840336134455,5.114285714285714,1.0863821138211383
psychographed,humberto_de_campos,crônicas_de_além_túmulo__1937,psychographed_humberto_de_campos_crônicas_de_além_túmulo__1937_037,1000,970,35,77.26644701881177,0.0077346185354228505,0.5371134020618556,0.7871067738231918,5.31340206185567,27.714285714285715,16.368212099888577,0.46494845360824744,0.5144329896907216,2.8276595744680852,5.485714285714286,1.1123711340206186
psychographed,humberto_de_campos,crônicas_de_além_túmulo__1937,psychographed_humberto_de_campos_crônicas_de_além_túmulo__1937_038,1000,981,39,92.14837259614636,0.009224240154777507,0.5127420998980632,0.7591383219954648,4.739041794087665,25.153846153846153,17.010612768079877,0.4801223241590214,0.5229357798165137,2.9022082018927446,5.384615384615385,1.0856269113149848
psychographed,humberto_de_campos,crônicas_de_além_túmulo__1937,psychographed_humberto_de_campos_crônicas_de_além_túmulo__1937_039,1000,977,52,79.8509002869478,0.007993271473396311,0.5301944728761515,0.7752961275626424,4.8311156601842375,18.78846153846154,11.645957599200113,0.481064483111566,0.5465711361310133,2.715823466092573,4.5,1.105424769703173
psychographed,humberto_de_campos,crônicas_de_além_túmulo__1937,psychographed_humberto_de_campos_crônicas_de_além_túmulo__1937_040,1000,965,46,87.64799055008189,0.008773891170210478,0.5202072538860104,0.7610739030023096,4.66321243523316,20.97826086956522,21.45520017074485,0.47253886010362695,0.5305699481865285,3.3840345199568502,4.478260869565218,1.133678756476684
psychographed,humberto_de_campos,crônicas_de_além_túmulo__1937,psychographed_humberto_de_campos_crônicas_de_além_túmulo__1937_041,507,488,16,95.32047836603064,0.009551620830107382,0.5819672131147541,0.7699485861182519,4.872950819672131,30.5,31.894356867634123,0.4918032786885246,0.5409836065573771,3.6380753138075312,5.1875,1.0901639344262295
psychographed,humberto_de_campos,novas_mensagens__1935,psychographed_humberto_de_campos_novas_mensagens__1935_000,1000,953,44,97.81889410917532,0.009792164504836562,0.5120671563483735,0.7576346604215456,5.12591815320042,21.65909090909091,17.00927979585126,0.45120671563483733,0.5036726128016789,2.690889370932755,4.568181818181818,1.0786988457502624
psychographed,humberto_de_campos,novas_mensagens__1935,psychographed_humberto_de_campos_novas_mensagens__1935_001,1000,946,59,84.34311153225553,0.008443236350213094,0.5391120507399577,0.7736953955135772,5.049682875264271,16.033898305084747,12.56166633350862,0.45560253699788583,0.5264270613107822,2.778642936596218,4.0,1.0570824524312896
psychographed,humberto_de_campos,novas_mensagens__1935,psychographed_humberto_de_campos_novas_mensagens__1935_002,1000,959,54,92.57557783622799,0.009267221205108835,0.5474452554744526,0.7729883720930232,5.204379562043796,17.75925925925926,11.03518813745742,0.4556830031282586,0.5224191866527633,2.515846994535519,4.611111111111111,1.0646506777893638
psychographed,humberto_de_campos,novas_mensagens__1935,psychographed_humberto_de_campos_novas_mensagens__1935_003,1000,957,48,87.26329340317017,0.008735457299878019,0.5538140020898642,0.777972027972028,5.0292580982236155,19.9375,15.662330406104962,0.4587251828631139,0.5057471264367817,2.6923913043478263,4.625,1.0700104493207943
psychographed,humberto_de_campos,novas_mensagens__1935,psychographed_humberto_de_campos_novas_mensagens__1935_004,1000,954,52,70.93601255224608,0.007101044698304593,0.5576519916142557,0.7973333333333333,4.977987421383648,18.346153846153847,15.81489635582738,0.4412997903563941,0.5094339622641509,2.7598684210526314,4.076923076923077,1.1058700209643606
psychographed,humberto_de_campos,novas_mensagens__1935,psychographed_humberto_de_campos_novas_mensagens__1935_005,1000,964,52,80.62016838553055,0.008070388610971075,0.520746887966805,0.7780924855491329,5.035269709543568,18.53846153846154,16.65886405128783,0.4533195020746888,0.5300829875518672,2.8196544276457884,4.288461538461538,1.0601659751037344
psychographed,humberto_de_campos,novas_mensagens__1935,psychographed_humberto_de_campos_novas_mensagens__1935_006,1000,951,73,83.43644025161406,0.008352426808345786,0.5247108307045215,0.7955985915492958,5.103049421661409,13.027397260273972,11.407727016873228,0.46898002103049424,0.5320715036803365,2.583705357142857,3.3835616438356166,1.0672975814931651
psychographed,humberto_de_campos,novas_mensagens__1935,psychographed_humberto_de_campos_novas_mensagens__1935_007,1000,943,68,83.75606832282072,0.008384498134651797,0.5365853658536586,0.7717298578199052,5.042417815482502,13.867647058823529,11.424823864988939,0.4623541887592789,0.5249204665959704,2.5540691192865106,3.6176470588235294,1.058324496288441
psychographed,humberto_de_campos,novas_mensagens__1935,psychographed_humberto_de_campos_novas_mensagens__1935_008,1000,944,52,80.63864550416547,0.008072415838380934,0.5307203389830508,0.7759644970414202,4.94385593220339,18.153846153846153,12.559680017029793,0.4576271186440678,0.5201271186440678,2.7101769911504423,4.365384615384615,1.1016949152542372
psychographed,humberto_de_campos,novas_mensagens__1935,psychographed_humberto_de_campos_novas_mensagens__1935_009,1000,958,50,84.27003020384325,0.00843580866617365,0.5605427974947808,0.789732246798603,5.035490605427975,19.16,12.71276523813761,0.44258872651356995,0.5010438413361169,2.7198697068403908,4.54,1.0887265135699373
psychographed,humberto_de_campos,novas_mensagens__1935,psychographed_humberto_de_campos_novas_mensagens__1935_010,1000,959,43,75.04776112586865,0.007512609908111485,0.5380604796663191,0.804767441860465,5.311783107403546,22.302325581395348,16.61259662679782,0.43274244004171014,0.4880083420229406,2.7257019438444923,4.465116279069767,1.0615224191866528
psychographed,humberto_de_campos,novas_mensagens__1935,psychographed_humberto_de_campos_novas_mensagens__1935_011,1000,952,52,81.47376597697902,0.008155943765518826,0.5546218487394958,0.7855451348182884,4.9789915966386555,18.307692307692307,13.008190410332995,0.44432773109243695,0.523109243697479,2.659714599341383,4.173076923076923,1.0798319327731092
psychographed,humberto_de_campos,novas_mensagens__1935,psychographed_humberto_de_campos_novas_mensagens__1935_012,1000,960,51,108.07291666666667,0.010818561001042754,0.5427083333333333,0.7664343786295007,4.722916666666666,18.823529411764707,12.805798138914463,0.4552083333333333,0.5375,2.66448087431694,4.568627450980392,1.0885416666666667
psychographed,humberto_de_campos,novas_mensagens__1935,psychographed_humberto_de_campos_novas_mensagens__1935_013,1000,951,64,95.82032748747514,0.009592119099009352,0.5436382754994742,0.7662676056338029,4.83596214511041,14.859375,11.409791830238403,0.4458464773922187,0.5152471083070452,2.630580357142857,4.203125,1.0799158780231335
psychographed,humberto_de_campos,novas_mensagens__1935,psychographed_humberto_de_campos_novas_mensagens__1935_014,1000,966,61,79.72943430680401,0.007981205548225147,0.5507246376811594,0.7727566320645906,4.628364389233955,15.836065573770492,15.874694088049154,0.4492753623188406,0.520703933747412,2.6772777167947313,3.9836065573770494,1.1055900621118013
psychographed,humberto_de_campos,novas_mensagens__1935,psychographed_humberto_de_campos_novas_mensagens__1935_015,1000,964,41,93.51164752672992,0.009360875204129556,0.5518672199170125,0.7643121387283237,5.064315352697095,23.51219512195122,13.06479527850492,0.4408713692946058,0.49896265560165975,2.7513455328310013,5.487804878048781,1.0829875518672198
psychographed,humberto_de_campos,novas_mensagens__1935,psychographed_humberto_de_campos_novas_mensagens__1935_016,1000,967,45,79.75711402871812,0.007983967832895488,0.5263702171664943,0.7833179723502305,4.90899689762151,21.488888888888887,13.65710596026393,0.4674250258531541,0.516028955532575,2.7130528586839264,4.955555555555556,1.1023784901758014
psychographed,humberto_de_campos,novas_mensagens__1935,psychographed_humberto_de_campos_novas_mensagens__1935_017,1000,974,41,107.70800568371077,0.01078187025035296,0.5123203285420944,0.75872,4.924024640657084,23.75609756097561,17.323015126231706,0.4681724845995893,0.5256673511293635,2.9402347918890075,4.7560975609756095,1.0924024640657084
psychographed,humberto_de_campos,novas_mensagens__1935,psychographed_humberto_de_campos_novas_mensagens__1935_018,1000,966,48,105.98442275460908,0.010609425117197138,0.4865424430641822,0.7486966551326413,4.918219461697722,20.125,17.135033557014122,0.4906832298136646,0.5362318840579711,2.7913978494623657,4.0625,1.0693581780538302
psychographed,humberto_de_campos,novas_mensagens__1935,psychographed_humberto_de_campos_novas_mensagens__1935_019,1000,972,33,96.31831191044725,0.009641750687636945,0.5164609053497943,0.7616838487972509,4.901234567901234,29.454545454545453,18.840785721714745,0.47530864197530864,0.5082304526748971,2.9459172852598092,5.515151515151516,1.0771604938271604
psychographed,humberto_de_campos,novas_mensagens__1935,psychographed_humberto_de_campos_novas_mensagens__1935_020,1000,964,23,98.69836951843115,0.009880086003714188,0.5549792531120332,0.7878959537572254,5.187759336099585,41.91304347826087,22.87568111312566,0.4346473029045643,0.4896265560165975,3.2616525423728815,7.130434782608695,1.0943983402489628
psychographed,humberto_de_campos,novas_mensagens__1935,psychographed_humberto_de_campos_novas_mensagens__1935_021,1000,964,32,87.98057884678295,0.008807193978016485,0.5819502074688797,0.7892138728323699,5.3879668049792535,30.125,18.016919131749468,0.4336099585062241,0.47614107883817425,3.0106837606837606,6.3125,1.103734439834025
psychographed,humberto_de_campos,novas_mensagens__1935,psychographed_humberto_de_campos_novas_mensagens__1935_022,1000,973,33,78.90325531382264,0.007898443150241711,0.5580678314491264,0.7942105263157896,5.054470709146968,29.484848484848484,17.13780370660529,0.4450154162384378,0.5087358684480987,3.014830508474576,5.787878787878788,1.1079136690647482
psychographed,humberto_de_campos,novas_mensagens__1935,psychographed_humberto_de_campos_novas_mensagens__1935_023,1000,968,31,92.88982992964961,0.009298588973309289,0.5485537190082644,0.7902991944764096,5.075413223140496,31.225806451612904,20.63931368798212,0.4452479338842975,0.5,2.902023429179979,5.645161290322581,1.0816115702479339
psychographed,humberto_de_campos,novas_mensagens__1935,psychographed_humberto_de_campos_novas_mensagens__1935_024,1000,962,24,86.293714152342,0.00863835099006795,0.5540540540540541,0.7756431054461181,5.0644490644490645,40.083333333333336,25.0813952739653,0.45114345114345117,0.5,3.4313099041533546,6.458333333333333,1.0977130977130978
psychographed,humberto_de_campos,novas_mensagens__1935,psychographed_humberto_de_campos_novas_mensagens__1935_025,1000,958,32,84.70587209783778,0.008479438398090762,0.5542797494780793,0.7849010477299185,5.008350730688935,29.9375,16.714397798006363,0.4509394572025052,0.5219206680584552,2.8851931330472103,6.21875,1.0960334029227556
psychographed,humberto_de_campos,novas_mensagens__1935,psychographed_humberto_de_campos_novas_mensagens__1935_026,1000,952,33,91.42627639291011,0.00915224133817565,0.5577731092436975,0.8017116060961312,4.957983193277311,28.848484848484848,18.73761605114358,0.45588235294117646,0.5063025210084033,2.801081081081081,5.9393939393939394,1.0724789915966386
psychographed,humberto_de_campos,novas_mensagens__1935,psychographed_humberto_de_campos_novas_mensagens__1935_027,1000,950,67,102.6038781163435,0.010271199600687704,0.48947368421052634,0.7413278495887191,4.527368421052632,14.17910447761194,15.286249184264033,0.4884210526315789,0.5736842105263158,3.0489432703003336,3.388059701492537,1.1147368421052632
psychographed,humberto_de_campos,novas_mensagens__1935,psychographed_humberto_de_campos_novas_mensagens__1935_028,1000,960,32,76.04166666666667,0.007612095933263816,0.5645833333333333,0.8054936120789778,5.413541666666666,30.0,24.407990494917847,0.41041666666666665,0.46875,2.9226638023630507,5.375,1.103125
psychographed,humberto_de_campos,novas_mensagens__1935,psychographed_humberto_de_campos_novas_mensagens__1935_029,1206,1158,42,74.51355890240156,0.007457796128693258,0.5474956822107081,0.791643059490085,5.194300518134715,27.571428571428573,19.530370558431805,0.42573402417962003,0.4792746113989637,2.9579230080572962,5.5,1.0967184801381693
psychographed,humberto_de_campos,pontos_e_contos,psychographed_humberto_de_campos_pontos_e_contos_000,1000,928,122,99.95541022592153,0.010006323698991928,0.5625,0.7676960193003618,4.982758620689655,7.60655737704918,7.997496920962599,0.4224137931034483,0.4816810344827586,2.2680538555691556,2.3688524590163933,1.0560344827586208
psychographed,humberto_de_campos,pontos_e_contos,psychographed_humberto_de_campos_pontos_e_contos_001,1000,953,65,92.79802336246392,0.009289550027776063,0.5739769150052466,0.763559718969555,5.269674711437566,14.661538461538461,14.770320472620263,0.4323189926547744,0.47639034627492133,2.9320712694877504,3.3846153846153846,1.131164742917104
psychographed,humberto_de_campos,pontos_e_contos,psychographed_humberto_de_campos_pontos_e_contos_002,1000,937,99,89.22866297101606,0.008932399273914749,0.5624332977588047,0.773926014319809,5.112059765208111,9.464646464646465,7.212941695682545,0.4215581643543223,0.5016008537886874,2.40046565774156,2.878787878787879,1.0981856990394878
psychographed,humberto_de_campos,pontos_e_contos,psychographed_humberto_de_campos_pontos_e_contos_003,1000,949,79,72.0407816558054,0.007211677404151828,0.5827186512118019,0.8108235294117647,5.469968387776607,12.012658227848101,7.934053620809186,0.41412012644889357,0.45626975763962063,2.415244596131968,3.8227848101265822,1.1390937829293994
psychographed,humberto_de_campos,pontos_e_contos,psychographed_humberto_de_campos_pontos_e_contos_004,1000,943,56,76.289093381044,0.007637007967975,0.584305408271474,0.8018838862559242,5.088016967126193,16.839285714285715,11.968376166432291,0.42948038176033937,0.47295864262990456,2.693854748603352,4.089285714285714,1.1102863202545068
psychographed,humberto_de_campos,pontos_e_contos,psychographed_humberto_de_campos_pontos_e_contos_005,1000,958,63,82.04723654447113,0.008213297033396379,0.6002087682672234,0.8006635622817229,5.391440501043841,15.206349206349206,10.207620449602068,0.42171189979123175,0.4697286012526096,2.5204419889502763,3.9047619047619047,1.0970772442588725
psychographed,humberto_de_campos,pontos_e_contos,psychographed_humberto_de_campos_pontos_e_contos_006,1000,956,68,68.77943313317344,0.006885145348200399,0.602510460251046,0.8191831971995333,5.304393305439331,14.058823529411764,8.507578547011132,0.39748953974895396,0.4497907949790795,2.3924191750278707,4.132352941176471,1.106694560669456
psychographed,humberto_de_campos,pontos_e_contos,psychographed_humberto_de_campos_pontos_e_contos_007,1000,940,72,71.50294250792214,0.007157909047651417,0.5585106382978723,0.7962901307966707,5.3319148936170215,13.055555555555555,9.613198231957643,0.4117021276595745,0.4787234042553192,2.5045558086560367,3.5972222222222223,1.1212765957446809
psychographed,humberto_de_campos,pontos_e_contos,psychographed_humberto_de_campos_pontos_e_contos_008,1000,949,59,117.54372913199074,0.011766772040744644,0.559536354056902,0.7480823529411763,5.165437302423604,16.084745762711865,10.838237607050734,0.4214963119072708,0.5100105374077977,2.5276548672566372,4.135593220338983,1.1022128556375133
psychographed,humberto_de_campos,pontos_e_contos,psychographed_humberto_de_campos_pontos_e_contos_009,1000,955,63,75.32688248677394,0.007540584148309131,0.5801047120418849,0.8081892523364486,5.339267015706806,15.158730158730158,9.146438892774016,0.40104712041884816,0.4544502617801047,2.425905598243688,4.190476190476191,1.0544502617801048
psychographed,humberto_de_campos,pontos_e_contos,psychographed_humberto_de_campos_pontos_e_contos_010,1000,940,72,97.80443639655952,0.009790859447578909,0.5563829787234043,0.7765041617122472,5.157446808510638,13.055555555555555,8.392935006580913,0.4372340425531915,0.475531914893617,2.476244343891403,3.861111111111111,1.0925531914893618
psychographed,humberto_de_campos,pontos_e_contos,psychographed_humberto_de_campos_pontos_e_contos_011,1000,955,72,65.5245196129492,0.0065593203595772,0.5654450261780105,0.8174299065420562,5.441884816753927,13.26388888888889,8.89755436990593,0.39790575916230364,0.4900523560209424,2.547169811320755,3.4444444444444446,1.1162303664921467
psychographed,humberto_de_campos,pontos_e_contos,psychographed_humberto_de_campos_pontos_e_contos_012,1000,969,51,83.11314314439045,0.008319900382945698,0.5923632610939112,0.7838735632183909,5.135190918472652,19.0,13.665471014173486,0.43859649122807015,0.49122807017543857,2.644637053087757,4.470588235294118,1.105263157894737
psychographed,humberto_de_campos,pontos_e_contos,psychographed_humberto_de_campos_pontos_e_contos_013,1000,968,69,92.3348814971655,0.009243036741391542,0.5640495867768595,0.7825661680092061,5.292355371900826,14.028985507246377,7.89233900138821,0.41735537190082644,0.4793388429752066,2.484682713347921,3.8260869565217392,1.0764462809917354
psychographed,humberto_de_campos,pontos_e_contos,psychographed_humberto_de_campos_pontos_e_contos_014,1000,970,67,84.34477627803167,0.00844318193908057,0.5309278350515464,0.783524684270953,5.179381443298969,14.477611940298507,10.522695030983332,0.44329896907216493,0.4979381443298969,2.5373626373626372,3.8358208955223883,1.081443298969072
psychographed,humberto_de_campos,pontos_e_contos,psychographed_humberto_de_campos_pontos_e_contos_015,1000,960,69,77.34375,0.007742440041710115,0.5677083333333334,0.8016260162601626,5.383333333333334,13.91304347826087,10.914342552162074,0.3875,0.4552083333333333,2.7444444444444445,3.7246376811594204,1.10625
psychographed,humberto_de_campos,pontos_e_contos,psychographed_humberto_de_campos_pontos_e_contos_016,1000,959,67,91.40125760997563,0.0091496666020842,0.5516162669447341,0.7844651162790698,5.1616266944734095,14.313432835820896,11.191960007641788,0.43899895724713245,0.4869655891553702,2.4642464246424645,3.8507462686567164,1.067778936392075
psychographed,humberto_de_campos,pontos_e_contos,psychographed_humberto_de_campos_pontos_e_contos_017,1000,952,85,85.33560483016736,0.008542533732735997,0.5567226890756303,0.7990386869871043,5.1649159663865545,11.2,9.735079080617801,0.41911764705882354,0.49054621848739494,2.6262740656851644,3.2588235294117647,1.1081932773109244
psychographed,humberto_de_campos,pontos_e_contos,psychographed_humberto_de_campos_pontos_e_contos_018,1000,958,76,88.80278590138641,0.008889557878111617,0.545929018789144,0.7839348079161815,5.284968684759916,12.605263157894736,8.0017743877093,0.4164926931106472,0.4759916492693111,2.474033149171271,3.789473684210526,1.0991649269311066
psychographed,humberto_de_campos,pontos_e_contos,psychographed_humberto_de_campos_pontos_e_contos_019,1000,957,80,64.66131425595268,0.006472895161396099,0.5778474399164054,0.8071911421911421,5.355276907001045,11.9625,6.116460884367691,0.4200626959247649,0.48066875653082547,2.330347144456887,3.675,1.0721003134796239
psychographed,humberto_de_campos,pontos_e_contos,psychographed_humberto_de_campos_pontos_e_contos_020,1000,948,66,73.70613683704535,0.007378396802694719,0.5907172995780591,0.8115665488810365,5.277426160337553,14.363636363636363,10.474552660783473,0.40822784810126583,0.4651898734177215,2.4943946188340806,3.9696969696969697,1.1012658227848102
psychographed,humberto_de_campos,pontos_e_contos,psychographed_humberto_de_campos_pontos_e_contos_021,1000,949,74,65.93374868559995,0.006600329905341176,0.565858798735511,0.8107058823529412,5.23709167544784,12.824324324324325,8.896337096392626,0.40042149631190727,0.47418335089567965,2.3959276018099547,3.554054054054054,1.125395152792413
psychographed,humberto_de_campos,pontos_e_contos,psychographed_humberto_de_campos_pontos_e_contos_022,1000,951,80,86.37761347013105,0.008646853727378383,0.5783385909568874,0.7890023474178404,5.409043112513144,11.8875,7.41618795271533,0.4037854889589905,0.46267087276551,2.391206313416009,3.7,1.085173501577287
psychographed,humberto_de_campos,pontos_e_contos,psychographed_humberto_de_campos_pontos_e_contos_023,1000,1012,70,73.50528831883017,0.007357799384634631,0.5691699604743083,0.7920043811610077,5.379446640316205,14.457142857142857,10.309060805615493,0.41205533596837945,0.48023715415019763,2.4147368421052633,4.057142857142857,1.0800395256916997
psychographed,humberto_de_campos,pontos_e_contos,psychographed_humberto_de_campos_pontos_e_contos_024,1000,982,51,85.4691991488338,0.008555632371473474,0.5325865580448065,0.7747338618346546,5.1680244399185336,19.254901960784313,13.703932650463063,0.45621181262729127,0.4969450101832994,3.023454157782516,4.549019607843137,1.1038696537678208
psychographed,humberto_de_campos,pontos_e_contos,psychographed_humberto_de_campos_pontos_e_contos_025,1000,967,61,80.5484825508588,0.008063186607316817,0.5480868665977249,0.7929032258064517,5.3205791106515,15.852459016393443,12.104512186152478,0.4301964839710445,0.47983453981385726,2.525,3.9836065573770494,1.0827300930713548
psychographed,humberto_de_campos,pontos_e_contos,psychographed_humberto_de_campos_pontos_e_contos_026,1000,940,66,72.9062924400181,0.0072983934923979785,0.5861702127659575,0.8054458977407849,5.456382978723404,14.242424242424242,9.756211084694165,0.425531914893617,0.4765957446808511,2.640625,3.772727272727273,1.0808510638297872
psychographed,humberto_de_campos,pontos_e_contos,psychographed_humberto_de_campos_pontos_e_contos_027,1000,960,65,89.34461805555556,0.008943778241223497,0.5677083333333334,0.7873519163763066,5.29375,14.76923076923077,11.235615392778353,0.428125,0.50625,2.5055066079295156,4.138461538461539,1.0760416666666666
psychographed,humberto_de_campos,pontos_e_contos,psychographed_humberto_de_campos_pontos_e_contos_028,1000,946,71,73.77228700794265,0.007385035292012036,0.5634249471458774,0.8029043683589138,5.254756871035941,13.32394366197183,9.544225668039278,0.42389006342494717,0.4809725158562368,2.56369785794814,3.788732394366197,1.1268498942917549
psychographed,humberto_de_campos,pontos_e_contos,psychographed_humberto_de_campos_pontos_e_contos_029,1000,945,56,92.96492259455222,0.009306340238543629,0.5555555555555556,0.7661938534278959,4.886772486772487,16.875,15.529996895409496,0.45291005291005293,0.5164021164021164,2.9821627647714606,4.017857142857143,1.1291005291005292
psychographed,humberto_de_campos,pontos_e_contos,psychographed_humberto_de_campos_pontos_e_contos_030,1000,937,73,79.34220912127877,0.007942697643871604,0.5560298826040555,0.803162291169451,5.316969050160085,12.835616438356164,7.350358669154128,0.39701173959445035,0.4599786552828175,2.401368301026226,3.671232876712329,1.1152614727854855
psychographed,humberto_de_campos,pontos_e_contos,psychographed_humberto_de_campos_pontos_e_contos_031,1000,934,74,74.53379125036109,0.007461367741461657,0.5578158458244111,0.7981916167664671,5.143468950749464,12.621621621621621,8.582985530314412,0.39828693790149894,0.45289079229122053,2.5011494252873563,3.6486486486486487,1.1466809421841542
psychographed,humberto_de_campos,pontos_e_contos,psychographed_humberto_de_campos_pontos_e_contos_032,1000,948,77,81.76218198650501,0.008184852008786351,0.5727848101265823,0.7827326266195523,5.2141350210970465,12.311688311688311,8.986656400102305,0.4272151898734177,0.479957805907173,2.4134078212290504,3.4415584415584415,1.0791139240506329
psychographed,humberto_de_campos,pontos_e_contos,psychographed_humberto_de_campos_pontos_e_contos_033,1000,957,65,74.09518381305215,0.007417268923545074,0.5945663531870429,0.8132517482517483,5.435736677115988,14.723076923076922,10.201821394403726,0.41379310344827586,0.4670846394984326,2.497261774370208,3.9692307692307693,1.0773249738766981
psychographed,humberto_de_campos,pontos_e_contos,psychographed_humberto_de_campos_pontos_e_contos_034,1000,960,64,76.171875,0.0076251303441084465,0.5802083333333333,0.8030429732868758,5.365625,15.0,9.390819985496474,0.41875,0.4739583333333333,2.524017467248908,4.125,1.08125
psychographed,humberto_de_campos,pontos_e_contos,psychographed_humberto_de_campos_pontos_e_contos_035,1000,969,58,79.66252059457209,0.007974481658692184,0.5737874097007224,0.803448275862069,5.402476780185759,16.70689655172414,11.195763701122287,0.42208462332301344,0.46852425180598556,2.6314655172413794,4.258620689655173,1.084623323013416
psychographed,humberto_de_campos,pontos_e_contos,psychographed_humberto_de_campos_pontos_e_contos_036,1000,955,79,70.52438255530276,0.007059830748460601,0.5916230366492147,0.8131892523364487,5.4157068062827225,12.08860759493671,7.529166701950827,0.41256544502617803,0.4816753926701571,2.403370786516854,3.430379746835443,1.1089005235602094
psychographed,humberto_de_campos,pontos_e_contos,psychographed_humberto_de_campos_pontos_e_contos_037,1000,949,82,66.62217785678675,0.006669245441570741,0.6027397260273972,0.8272588235294117,5.541622760800843,11.573170731707316,7.1942227631602185,0.39620653319283455,0.44362486828240255,2.3461104847801577,3.6341463414634148,1.088514225500527
psychographed,humberto_de_campos,pontos_e_contos,psychographed_humberto_de_campos_pontos_e_contos_038,1000,945,70,71.62173511379861,0.007169760559591068,0.5492063492063493,0.7943498817966903,5.362962962962963,13.5,9.477416766789808,0.41904761904761906,0.5005291005291005,2.360045146726862,3.857142857142857,1.1153439153439153
psychographed,humberto_de_campos,pontos_e_contos,psychographed_humberto_de_campos_pontos_e_contos_039,1000,964,78,75.64866307398289,0.007572721827966719,0.5601659751037344,0.806578034682081,5.257261410788382,12.35897435897436,7.762457909336085,0.3941908713692946,0.47199170124481327,2.3568232662192394,3.5256410256410255,1.0892116182572613
psychographed,humberto_de_campos,pontos_e_contos,psychographed_humberto_de_campos_pontos_e_contos_040,1000,939,95,78.86848560939345,0.007895256715055485,0.564430244941427,0.7966428571428572,5.173588924387646,9.884210526315789,6.772798780718331,0.40468583599574015,0.48136315228966986,2.311627906976744,3.1789473684210527,1.1118210862619808
psychographed,humberto_de_campos,pontos_e_contos,psychographed_humberto_de_campos_pontos_e_contos_041,1000,949,75,72.30727036723255,0.007238354385918111,0.5774499473129611,0.814364705882353,5.51422550052687,12.653333333333334,8.781030058534641,0.40569020021074814,0.48050579557428874,2.4971751412429377,3.7466666666666666,1.083245521601686
psychographed,humberto_de_campos,pontos_e_contos,psychographed_humberto_de_campos_pontos_e_contos_042,1000,949,71,78.36988855220014,0.007845255721101048,0.5795574288724974,0.7909999999999999,5.386722866174921,13.366197183098592,8.68094795339596,0.40990516332982085,0.46891464699683877,2.447544642857143,3.704225352112676,1.0969441517386722
psychographed,humberto_de_campos,pontos_e_contos,psychographed_humberto_de_campos_pontos_e_contos_043,1000,973,52,85.7478750518892,0.008583609303033764,0.5714285714285714,0.7810068649885584,5.340184994861254,18.71153846153846,23.12535782547403,0.41007194244604317,0.4686536485097636,3.7344753747323343,4.346153846153846,1.0739979445015417
psychographed,humberto_de_campos,pontos_e_contos,psychographed_humberto_de_campos_pontos_e_contos_044,1000,931,112,129.1936300779569,0.012933254795976115,0.5392051557465092,0.7366586538461538,4.9140708915145,8.3125,9.527245938809989,0.43501611170784105,0.5080558539205156,2.246706586826347,2.919642857142857,1.0698174006444683
psychographed,humberto_de_campos,pontos_e_contos,psychographed_humberto_de_campos_pontos_e_contos_045,1382,1333,113,98.81315039937779,0.009888733444622417,0.5333833458364591,0.766839546191248,5.158289572393098,11.79646017699115,11.72710293388207,0.42460615153788445,0.4748687171792948,2.764518695306285,3.327433628318584,1.0847711927981996
